id,nombre,frecuencia_mhz,frecuencia_original,modo,modo_original,banda,categoria,zona,notas,fuente,publicable,dispositivos
1,200,0.1357,"135,7 – 137,8",CW,"CW, QRSS y modos digitales de banda estr",Radioaficionado 2200 m,Radioaficionados,Madrid/Nacional,"CW, QRSS y modos digitales de banda estr",LaRadioCB (plan bandas URE/IARU),SI,Receptor HF
2,137 kHz (2.200 m),0.137,137 kHz (2.200 m),NFM,,Radioaficionado 2200 m,Radioaficionados,Madrid/Nacional,,LaRadioCB (plan bandas URE/IARU),SI,Receptor HF
3,Satélites Llamada CW MS sin cita previa,0.144,144.000 144.110,CW,Telegrafía (a) EME,Radioaficionados,Radioaficionados,Madrid/Nacional,Telegrafía (a) EME,LaRadioCB (plan bandas URE/IARU),SI,Receptor HF
4,"EME, MGM Centro de actividad PSK31",0.14411,144.110 144.150,CW,Telegrafía MGM,Radioaficionados,Radioaficionados,Madrid/Nacional,Telegrafía MGM,LaRadioCB (plan bandas URE/IARU),SI,Receptor HF
5,Segmento alternativo MGM Llamada alternativa MGM,0.14415,144.150 144.180,CW,"Telegrafía, SSB, MGM",Radioaficionados,Radioaficionados,Madrid/Nacional,"Telegrafía, SSB, MGM",LaRadioCB (plan bandas URE/IARU),SI,Receptor HF
6,MS SSB sin cita alternativa Llamada SSB,0.14418,144.180 144.360,CW,Telegrafía y SSB,Radioaficionados,Radioaficionados,Madrid/Nacional,Telegrafía y SSB,LaRadioCB (plan bandas URE/IARU),SI,Receptor HF
7,Llamada FSK441,0.14436,144.360 144.399,CW,"Telegrafía, SSB, MGM",Radioaficionados,Radioaficionados,Madrid/Nacional,"Telegrafía, SSB, MGM",LaRadioCB (plan bandas URE/IARU),SI,Receptor HF
8,Balizas WSPR,0.1444,144.400 144.491,CW,Telegrafía MGM,Radioaficionados,Radioaficionados,Madrid/Nacional,Telegrafía MGM,LaRadioCB (plan bandas URE/IARU),SI,Receptor HF
9,Llamada SSTV Llamada/respuesta ATV SSB Llamada RTTY Salida transpondedor lineal Entrada tr,0.1445,144.500 144.794,NFM,Todos los modos (b),Radioaficionados,Radioaficionados,Madrid/Nacional,Todos los modos (b),LaRadioCB (plan bandas URE/IARU),SI,Receptor HF
10,APRS DV – Pasarela de voz a Internet DV – Pasarela de voz a Internet DV – Pasarela de voz,0.144794,144.794 144.9695,CW,MGM (c) Comunicaciones digitales,Radioaficionados,Radioaficionados,Madrid/Nacional,MGM (c) Comunicaciones digitales,LaRadioCB (plan bandas URE/IARU),SI,Receptor HF
11,Entrada de repetidores DV Entrada de repetidores en exclusiva (d),0.144975,144.975 145.194,NFM,FM/Voz digital (DV),Radioaficionados,Radioaficionados,Madrid/Nacional,FM/Voz digital (DV),LaRadioCB (plan bandas URE/IARU),SI,Receptor HF
12,Comunicaciones espaciales (f),0.145194,145.194 145.206,NFM,FM/Voz digital (e),Radioaficionados,Radioaficionados,Madrid/Nacional,FM/Voz digital (e),LaRadioCB (plan bandas URE/IARU),SI,Receptor HF
13,Pasarela de voz a Internet en FM Pasarela de voz a Internet en FM RTTY local Pasarela de v,0.145206,145.206 145.5625,NFM,FM/Voz digital (e),Radioaficionados,Radioaficionados,Madrid/Nacional,FM/Voz digital (e),LaRadioCB (plan bandas URE/IARU),SI,Receptor HF
14,"Salida de repetidores de voz digital Salida de repetidores en exclusiva (d, g)",0.145575,145.5750 145.7935,NFM,FM/Voz digital,Radioaficionados,Radioaficionados,Madrid/Nacional,FM/Voz digital,LaRadioCB (plan bandas URE/IARU),SI,Receptor HF
15,Comunicaciones espaciales (f),0.145794,145.794 145.806,NFM,FM/Voz digital (e),Radioaficionados,Radioaficionados,Madrid/Nacional,FM/Voz digital (e),LaRadioCB (plan bandas URE/IARU),SI,Receptor HF
16,Todos los modos (h),0.145806,145.806 146.000,NFM,Todos los modos (h),Radioaficionados,Radioaficionados,Madrid/Nacional,Todos los modos (h),LaRadioCB (plan bandas URE/IARU),SI,Receptor HF
17,NDB Colmenar Viejo (ECV),0.319,0.319,AM,AM,Utilidad,Utilidad,Madrid / Sierra,"Radiofaro no direccional (319 kHz, CW 'ECV'). Objetivo clasico de escucha de NDBs con SDR.","RADIO://es (Notion, curado)",SI,Receptor HF
18,NDB Sintra (STR),0.371,0.371,AM,AM,Utilidad,Utilidad,Global,"Radiofaro no direccional (371 kHz, CW 'STR'), Portugal. Recibible desde el oeste peninsular.","RADIO://es (Notion, curado)",SI,Receptor HF
19,NDB Getafe (GE),0.421,0.421,AM,AM,Utilidad,Utilidad,Madrid / Sierra,"Radiofaro no direccional (421 kHz, CW 'GE'). Area de Madrid. Escucha de NDBs con SDR.","RADIO://es (Notion, curado)",SI,Receptor HF
20,"430.025 – 430.375 Salida repetidores FM (F/PA/ON), canales de 12,5 kHz, desplazamiento de",0.43,430.000 Plan de ban- da subregio- nal (nacional) (a) 431.975,NFM,Todos los modos,Radioaficionados,Radioaficionados,Madrid/Nacional,Todos los modos,LaRadioCB (plan bandas URE/IARU),SI,Receptor HF
21,NAVTEX 490/518 kHz,0.4305,0.4305,NFM,Digital,Utilidad,Utilidad,Global,Boletines de seguridad maritima (FEC). 518 internacional / 490 nacional. SDR + software NAVTEX.,"RADIO://es (Notion, curado)",SI,Receptor HF
22,Rebote lunar,0.432,432.000 432.025,CW,Telegrafía (g),Radioaficionados,Radioaficionados,Madrid/Nacional,Telegrafía (g),LaRadioCB (plan bandas URE/IARU),SI,Receptor HF
23,432.050 Centro de actividad en telegrafía 432.088 Centro de actividad en PSK31,0.432025,432.025 432.100,CW,Telegrafía (b) MGM,Radioaficionados,Radioaficionados,Madrid/Nacional,Telegrafía (b) MGM,LaRadioCB (plan bandas URE/IARU),SI,Receptor HF
24,432.200 Centro de actividad en SSB 432.350 Centro de actividad llamada-respuesta 432.370 L,0.4321,432.100 432.400,CW,Telegrafía SSB MGM,Radioaficionados,Radioaficionados,Madrid/Nacional,Telegrafía SSB MGM,LaRadioCB (plan bandas URE/IARU),SI,Receptor HF
25,Balizas en exclusiva (h),0.4324,432.400 432.490,CW,Telegrafía MGM,Radioaficionados,Radioaficionados,Madrid/Nacional,Telegrafía MGM,LaRadioCB (plan bandas URE/IARU),SI,Receptor HF
26,432.500 Frecuencia APRS alternativa 432.600 RTTY (ASK/PSK) 432.700 FAX (ASK) Entrada repet,0.4325,432.500 432.975,NFM,Todos los modos,Radioaficionados,Radioaficionados,Madrid/Nacional,Todos los modos,LaRadioCB (plan bandas URE/IARU),SI,Receptor HF
27,"Entrada repetidores, canales de 25 kHz, desplaza- miento de 1,6 MHz (canales: 433.000-433.",0.433,433.000 433.375,NFM,FM Voz digital Repetidores,Radioaficionados,Radioaficionados,Madrid/Nacional,FM Voz digital Repetidores,LaRadioCB (plan bandas URE/IARU),SI,Receptor HF
28,433.400 SSTV (FM/AFSK) 433.450 Llamada voz digital 433.500 Llamada FM Canales simplex de 2,0.4334,433.400 433.575,NFM,FM Voz digital (j),Radioaficionados,Radioaficionados,Madrid/Nacional,FM Voz digital (j),LaRadioCB (plan bandas URE/IARU),SI,Receptor HF
29,"433.600 RTTY (AFSK/FM) 433.625 – 433.775 Comunicaciones digitales (c, k, l) 433.700 Fax (F",0.4336,433.600 434.000,NFM,Todos los modos,Radioaficionados,Radioaficionados,Madrid/Nacional,Todos los modos,LaRadioCB (plan bandas URE/IARU),SI,Receptor HF
30,434.450 – 434.5475 Canales para comunicaciones digitales (excepcional- mente) (c),0.434,434.000 434.594,NFM,Todos los modos y ATV (n),Radioaficionados,Radioaficionados,Madrid/Nacional,Todos los modos y ATV (n),LaRadioCB (plan bandas URE/IARU),SI,Receptor HF
31,"Salida repetidores, canales de 25 kHz, desplazamien- to de 1,6 MHz (canales: 434.600 – 434",0.434594,434.594 434.981,NFM,ATV y FM (n),Radioaficionados,Radioaficionados,Madrid/Nacional,ATV y FM (n),LaRadioCB (plan bandas URE/IARU),SI,Receptor HF
32,Satélites y ATV (n),0.435,435.000 438.000,NFM,Satélites y ATV (n),Radioaficionados,Radioaficionados,Madrid/Nacional,Satélites y ATV (n),LaRadioCB (plan bandas URE/IARU),SI,Receptor HF
33,Todos los modos,0.438,438.000 ATV (m) y plan banda subregional (nacional (a) 440.0,NFM,Todos los modos,Radioaficionados,Radioaficionados,Madrid/Nacional,Todos los modos,LaRadioCB (plan bandas URE/IARU),SI,Receptor HF
34,200,0.472,472 – 475,CW,CW,Radioaficionado 630 m,Radioaficionados,Madrid/Nacional,CW,LaRadioCB (plan bandas URE/IARU),SI,Receptor HF
35,475 kHz (630 m),0.475,475 kHz (630 m),NFM,,Radioaficionado 630 m,Radioaficionados,Madrid/Nacional,,LaRadioCB (plan bandas URE/IARU),SI,Receptor HF
36,200,0.475,475 – 479,CW,"CW, modos digitales",Radioaficionado 630 m,Radioaficionados,Madrid/Nacional,"CW, modos digitales",LaRadioCB (plan bandas URE/IARU),SI,Receptor HF
37,"Comunicaciones digitales (a) Salida repetidores, canales RS1-RS10 Salida repetidores, cana",1.24,"1.240,000 1.243,250",NFM,Todos los modos,Radiodifusión OM (AM),Radioaficionados,Madrid/Nacional,Todos los modos,LaRadioCB (plan bandas URE/IARU),SI,Receptor HF
38,"Salida repetidores, canales R20-R68",1.243,"1.243,250 1.260,000",NFM,ATV ATV Digital,Radiodifusión OM (AM),Radioaficionados,Madrid/Nacional,ATV ATV Digital,LaRadioCB (plan bandas URE/IARU),SI,Receptor HF
39,Satélites,1.26,"1.260,000 1.270,000",NFM,Satélites,Radiodifusión OM (AM),Radioaficionados,Madrid/Nacional,Satélites,LaRadioCB (plan bandas URE/IARU),SI,Receptor HF
40,"Frecuencias RTTY y otros modos digitales utilizados en bandas de HF. Si te instalas un programa especial, se puede decod",1.26,1.260- 2.680- 5.450- 7.300- 10.100- 14.0,NFM,—,Radiodifusión OM (AM),Uso común,Nacional,,Listado frecuencias radio España,SI,Receptor HF
41,"Entrada repetidores, canales RS1-RS28 Radiopaquete dúplex, canales RS29-RS50",1.27,"1.270,000 1.272,000",NFM,Todos los modos,Radiodifusión OM (AM),Radioaficionados,Madrid/Nacional,Todos los modos,LaRadioCB (plan bandas URE/IARU),SI,Receptor HF
42,Incluye DATV,1.272,"1.272,000 1.090,994",NFM,ATV,Radiodifusión OM (AM),Radioaficionados,Madrid/Nacional,ATV,LaRadioCB (plan bandas URE/IARU),SI,Receptor HF
43,"Canales de 25 kHz, RM0 a RM19",1.29,"1.290,994 1.291,481",NFM,"Entrada repetidores FM, voz digital",Radiodifusión OM (AM),Radioaficionados,Madrid/Nacional,"Entrada repetidores FM, voz digital",LaRadioCB (plan bandas URE/IARU),SI,Receptor HF
44,"Entrada repetidores, canales R20 – R68.",1.291,"1.291,494 1.296,000",NFM,Todos los modos,Radiodifusión OM (AM),Radioaficionados,Madrid/Nacional,Todos los modos,LaRadioCB (plan bandas URE/IARU),SI,Receptor HF
45,Rebote lunar Centro de actividad en PSK31,1.296,"1.296,000 1.296,150",CW,Telegrafía MGM,Radiodifusión OM (AM),Radioaficionados,Madrid/Nacional,Telegrafía MGM,LaRadioCB (plan bandas URE/IARU),SI,Receptor HF
46,Centro actividad en banda estrecha Entrada de transpondedores lineales Centro de imagen (S,1.296,"1.296,150 1.296,800",CW,Telegrafía SSB MGM,Radiodifusión OM (AM),Radioaficionados,Madrid/Nacional,Telegrafía SSB MGM,LaRadioCB (plan bandas URE/IARU),SI,Receptor HF
47,Balizas en exclusiva (b),1.296,"1.296,800 1.296,994",NFM,,Radiodifusión OM (AM),Radioaficionados,Madrid/Nacional,,LaRadioCB (plan bandas URE/IARU),SI,Receptor HF
48,"Canales de 25 kHz, RM0 – RM19",1.296,"1.296,994 1.297,481",NFM,Salida repetidores FM,Radiodifusión OM (AM),Radioaficionados,Madrid/Nacional,Salida repetidores FM,LaRadioCB (plan bandas URE/IARU),SI,Receptor HF
49,"Canales símplex de 25 kHz, SM20 – SM39 Centro de actividad FM Llamada de voz digital Pasar",1.297,"1.297,494 1.297,981",NFM,FM (c) Voz digital (d),Radiodifusión OM (AM),Radioaficionados,Madrid/Nacional,FM (c) Voz digital (d),LaRadioCB (plan bandas URE/IARU),SI,Receptor HF
50,Uso mixto analógico o digital (canales RS1 – RS39),1.298,"1.298,000 1.299,000",NFM,Todos los modos,Radiodifusión OM (AM),Radioaficionados,Madrid/Nacional,Todos los modos,LaRadioCB (plan bandas URE/IARU),SI,Receptor HF
51,Datos digitales en alta velocidad (5 canales),1.299,"1.299,000 1.299,750",NFM,Todos los modos,Radiodifusión OM (AM),Radioaficionados,Madrid/Nacional,Todos los modos,LaRadioCB (plan bandas URE/IARU),SI,Receptor HF
52,FM o voz digital (8 canales),1.299,"1.299,750 1.300,000",NFM,Todos los modos,Radiodifusión OM (AM),Radioaficionados,Madrid/Nacional,Todos los modos,LaRadioCB (plan bandas URE/IARU),SI,Receptor HF
53,Todos los modos,2.3,"2.300,000 2.320,000",NFM,Todos los modos,Radioaficionados,Radioaficionados,Madrid/Nacional,Todos los modos,LaRadioCB (plan bandas URE/IARU),SI,Receptor HF
54,"2.320,000 – 2.320,025 Rebote lunar 2.320,138 Centro de actividad PSK31",2.32,"2.320,000 2.320,150",CW,CW,Radioaficionados,Radioaficionados,Madrid/Nacional,CW,LaRadioCB (plan bandas URE/IARU),SI,Receptor HF
55,"2.320,200 Centro de actividad SSB 2.320,750 – 2.320,800 Balizas locales",2.32,"2.320,150 2.320,800",CW,CW/SSB,Radioaficionados,Radioaficionados,Madrid/Nacional,CW/SSB,LaRadioCB (plan bandas URE/IARU),SI,Receptor HF
56,Balizas en exclusiva,2.32,"2.320,800 2.321,000",NFM,Balizas en exclusiva,Radioaficionados,Radioaficionados,Madrid/Nacional,Balizas en exclusiva,LaRadioCB (plan bandas URE/IARU),SI,Receptor HF
57,FM y voz digital Símplex y repetidores,2.321,"2.321,000 2.322,000",NFM,FM y voz digital Símplex y repetidores,Radioaficionados,Radioaficionados,Madrid/Nacional,FM y voz digital Símplex y repetidores,LaRadioCB (plan bandas URE/IARU),SI,Receptor HF
58,2.322 – 2.355 ATV 2.355 – 2.365 Comunicaciones digitales 2.365 – 2.370 Repetidores 2.370 –,2.322,"2.322,000 2.400,000",NFM,Todos los modos,Radioaficionados,Radioaficionados,Madrid/Nacional,Todos los modos,LaRadioCB (plan bandas URE/IARU),SI,Receptor HF
59,Satélites,2.4,"2.400,000 2.450,000",NFM,Satélites,Radioaficionados,Radioaficionados,Madrid/Nacional,Satélites,LaRadioCB (plan bandas URE/IARU),SI,Receptor HF
60,EA,3.137,3.137,USB,USB,Aeronáutica,Aeronáutica,Madrid/Nacional,,escanerfrecuencias (listado Madrid),SI,Receptor HF
61,EA,4.7385,4.7385,USB,USB,Aeronáutica,Aeronáutica,Madrid/Nacional,,escanerfrecuencias (listado Madrid),SI,Receptor HF
62,Gibraltar VOLMET (HF),5.45,5.45,USB,USB,Aeronautica,Aeronautica,Global,Meteo aeronautica HF (USB) para el Estrecho. Recibible con SDR HF.,"RADIO://es (Notion, curado)",SI,Receptor HF
63,Shannon VOLMET (HF),5.505,5.505,USB,USB,Aeronautica,Aeronautica,Global,Meteo aeronautica HF (USB). Tambien en 3.413 MHz. Recibible con SDR HF desde toda la peninsula.,"RADIO://es (Notion, curado)",SI,Receptor HF
64,OPERACIONES IBERIA,5.529,5.529,USB,USB,Aeronáutica,Aeronáutica,Madrid/Nacional,,escanerfrecuencias (listado Madrid),SI,Receptor HF
65,COORDINACION AVION - BARCO,5.595,5.595,USB,USB,Marítima,Marítima,Madrid/Nacional,,escanerfrecuencias (listado Madrid),SI,Receptor HF
66,Subida de satélites,5.65,"5.650,000 5.668,000",NFM,Todos los modos,Radioaficionados,Radioaficionados,Madrid/Nacional,Todos los modos,LaRadioCB (plan bandas URE/IARU),SI,Receptor HF
67,"Bajada de satélites 5.668,200 Centro de actividad en banda estrecha",5.668,"5.668,000 5.670,000",NFM,Todos los modos,Radioaficionados,Radioaficionados,Madrid/Nacional,Todos los modos,LaRadioCB (plan bandas URE/IARU),SI,Receptor HF
68,MGM,5.67,"5.670,000 5.700,000",CW,MGM,Radioaficionados,Radioaficionados,Madrid/Nacional,MGM,LaRadioCB (plan bandas URE/IARU),SI,Receptor HF
69,EA,5.698,5.698,USB,USB,Aeronáutica,Aeronáutica,Madrid/Nacional,,escanerfrecuencias (listado Madrid),SI,Receptor HF
70,ATV,5.7,"5.700,000 5.720,000",NFM,ATV,Radioaficionados,Radioaficionados,Madrid/Nacional,ATV,LaRadioCB (plan bandas URE/IARU),SI,Receptor HF
71,EA,5.702,5.702,USB,USB,Aeronáutica,Aeronáutica,Madrid/Nacional,,escanerfrecuencias (listado Madrid),SI,Receptor HF
72,Todos los modos,5.72,"5.720,000 5.760,000",NFM,Todos los modos,Radioaficionados,Radioaficionados,Madrid/Nacional,Todos los modos,LaRadioCB (plan bandas URE/IARU),SI,Receptor HF
73,"5.760,200 Centro de actividad en banda estrecha 5.760,750 – 5.760,800 Balizas locales",5.76,"5.760,000 5.760,800",NFM,Todos los modos,Radioaficionados,Radioaficionados,Madrid/Nacional,Todos los modos,LaRadioCB (plan bandas URE/IARU),SI,Receptor HF
74,Balizas solamente,5.76,"5.760,800 5.760,990",CW,Telegrafía MGM,Radioaficionados,Radioaficionados,Madrid/Nacional,Telegrafía MGM,LaRadioCB (plan bandas URE/IARU),SI,Receptor HF
75,Todos los modos,5.761,"5.761,000 5.790,000",NFM,Todos los modos,Radioaficionados,Radioaficionados,Madrid/Nacional,Todos los modos,LaRadioCB (plan bandas URE/IARU),SI,Receptor HF
76,Todos los modos,5.79,"5.790,000 5.850,000",NFM,Todos los modos,Radioaficionados,Radioaficionados,Madrid/Nacional,Todos los modos,LaRadioCB (plan bandas URE/IARU),SI,Receptor HF
77,EA,6.715,6.715,USB,USB,Aeronáutica,Aeronáutica,Madrid/Nacional,,escanerfrecuencias (listado Madrid),SI,Receptor HF
78,S.A.R,6.72,6.72,USB,USB,Aeronáutica,Aeronáutica,Madrid/Nacional,,escanerfrecuencias (listado Madrid),SI,Receptor HF
79,EA,6.73,6.73,USB,USB,Aeronáutica,Aeronáutica,Madrid/Nacional,,escanerfrecuencias (listado Madrid),SI,Receptor HF
80,EA,6.737,6.737,USB,USB,Aeronáutica,Aeronáutica,Madrid/Nacional,,escanerfrecuencias (listado Madrid),SI,Receptor HF
81,Banda 40m SSB (llamada EA),7.09,7.09,LSB,LSB,Radioaficionado 40 m,Radioaficionados,Nacional,"Fonia LSB en 40 m, muy activa entre estaciones EA por la tarde/noche. Plan IARU R1.","RADIO://es (Notion, curado)",SI,Receptor HF
82,EA,7.6967,7.6967,USB,USB,Aeronáutica,Aeronáutica,Madrid/Nacional,,escanerfrecuencias (listado Madrid),SI,Receptor HF
83,EA,7.6972,7.6972,USB,USB,Aeronáutica,Aeronáutica,Madrid/Nacional,,escanerfrecuencias (listado Madrid),SI,Receptor HF
84,EA,7.727,7.727,USB,USB,Aeronáutica,Aeronáutica,Madrid/Nacional,,escanerfrecuencias (listado Madrid),SI,Receptor HF
85,EA,8.0118,8.0118,USB,USB,Aeronáutica,Aeronáutica,Madrid/Nacional,,escanerfrecuencias (listado Madrid),SI,Receptor HF
86,EA,8.0122,8.0122,USB,USB,Aeronáutica,Aeronáutica,Madrid/Nacional,,escanerfrecuencias (listado Madrid),SI,Receptor HF
87,Aviacion civil HF (rutas oceanicas),8.825,8.825,USB,USB,Aeronautica,Aeronautica,Global,HF de aviacion civil en SSB para rutas transoceanicas fuera de cobertura VHF.,"RADIO://es (Notion, curado)",SI,Receptor HF
88,CANARIAS,8.861,8.861,USB,USB,Aeronáutica,Aeronáutica,Madrid/Nacional,,escanerfrecuencias (listado Madrid),SI,Receptor HF
89,OPERACIONES IBERIA,8.936,8.936,USB,USB,Aeronáutica,Aeronáutica,Madrid/Nacional,,escanerfrecuencias (listado Madrid),SI,Receptor HF
90,EA,8.974,8.974,USB,USB,Aeronáutica,Aeronáutica,Madrid/Nacional,,escanerfrecuencias (listado Madrid),SI,Receptor HF
91,EA,9.014,9.014,USB,USB,Aeronáutica,Aeronáutica,Madrid/Nacional,,escanerfrecuencias (listado Madrid),SI,Receptor HF
92,EA,9.9465,9.9465,USB,USB,Aeronáutica,Aeronáutica,Madrid/Nacional,,escanerfrecuencias (listado Madrid),SI,Receptor HF
93,OPERACIONES IBERIA,10.027,10.027,USB,USB,Aeronáutica,Aeronáutica,Madrid/Nacional,,escanerfrecuencias (listado Madrid),SI,Receptor HF
94,EA,11.0165,11.0165,USB,USB,Aeronáutica,Aeronáutica,Madrid/Nacional,,escanerfrecuencias (listado Madrid),SI,Receptor HF
95,OPERACIONES SPANAIR,11.34,11.34,USB,USB,Aeronáutica,Aeronáutica,Madrid/Nacional,,escanerfrecuencias (listado Madrid),SI,Receptor HF
96,"OPERACIONES IBERIA, AIR EUROPA",11.345,11.345,USB,USB,Aeronáutica,Aeronáutica,Madrid/Nacional,,escanerfrecuencias (listado Madrid),SI,Receptor HF
97,EA,11.4155,11.4155,USB,USB,Aeronáutica,Aeronáutica,Madrid/Nacional,,escanerfrecuencias (listado Madrid),SI,Receptor HF
98,EA,13.215,13.215,USB,USB,Aeronáutica,Aeronáutica,Madrid/Nacional,,escanerfrecuencias (listado Madrid),SI,Receptor HF
99,OPERACIONES IBERIA,13.327,13.327,USB,USB,Aeronáutica,Aeronáutica,Madrid/Nacional,,escanerfrecuencias (listado Madrid),SI,Receptor HF
100,EA,13.4145,13.4145,USB,USB,Aeronáutica,Aeronáutica,Madrid/Nacional,,escanerfrecuencias (listado Madrid),SI,Receptor HF
101,FT8 20m (14.074),14.074,14.074,NFM,Digital,Radioaficionado 20 m,Radioaficionados,Global,"FT8 en 20 m, el modo digital mas popular. Decodificable con WSJT-X + SDR.","RADIO://es (Notion, curado)",SI,Receptor HF
102,Banda 20m SSB (DX),14.2,14.2,USB,USB,Radioaficionado 20 m,Radioaficionados,Global,"Fonia USB en 20 m, banda reina de DX diurno. Contactos intercontinentales.","RADIO://es (Notion, curado)",SI,Receptor HF
103,EA,15.9465,15.9465,USB,USB,Aeronáutica,Aeronáutica,Madrid/Nacional,,escanerfrecuencias (listado Madrid),SI,Receptor HF
104,MADRID RADIO,17.94,17.94,USB,USB,Aeronáutica,Aeronáutica,Madrid/Nacional,,escanerfrecuencias (listado Madrid),SI,Receptor HF
105,OPERACIONES IBERIA,17.967,17.967,USB,USB,Aeronáutica,Aeronáutica,Madrid/Nacional,,escanerfrecuencias (listado Madrid),SI,Receptor HF
106,EA,18.5975,18.5975,USB,USB,Aeronáutica,Aeronáutica,Madrid/Nacional,,escanerfrecuencias (listado Madrid),SI,Receptor HF
107,OPERACIONES IBERIA,21.967,21.967,USB,USB,Aeronáutica,Aeronáutica,Madrid/Nacional,,escanerfrecuencias (listado Madrid),SI,Receptor HF
108,RADIO AFICIONADOS CB,26.965,26.965,NFM,NFM,Banda Ciudadana (CB 27),Radioaficionados,Madrid/Nacional,,escanerfrecuencias (listado Madrid),SI,RTL-SDR; Receptor HF
109,RADIO AFICIONADOS CB,26.975,26.975,NFM,NFM,Banda Ciudadana (CB 27),Radioaficionados,Madrid/Nacional,,escanerfrecuencias (listado Madrid),SI,RTL-SDR; Receptor HF
110,RADIO AFICIONADOS CB,26.985,26.985,NFM,NFM,Banda Ciudadana (CB 27),Radioaficionados,Madrid/Nacional,,escanerfrecuencias (listado Madrid),SI,RTL-SDR; Receptor HF
111,"Banda Ciudadana (CB): Usualmente para comunicaciones de voz sin codificar, por ejemplo por camioneros o cualquier otra p",27.0,27 MHz,NFM,—,Banda Ciudadana (CB 27),Radioaficionados,Nacional,,Listado frecuencias radio España,SI,RTL-SDR; Receptor HF
112,RADIO AFICIONADOS CB,27.005,27.005,NFM,NFM,Banda Ciudadana (CB 27),Radioaficionados,Madrid/Nacional,,escanerfrecuencias (listado Madrid),SI,RTL-SDR; Receptor HF
113,Banda Ciudadana CB-27 (Canal 1),27.005,27.005,AM,AM,Banda Ciudadana (CB 27),Utilidad,Nacional,"Banda ciudadana 26.965-27.405 MHz, 40 canales, hasta 5 W. Camioneros, agricultores, 4x4.","RADIO://es (Notion, curado)",SI,RTL-SDR; Receptor HF
114,RADIO AFICIONADOS CB,27.015,27.015,NFM,NFM,Banda Ciudadana (CB 27),Radioaficionados,Madrid/Nacional,,escanerfrecuencias (listado Madrid),SI,RTL-SDR; Receptor HF
115,RADIO AFICIONADOS CB,27.025,27.025,NFM,NFM,Banda Ciudadana (CB 27),Radioaficionados,Madrid/Nacional,,escanerfrecuencias (listado Madrid),SI,RTL-SDR; Receptor HF
116,RADIO AFICIONADOS CB,27.035,27.035,NFM,NFM,Banda Ciudadana (CB 27),Radioaficionados,Madrid/Nacional,,escanerfrecuencias (listado Madrid),SI,RTL-SDR; Receptor HF
117,RADIO AFICIONADOS CB,27.055,27.055,NFM,NFM,Banda Ciudadana (CB 27),Radioaficionados,Madrid/Nacional,,escanerfrecuencias (listado Madrid),SI,RTL-SDR; Receptor HF
118,RADIO AFICIONADOS CB,27.065,27.065,NFM,NFM,Banda Ciudadana (CB 27),Radioaficionados,Madrid/Nacional,,escanerfrecuencias (listado Madrid),SI,RTL-SDR; Receptor HF
119,RADIO AFICIONADOS CB,27.075,27.075,NFM,NFM,Banda Ciudadana (CB 27),Radioaficionados,Madrid/Nacional,,escanerfrecuencias (listado Madrid),SI,RTL-SDR; Receptor HF
120,RADIO AFICIONADOS CB,27.085,27.085,NFM,NFM,Banda Ciudadana (CB 27),Radioaficionados,Madrid/Nacional,,escanerfrecuencias (listado Madrid),SI,RTL-SDR; Receptor HF
121,RADIO AFICIONADOS CB,27.105,27.105,NFM,NFM,Banda Ciudadana (CB 27),Radioaficionados,Madrid/Nacional,,escanerfrecuencias (listado Madrid),SI,RTL-SDR; Receptor HF
122,RADIO AFICIONADOS CB,27.115,27.115,NFM,NFM,Banda Ciudadana (CB 27),Radioaficionados,Madrid/Nacional,,escanerfrecuencias (listado Madrid),SI,RTL-SDR; Receptor HF
123,RADIO AFICIONADOS CB,27.125,27.125,NFM,NFM,Banda Ciudadana (CB 27),Radioaficionados,Madrid/Nacional,,escanerfrecuencias (listado Madrid),SI,RTL-SDR; Receptor HF
124,RADIO AFICIONADOS CB,27.135,27.135,NFM,NFM,Banda Ciudadana (CB 27),Radioaficionados,Madrid/Nacional,,escanerfrecuencias (listado Madrid),SI,RTL-SDR; Receptor HF
125,RADIO AFICIONADOS CB,27.155,27.155,NFM,NFM,Banda Ciudadana (CB 27),Radioaficionados,Madrid/Nacional,,escanerfrecuencias (listado Madrid),SI,RTL-SDR; Receptor HF
126,RADIO AFICIONADOS CB,27.165,27.165,NFM,NFM,Banda Ciudadana (CB 27),Radioaficionados,Madrid/Nacional,,escanerfrecuencias (listado Madrid),SI,RTL-SDR; Receptor HF
127,RADIO AFICIONADOS CB,27.175,27.175,NFM,NFM,Banda Ciudadana (CB 27),Radioaficionados,Madrid/Nacional,,escanerfrecuencias (listado Madrid),SI,RTL-SDR; Receptor HF
128,RADIO AFICIONADOS CB,27.185,27.185,NFM,NFM,Banda Ciudadana (CB 27),Radioaficionados,Madrid/Nacional,,escanerfrecuencias (listado Madrid),SI,RTL-SDR; Receptor HF
129,Banda Ciudadana CB-27 (Canal 19),27.185,27.185,AM,AM,Banda Ciudadana (CB 27),Utilidad,Nacional,Canal 19: el de carretera por excelencia entre camioneros en Espana. AM.,"RADIO://es (Notion, curado)",SI,RTL-SDR; Receptor HF
130,RADIO AFICIONADOS CB,27.205,27.205,NFM,NFM,Banda Ciudadana (CB 27),Radioaficionados,Madrid/Nacional,,escanerfrecuencias (listado Madrid),SI,RTL-SDR; Receptor HF
131,RADIO AFICIONADOS CB,27.215,27.215,NFM,NFM,Banda Ciudadana (CB 27),Radioaficionados,Madrid/Nacional,,escanerfrecuencias (listado Madrid),SI,RTL-SDR; Receptor HF
132,RADIO AFICIONADOS CB,27.225,27.225,NFM,NFM,Banda Ciudadana (CB 27),Radioaficionados,Madrid/Nacional,,escanerfrecuencias (listado Madrid),SI,RTL-SDR; Receptor HF
133,RADIO AFICIONADOS CB,27.235,27.235,NFM,NFM,Banda Ciudadana (CB 27),Radioaficionados,Madrid/Nacional,,escanerfrecuencias (listado Madrid),SI,RTL-SDR; Receptor HF
134,RADIO AFICIONADOS CB,27.245,27.245,NFM,NFM,Banda Ciudadana (CB 27),Radioaficionados,Madrid/Nacional,,escanerfrecuencias (listado Madrid),SI,RTL-SDR; Receptor HF
135,RADIO AFICIONADOS CB,27.255,27.255,NFM,NFM,Banda Ciudadana (CB 27),Radioaficionados,Madrid/Nacional,,escanerfrecuencias (listado Madrid),SI,RTL-SDR; Receptor HF
136,RADIO AFICIONADOS CB,27.265,27.265,NFM,NFM,Banda Ciudadana (CB 27),Radioaficionados,Madrid/Nacional,,escanerfrecuencias (listado Madrid),SI,RTL-SDR; Receptor HF
137,RADIO AFICIONADOS CB,27.275,27.275,NFM,NFM,Banda Ciudadana (CB 27),Radioaficionados,Madrid/Nacional,,escanerfrecuencias (listado Madrid),SI,RTL-SDR; Receptor HF
138,RADIO AFICIONADOS CB,27.285,27.285,NFM,NFM,Banda Ciudadana (CB 27),Radioaficionados,Madrid/Nacional,,escanerfrecuencias (listado Madrid),SI,RTL-SDR; Receptor HF
139,RADIO AFICIONADOS CB,27.295,27.295,NFM,NFM,Banda Ciudadana (CB 27),Radioaficionados,Madrid/Nacional,,escanerfrecuencias (listado Madrid),SI,RTL-SDR; Receptor HF
140,RADIO AFICIONADOS CB,27.305,27.305,NFM,NFM,Banda Ciudadana (CB 27),Radioaficionados,Madrid/Nacional,,escanerfrecuencias (listado Madrid),SI,RTL-SDR; Receptor HF
141,RADIO AFICIONADOS CB,27.315,27.315,NFM,NFM,Banda Ciudadana (CB 27),Radioaficionados,Madrid/Nacional,,escanerfrecuencias (listado Madrid),SI,RTL-SDR; Receptor HF
142,RADIO AFICIONADOS CB,27.325,27.325,NFM,NFM,Banda Ciudadana (CB 27),Radioaficionados,Madrid/Nacional,,escanerfrecuencias (listado Madrid),SI,RTL-SDR; Receptor HF
143,RADIO AFICIONADOS CB,27.335,27.335,NFM,NFM,Banda Ciudadana (CB 27),Radioaficionados,Madrid/Nacional,,escanerfrecuencias (listado Madrid),SI,RTL-SDR; Receptor HF
144,RADIO AFICIONADOS CB,27.345,27.345,NFM,NFM,Banda Ciudadana (CB 27),Radioaficionados,Madrid/Nacional,,escanerfrecuencias (listado Madrid),SI,RTL-SDR; Receptor HF
145,RADIO AFICIONADOS CB,27.355,27.355,NFM,NFM,Banda Ciudadana (CB 27),Radioaficionados,Madrid/Nacional,,escanerfrecuencias (listado Madrid),SI,RTL-SDR; Receptor HF
146,RADIO AFICIONADOS CB,27.365,27.365,NFM,NFM,Banda Ciudadana (CB 27),Radioaficionados,Madrid/Nacional,,escanerfrecuencias (listado Madrid),SI,RTL-SDR; Receptor HF
147,RADIO AFICIONADOS CB,27.375,27.375,NFM,NFM,Banda Ciudadana (CB 27),Radioaficionados,Madrid/Nacional,,escanerfrecuencias (listado Madrid),SI,RTL-SDR; Receptor HF
148,RADIO AFICIONADOS CB,27.385,27.385,NFM,NFM,Banda Ciudadana (CB 27),Radioaficionados,Madrid/Nacional,,escanerfrecuencias (listado Madrid),SI,RTL-SDR; Receptor HF
149,RADIO AFICIONADOS CB,27.395,27.395,NFM,NFM,Banda Ciudadana (CB 27),Radioaficionados,Madrid/Nacional,,escanerfrecuencias (listado Madrid),SI,RTL-SDR; Receptor HF
150,RADIO AFICIONADOS CB,27.405,27.405,NFM,NFM,Banda Ciudadana (CB 27),Radioaficionados,Madrid/Nacional,,escanerfrecuencias (listado Madrid),SI,RTL-SDR; Receptor HF
151,TELEFONOS INALAMBRICOS,30.025,30.025,NFM,NFM,Medios/Broadcast,Medios/Broadcast,Madrid/Nacional,,escanerfrecuencias (listado Madrid),SI,RTL-SDR
152,TELEFONOS INALAMBRICOS,30.05,30.05,NFM,NFM,Medios/Broadcast,Medios/Broadcast,Madrid/Nacional,,escanerfrecuencias (listado Madrid),SI,RTL-SDR
153,TELEFONOS INALAMBRICOS,30.075,30.075,NFM,NFM,Medios/Broadcast,Medios/Broadcast,Madrid/Nacional,,escanerfrecuencias (listado Madrid),SI,RTL-SDR
154,TELEFONOS INALAMBRICOS,30.125,30.125,NFM,NFM,Medios/Broadcast,Medios/Broadcast,Madrid/Nacional,,escanerfrecuencias (listado Madrid),SI,RTL-SDR
155,TELEFONOS INALAMBRICOS,30.175,30.175,NFM,NFM,Medios/Broadcast,Medios/Broadcast,Madrid/Nacional,,escanerfrecuencias (listado Madrid),SI,RTL-SDR
156,TELEFONOS INALAMBRICOS,30.225,30.225,NFM,NFM,Medios/Broadcast,Medios/Broadcast,Madrid/Nacional,,escanerfrecuencias (listado Madrid),SI,RTL-SDR
157,TELEFONOS INALAMBRICOS MB,31.025,31.025,NFM,NFM,Medios/Broadcast,Medios/Broadcast,Madrid/Nacional,,escanerfrecuencias (listado Madrid),SI,RTL-SDR
158,TELEFONOS INALAMBRICOS MB,31.05,31.05,NFM,NFM,Medios/Broadcast,Medios/Broadcast,Madrid/Nacional,,escanerfrecuencias (listado Madrid),SI,RTL-SDR
159,TELEFONOS INALAMBRICOS MB,31.075,31.075,NFM,NFM,Medios/Broadcast,Medios/Broadcast,Madrid/Nacional,,escanerfrecuencias (listado Madrid),SI,RTL-SDR
160,TELEFONOS INALAMBRICOS MB,31.1,31.1,NFM,NFM,Medios/Broadcast,Medios/Broadcast,Madrid/Nacional,,escanerfrecuencias (listado Madrid),SI,RTL-SDR
161,TELEFONOS INALAMBRICOS MB,31.125,31.125,NFM,NFM,Medios/Broadcast,Medios/Broadcast,Madrid/Nacional,,escanerfrecuencias (listado Madrid),SI,RTL-SDR
162,TELEFONOS INALAMBRICOS MB,31.15,31.15,NFM,NFM,Medios/Broadcast,Medios/Broadcast,Madrid/Nacional,,escanerfrecuencias (listado Madrid),SI,RTL-SDR
163,TELEFONOS INALAMBRICOS MB,31.175,31.175,NFM,NFM,Medios/Broadcast,Medios/Broadcast,Madrid/Nacional,,escanerfrecuencias (listado Madrid),SI,RTL-SDR
164,TELEFONOS INALAMBRICOS MB,31.2,31.2,NFM,NFM,Medios/Broadcast,Medios/Broadcast,Madrid/Nacional,,escanerfrecuencias (listado Madrid),SI,RTL-SDR
165,TELEFONOS INALAMBRICOS MB,31.225,31.225,NFM,NFM,Medios/Broadcast,Medios/Broadcast,Madrid/Nacional,,escanerfrecuencias (listado Madrid),SI,RTL-SDR
166,TELEFONOS INALAMBRICOS MB,31.25,31.25,NFM,NFM,Medios/Broadcast,Medios/Broadcast,Madrid/Nacional,,escanerfrecuencias (listado Madrid),SI,RTL-SDR
167,TELEFONOS INALAMBRICOS MB,31.275,31.275,NFM,NFM,Medios/Broadcast,Medios/Broadcast,Madrid/Nacional,,escanerfrecuencias (listado Madrid),SI,RTL-SDR
168,TELEFONOS INALAMBRICOS MB,31.3,31.3,NFM,NFM,Medios/Broadcast,Medios/Broadcast,Madrid/Nacional,,escanerfrecuencias (listado Madrid),SI,RTL-SDR
169,TELEFONOS INALAMBRICOS MB,31.325,31.325,NFM,NFM,Medios/Broadcast,Medios/Broadcast,Madrid/Nacional,,escanerfrecuencias (listado Madrid),SI,RTL-SDR
170,TELEFONOS INALAMBRICOS,39.925,39.925,NFM,NFM,Medios/Broadcast,Medios/Broadcast,Madrid/Nacional,,escanerfrecuencias (listado Madrid),SI,RTL-SDR
171,TELEFONOS INALAMBRICOS,39.95,39.95,NFM,NFM,Medios/Broadcast,Medios/Broadcast,Madrid/Nacional,,escanerfrecuencias (listado Madrid),SI,RTL-SDR
172,TELEFONOS INALAMBRICOS,39.975,39.975,NFM,NFM,Medios/Broadcast,Medios/Broadcast,Madrid/Nacional,,escanerfrecuencias (listado Madrid),SI,RTL-SDR
173,TELEFONOS INALAMBRICOS,40.0,40,NFM,NFM,Medios/Broadcast,Medios/Broadcast,Madrid/Nacional,,escanerfrecuencias (listado Madrid),SI,RTL-SDR
174,TELEFONOS INALAMBRICOS MB,40.025,40.025,NFM,NFM,Medios/Broadcast,Medios/Broadcast,Madrid/Nacional,,escanerfrecuencias (listado Madrid),SI,RTL-SDR
175,TELEFONOS INALAMBRICOS,40.05,40.05,NFM,NFM,Medios/Broadcast,Medios/Broadcast,Madrid/Nacional,,escanerfrecuencias (listado Madrid),SI,RTL-SDR
176,TELEFONOS INALAMBRICOS,40.075,40.075,NFM,NFM,Medios/Broadcast,Medios/Broadcast,Madrid/Nacional,,escanerfrecuencias (listado Madrid),SI,RTL-SDR
177,TELEFONOS INALAMBRICOS,40.1,40.1,NFM,NFM,Medios/Broadcast,Medios/Broadcast,Madrid/Nacional,,escanerfrecuencias (listado Madrid),SI,RTL-SDR
178,TELEFONOS INALAMBRICOS,40.125,40.125,NFM,NFM,Medios/Broadcast,Medios/Broadcast,Madrid/Nacional,,escanerfrecuencias (listado Madrid),SI,RTL-SDR
179,TELEFONOS INALAMBRICOS,40.15,40.15,NFM,NFM,Medios/Broadcast,Medios/Broadcast,Madrid/Nacional,,escanerfrecuencias (listado Madrid),SI,RTL-SDR
180,TELEFONOS INALAMBRICOS,40.175,40.175,NFM,NFM,Medios/Broadcast,Medios/Broadcast,Madrid/Nacional,,escanerfrecuencias (listado Madrid),SI,RTL-SDR
181,TELEFONOS INALAMBRICOS,40.2,40.2,NFM,NFM,Medios/Broadcast,Medios/Broadcast,Madrid/Nacional,,escanerfrecuencias (listado Madrid),SI,RTL-SDR
182,TELEFONOS INALAMBRICOS,40.225,40.225,NFM,NFM,Medios/Broadcast,Medios/Broadcast,Madrid/Nacional,,escanerfrecuencias (listado Madrid),SI,RTL-SDR
183,TELEFONOS INALAMBRICOS,43.72,43.72,NFM,NFM,Medios/Broadcast,Medios/Broadcast,Madrid/Nacional,,escanerfrecuencias (listado Madrid),SI,RTL-SDR
184,TELEFONOS INALAMBRICOS,43.74,43.74,NFM,NFM,Medios/Broadcast,Medios/Broadcast,Madrid/Nacional,,escanerfrecuencias (listado Madrid),SI,RTL-SDR
185,TELEFONOS INALAMBRICOS,43.82,43.82,NFM,NFM,Medios/Broadcast,Medios/Broadcast,Madrid/Nacional,,escanerfrecuencias (listado Madrid),SI,RTL-SDR
186,TELEFONOS INALAMBRICOS,43.84,43.84,NFM,NFM,Medios/Broadcast,Medios/Broadcast,Madrid/Nacional,,escanerfrecuencias (listado Madrid),SI,RTL-SDR
187,TELEFONOS INALAMBRICOS,43.92,43.92,NFM,NFM,Medios/Broadcast,Medios/Broadcast,Madrid/Nacional,,escanerfrecuencias (listado Madrid),SI,RTL-SDR
188,TELEFONOS INALAMBRICOS,43.96,43.96,NFM,NFM,Medios/Broadcast,Medios/Broadcast,Madrid/Nacional,,escanerfrecuencias (listado Madrid),SI,RTL-SDR
189,TELEFONOS INALAMBRICOS,44.12,44.12,NFM,NFM,Medios/Broadcast,Medios/Broadcast,Madrid/Nacional,,escanerfrecuencias (listado Madrid),SI,RTL-SDR
190,TELEFONOS INALAMBRICOS,44.16,44.16,NFM,NFM,Medios/Broadcast,Medios/Broadcast,Madrid/Nacional,,escanerfrecuencias (listado Madrid),SI,RTL-SDR
191,TELEFONOS INALAMBRICOS,44.18,44.18,NFM,NFM,Medios/Broadcast,Medios/Broadcast,Madrid/Nacional,,escanerfrecuencias (listado Madrid),SI,RTL-SDR
192,TELEFONOS INALAMBRICOS,44.2,44.2,NFM,NFM,Medios/Broadcast,Medios/Broadcast,Madrid/Nacional,,escanerfrecuencias (listado Madrid),SI,RTL-SDR
193,TELEFONOS INALAMBRICOS,44.32,44.32,NFM,NFM,Medios/Broadcast,Medios/Broadcast,Madrid/Nacional,,escanerfrecuencias (listado Madrid),SI,RTL-SDR
194,TELEFONOS INALAMBRICOS,44.36,44.36,NFM,NFM,Medios/Broadcast,Medios/Broadcast,Madrid/Nacional,,escanerfrecuencias (listado Madrid),SI,RTL-SDR
195,TELEFONOS INALAMBRICOS,44.4,44.4,NFM,NFM,Medios/Broadcast,Medios/Broadcast,Madrid/Nacional,,escanerfrecuencias (listado Madrid),SI,RTL-SDR
196,TELEFONOS INALAMBRICOS,44.46,44.46,NFM,NFM,Medios/Broadcast,Medios/Broadcast,Madrid/Nacional,,escanerfrecuencias (listado Madrid),SI,RTL-SDR
197,TELEFONOS INALAMBRICOS,44.48,44.48,NFM,NFM,Medios/Broadcast,Medios/Broadcast,Madrid/Nacional,,escanerfrecuencias (listado Madrid),SI,RTL-SDR
198,TELEFONOS INALAMBRICOS,46.61,46.61,NFM,NFM,Medios/Broadcast,Medios/Broadcast,Madrid/Nacional,,escanerfrecuencias (listado Madrid),SI,RTL-SDR
199,TELEFONOS INALAMBRICOS,46.63,46.63,NFM,NFM,Medios/Broadcast,Medios/Broadcast,Madrid/Nacional,,escanerfrecuencias (listado Madrid),SI,RTL-SDR
200,TELEFONOS INALAMBRICOS,46.67,46.67,NFM,NFM,Medios/Broadcast,Medios/Broadcast,Madrid/Nacional,,escanerfrecuencias (listado Madrid),SI,RTL-SDR
201,TELEFONOS INALAMBRICOS,46.71,46.71,NFM,NFM,Medios/Broadcast,Medios/Broadcast,Madrid/Nacional,,escanerfrecuencias (listado Madrid),SI,RTL-SDR
202,TELEFONOS INALAMBRICOS,46.73,46.73,NFM,NFM,Medios/Broadcast,Medios/Broadcast,Madrid/Nacional,,escanerfrecuencias (listado Madrid),SI,RTL-SDR
203,TELEFONOS INALAMBRICOS,46.77,46.77,NFM,NFM,Medios/Broadcast,Medios/Broadcast,Madrid/Nacional,,escanerfrecuencias (listado Madrid),SI,RTL-SDR
204,TELEFONOS INALAMBRICOS,46.83,46.83,NFM,NFM,Medios/Broadcast,Medios/Broadcast,Madrid/Nacional,,escanerfrecuencias (listado Madrid),SI,RTL-SDR
205,TELEFONOS INALAMBRICOS,46.87,46.87,NFM,NFM,Medios/Broadcast,Medios/Broadcast,Madrid/Nacional,,escanerfrecuencias (listado Madrid),SI,RTL-SDR
206,TELEFONOS INALAMBRICOS,46.93,46.93,NFM,NFM,Medios/Broadcast,Medios/Broadcast,Madrid/Nacional,,escanerfrecuencias (listado Madrid),SI,RTL-SDR
207,TELEFONOS INALAMBRICOS,46.97,46.97,NFM,NFM,Medios/Broadcast,Medios/Broadcast,Madrid/Nacional,,escanerfrecuencias (listado Madrid),SI,RTL-SDR
208,TELEFONOS INALAMBRICOS,48.76,48.76,NFM,NFM,Medios/Broadcast,Medios/Broadcast,Madrid/Nacional,,escanerfrecuencias (listado Madrid),SI,RTL-SDR
209,TELEFONOS INALAMBRICOS,48.84,48.84,NFM,NFM,Medios/Broadcast,Medios/Broadcast,Madrid/Nacional,,escanerfrecuencias (listado Madrid),SI,RTL-SDR
210,TELEFONOS INALAMBRICOS,48.86,48.86,NFM,NFM,Medios/Broadcast,Medios/Broadcast,Madrid/Nacional,,escanerfrecuencias (listado Madrid),SI,RTL-SDR
211,TELEFONOS INALAMBRICOS,48.92,48.92,NFM,NFM,Medios/Broadcast,Medios/Broadcast,Madrid/Nacional,,escanerfrecuencias (listado Madrid),SI,RTL-SDR
212,TELEFONOS INALAMBRICOS,49.02,49.02,NFM,NFM,Medios/Broadcast,Medios/Broadcast,Madrid/Nacional,,escanerfrecuencias (listado Madrid),SI,RTL-SDR
213,TELEFONOS INALAMBRICOS,49.08,49.08,NFM,NFM,Medios/Broadcast,Medios/Broadcast,Madrid/Nacional,,escanerfrecuencias (listado Madrid),SI,RTL-SDR
214,TELEFONOS INALAMBRICOS,49.1,49.1,NFM,NFM,Medios/Broadcast,Medios/Broadcast,Madrid/Nacional,,escanerfrecuencias (listado Madrid),SI,RTL-SDR
215,TELEFONOS INALAMBRICOS,49.16,49.16,NFM,NFM,Medios/Broadcast,Medios/Broadcast,Madrid/Nacional,,escanerfrecuencias (listado Madrid),SI,RTL-SDR
216,TELEFONOS INALAMBRICOS,49.2,49.2,NFM,NFM,Medios/Broadcast,Medios/Broadcast,Madrid/Nacional,,escanerfrecuencias (listado Madrid),SI,RTL-SDR
217,TELEFONOS INALAMBRICOS,49.24,49.24,NFM,NFM,Medios/Broadcast,Medios/Broadcast,Madrid/Nacional,,escanerfrecuencias (listado Madrid),SI,RTL-SDR
218,TELEFONOS INALAMBRICOS,49.28,49.28,NFM,NFM,Medios/Broadcast,Medios/Broadcast,Madrid/Nacional,,escanerfrecuencias (listado Madrid),SI,RTL-SDR
219,TELEFONOS INALAMBRICOS,49.36,49.36,NFM,NFM,Medios/Broadcast,Medios/Broadcast,Madrid/Nacional,,escanerfrecuencias (listado Madrid),SI,RTL-SDR
220,TELEFONOS INALAMBRICOS,49.4,49.4,NFM,NFM,Medios/Broadcast,Medios/Broadcast,Madrid/Nacional,,escanerfrecuencias (listado Madrid),SI,RTL-SDR
221,TELEFONOS INALAMBRICOS,49.46,49.46,NFM,NFM,Medios/Broadcast,Medios/Broadcast,Madrid/Nacional,,escanerfrecuencias (listado Madrid),SI,RTL-SDR
222,TELEFONOS INALAMBRICOS,49.5,49.5,NFM,NFM,Medios/Broadcast,Medios/Broadcast,Madrid/Nacional,,escanerfrecuencias (listado Madrid),SI,RTL-SDR
223,TELEFONOS INALAMBRICOS,49.67,49.67,NFM,NFM,Medios/Broadcast,Medios/Broadcast,Madrid/Nacional,,escanerfrecuencias (listado Madrid),SI,RTL-SDR
224,TELEFONOS INALAMBRICOS,49.77,49.77,NFM,NFM,Medios/Broadcast,Medios/Broadcast,Madrid/Nacional,,escanerfrecuencias (listado Madrid),SI,RTL-SDR
225,TELEFONOS INALAMBRICOS,49.83,49.83,NFM,NFM,Medios/Broadcast,Medios/Broadcast,Madrid/Nacional,,escanerfrecuencias (listado Madrid),SI,RTL-SDR
226,TELEFONOS INALAMBRICOS,49.845,49.845,NFM,NFM,Medios/Broadcast,Medios/Broadcast,Madrid/Nacional,,escanerfrecuencias (listado Madrid),SI,RTL-SDR
227,TELEFONOS INALAMBRICOS,49.86,49.86,NFM,NFM,Medios/Broadcast,Medios/Broadcast,Madrid/Nacional,,escanerfrecuencias (listado Madrid),SI,RTL-SDR
228,TELEFONOS INALAMBRICOS,49.875,49.875,NFM,NFM,Medios/Broadcast,Medios/Broadcast,Madrid/Nacional,,escanerfrecuencias (listado Madrid),SI,RTL-SDR
229,TELEFONOS INALAMBRICOS,49.89,49.89,NFM,NFM,Medios/Broadcast,Medios/Broadcast,Madrid/Nacional,,escanerfrecuencias (listado Madrid),SI,RTL-SDR
230,TELEFONOS INALAMBRICOS,49.93,49.93,NFM,NFM,Medios/Broadcast,Medios/Broadcast,Madrid/Nacional,,escanerfrecuencias (listado Madrid),SI,RTL-SDR
231,TELEFONOS INALAMBRICOS,49.97,49.97,NFM,NFM,Medios/Broadcast,Medios/Broadcast,Madrid/Nacional,,escanerfrecuencias (listado Madrid),SI,RTL-SDR
232,TELEFONOS INALAMBRICOS,49.99,49.99,NFM,NFM,Medios/Broadcast,Medios/Broadcast,Madrid/Nacional,,escanerfrecuencias (listado Madrid),SI,RTL-SDR
233,"Usada por radioaficionados para llamadas, puede llevar voz a largas distancias durante buenas condiciones de propagación",52.525,52.525 MHz,NFM,—,Radioaficionado 6 m,Radioaficionados,Nacional,,Listado frecuencias radio España,SI,RTL-SDR
234,GRUAS,70.1,70.1,NFM,NFM,Transporte,Transporte,Madrid/Nacional,,escanerfrecuencias (listado Madrid),SI,RTL-SDR
235,AG. MEDIO AMBIENTE,76.85,76.85,NFM,NFM,Otros/Sin identificar,Otros/Sin identificar,Madrid/Nacional,,escanerfrecuencias (listado Madrid),SI,RTL-SDR
236,EL CORTE INGLES,79.45,79.45,NFM,NFM,Otros/Sin identificar,Otros/Sin identificar,Madrid/Nacional,,escanerfrecuencias (listado Madrid),SI,RTL-SDR
237,GRUA,84.3,84.3,NFM,NFM,Transporte,Transporte,Madrid/Nacional,,escanerfrecuencias (listado Madrid),SI,RTL-SDR
238,FM: Banda para radio comercial y comunitaria.,87.5,87.5-108 MHz,WFM,—,Radiodifusión FM,Uso común,Nacional,,Listado frecuencias radio España,SI,Baofeng/HT; RTL-SDR
239,"VOR: Navegación aérea, aunque primordialmente datos, puede incluir identificaciones audibles de estaciones.",108.0,108-118 MHz,WFM,—,Radiodifusión FM,Aeronáutica,Nacional,,Listado frecuencias radio España,SI,Baofeng/HT; RTL-SDR; Escáner aéreo
240,VOR Madrid (referencia navegacion),108.4,108.4,AM,AM,Banda Aérea (civil),Utilidad,Madrid / Sierra,Banda VOR 108-117.975 (radionavegacion). Emision continua. Fuera de portatiles de banda aerea; SDR.,"RADIO://es (Notion, curado)",SI,RTL-SDR; Escáner aéreo
241,AYUDAS A LA NAVEGACION VOR,112.7,112.7,AM,AM,Banda Aérea (civil),Aeronáutica,Madrid/Nacional,,escanerfrecuencias (listado Madrid),SI,RTL-SDR; Escáner aéreo
242,AYUDAS A LA NAVEGACION VOR,112.8,112.8,AM,AM,Banda Aérea (civil),Aeronáutica,Madrid/Nacional,,escanerfrecuencias (listado Madrid),SI,RTL-SDR; Escáner aéreo
243,AYUDAS A LA NAVEGACION VOR,113.2,113.2,AM,AM,Banda Aérea (civil),Aeronáutica,Madrid/Nacional,,escanerfrecuencias (listado Madrid),SI,RTL-SDR; Escáner aéreo
244,VOR Vigo (VGO),113.6,113.6,AM,AM,Banda Aérea (civil),Utilidad,Nacional,"VOR/DME de Vigo (id VGO). Radionavegacion aerea, emision continua.","RADIO://es (Notion, curado)",SI,RTL-SDR; Escáner aéreo
245,AYUDAS A LA NAVEGACION VOR,114.5,114.5,AM,AM,Banda Aérea (civil),Aeronáutica,Madrid/Nacional,,escanerfrecuencias (listado Madrid),SI,RTL-SDR; Escáner aéreo
246,AYUDAS A LA NAVEGACION VOR,115.1,115.1,AM,AM,Banda Aérea (civil),Aeronáutica,Madrid/Nacional,,escanerfrecuencias (listado Madrid),SI,RTL-SDR; Escáner aéreo
247,AYUDAS A LA NAVEGACION VOR(C. VIEJO),117.3,117.3,AM,AM,Banda Aérea (civil),Aeronáutica,Madrid/Nacional,,escanerfrecuencias (listado Madrid),SI,RTL-SDR; Escáner aéreo
248,SALIDAS BARAJAS MB S,118.075,118.075,AM,AM,Banda Aérea (civil),Aeronáutica,Madrid/Nacional,,escanerfrecuencias (listado Madrid),SI,RTL-SDR; Escáner aéreo
249,LEMD TWR 36L/18R,118.075,118.075,AM,AM,Banda Aérea (civil),Aeronautica,Madrid / Sierra,Torre pista 36L/18R. A distancia se recibe sobre todo el lado aire.,"RADIO://es (Notion, curado)",SI,RTL-SDR; Escáner aéreo
250,Barcelona TWR (LEBL),118.1,118.1,AM,AM,Banda Aérea (civil),Aeronautica,Nacional,"Torre El Prat. APP 119.100/131.125, GMC 121.700, ATIS 118.650. Verificar en AIP AD2-LEBL.","RADIO://es (Notion, curado)",SI,RTL-SDR; Escáner aéreo
251,LLEGADAS BARAJAS MB S,118.15,118.15,AM,AM,Banda Aérea (civil),Aeronáutica,Madrid/Nacional,,escanerfrecuencias (listado Madrid),SI,RTL-SDR; Escáner aéreo
252,Malaga TWR (LEMG),118.15,118.15,AM,AM,Banda Aérea (civil),Aeronautica,Nacional,"Torre Costa del Sol. APP 118.450, GMC 121.700. ATIS: fuentes discrepan. Verificar en AIP AD2-LEMG.","RADIO://es (Notion, curado)",SI,RTL-SDR; Escáner aéreo
253,Cuatro Vientos TWR (LECU),118.225,118.225,AM,AM,Banda Aérea (civil),Aeronautica,Madrid / Sierra,PENDIENTE VERIFICAR en AIP AD2-LECU. Exhibiciones FIO (primer domingo de mes).,"RADIO://es (Notion, curado)",SI,RTL-SDR; Escáner aéreo
254,INFORMACION VOLMET LLEGADAS BARAJAS MB,118.25,118.25,AM,AM,Banda Aérea (civil),Aeronáutica,Madrid/Nacional,,escanerfrecuencias (listado Madrid),SI,RTL-SDR; Escáner aéreo
255,LEMD ATIS Llegadas,118.255,118.255,AM,AM,Banda Aérea (civil),Aeronautica,Madrid / Sierra,Transmision continua H24. Util como frecuencia patron para calibrar receptores. AIP AD2-LEMD.,"RADIO://es (Notion, curado)",SI,RTL-SDR; Escáner aéreo
256,Gran Canaria TWR (GCLP),118.3,118.3,AM,AM,Banda Aérea (civil),Aeronautica,Nacional,"Torre Gran Canaria. APP 124.300, ATIS 118.600, GMC 121.700. Verificar en AIP AD2-GCLP.","RADIO://es (Notion, curado)",SI,RTL-SDR; Escáner aéreo
257,A Coruna TWR (LECO),118.3,118.3,AM,AM,Banda Aérea (civil),Aeronautica,Nacional,"Torre A Coruna/Alvedro. GMC 121.700, VOR 115.1 (LRA). Verificar en AIP AD2-LECO.","RADIO://es (Notion, curado)",SI,RTL-SDR; Escáner aéreo
258,Palma TWR llegadas (LEPA),118.305,118.305,AM,AM,Banda Aérea (civil),Aeronautica,Nacional,"Torre ARR Palma. DEP 118.455, GMC norte 121.905 / sur 121.705. Reverificar en AIP AD2-LEPA.","RADIO://es (Notion, curado)",SI,RTL-SDR; Escáner aéreo
259,Sevilla TWR DEP (LEZL),118.325,118.325,AM,AM,Banda Aérea (civil),Aeronautica,Nacional,"Torre Sevilla (salidas). APP 124.400, GMC 121.700. Verificar en AIP AD2-LEZL.","RADIO://es (Notion, curado)",SI,RTL-SDR; Escáner aéreo
260,Almeria TWR (LEAM),118.35,118.35,AM,AM,Banda Aérea (civil),Aeronautica,Nacional,"Torre Almeria. ATIS 118.625, GMC 121.800. Verificar en AIP AD2-LEAM.","RADIO://es (Notion, curado)",SI,RTL-SDR; Escáner aéreo
261,SECTOR ESTE MADRID APP MB S,118.4,118.4,AM,AM,Banda Aérea (civil),Aeronáutica,Madrid/Nacional,,escanerfrecuencias (listado Madrid),SI,RTL-SDR; Escáner aéreo
262,Madrid APP (norte),118.4,118.4,AM,AM,Banda Aérea (civil),Aeronautica,Madrid / Sierra,Sector APP en cartas STAR configuracion norte.,"RADIO://es (Notion, curado)",SI,RTL-SDR; Escáner aéreo
263,Malaga APP (LEMG),118.45,118.45,AM,AM,Banda Aérea (civil),Aeronautica,Nacional,Aproximacion Costa del Sol (sector este 118.455). Verificar en AIP AD2-LEMG.,"RADIO://es (Notion, curado)",SI,RTL-SDR; Escáner aéreo
264,Vigo TWR (LEVX),118.45,118.45,AM,AM,Banda Aérea (civil),Aeronautica,Nacional,"Torre Vigo/Peinador. APP 120.200, GMC 121.700, VOR 113.6 (VGO). Verificar en AIP AD2-LEVX.","RADIO://es (Notion, curado)",SI,RTL-SDR; Escáner aéreo
265,TWR BARAJAS MB,118.5,118.5,AM,AM,Banda Aérea (civil),Aeronáutica,Madrid/Nacional,,escanerfrecuencias (listado Madrid),SI,RTL-SDR; Escáner aéreo
266,Ibiza TWR (LEIB),118.5,118.5,AM,AM,Banda Aérea (civil),Aeronautica,Nacional,"Torre Ibiza. APP 119.800, GMC 121.800. Verificar en AIP AD2-LEIB.","RADIO://es (Notion, curado)",SI,RTL-SDR; Escáner aéreo
267,Bilbao TWR (LEBB),118.5,118.5,AM,AM,Banda Aérea (civil),Aeronautica,Nacional,"Torre Bilbao/Sondika. APP 120.700, GMC 121.700. Verificar en AIP AD2-LEBB.","RADIO://es (Notion, curado)",SI,RTL-SDR; Escáner aéreo
268,ACC MADRID MB S,118.525,118.525,AM,AM,Banda Aérea (civil),Aeronáutica,Madrid/Nacional,,escanerfrecuencias (listado Madrid),SI,RTL-SDR; Escáner aéreo
269,Valencia TWR (LEVC),118.55,118.55,AM,AM,Banda Aérea (civil),Aeronautica,Nacional,"Torre Valencia. APP 120.100, GMC 121.700. Verificar en AIP AD2-LEVC.","RADIO://es (Notion, curado)",SI,RTL-SDR; Escáner aéreo
270,Valladolid TWR (LEVD),118.55,118.55,AM,AM,Banda Aérea (civil),Aeronautica,Nacional,Torre Villanubla/Valladolid. Verificar en AIP AD2-LEVD.,"RADIO://es (Notion, curado)",SI,RTL-SDR; Escáner aéreo
271,Barcelona ATIS (LEBL),118.65,118.65,AM,AM,Banda Aérea (civil),Aeronautica,Nacional,ATIS El Prat. Transmision continua. Verificar en AIP AD2-LEBL.,"RADIO://es (Notion, curado)",SI,RTL-SDR; Escáner aéreo
272,TWR CUATRO VIENTOS MB S,118.7,118.7,AM,AM,Banda Aérea (civil),Aeronáutica,Madrid/Nacional,,escanerfrecuencias (listado Madrid),SI,RTL-SDR; Escáner aéreo
273,Palma APP (LEPA),118.955,118.955,AM,AM,Banda Aérea (civil),Aeronautica,Nacional,"Aproximacion Palma (APS). TAR 119.155, ATIS ARR 119.255 / DEP 121.780. Reverificar en AIP AD2-LEPA.","RADIO://es (Notion, curado)",SI,RTL-SDR; Escáner aéreo
274,LEMD TWR 32R/14L,118.975,118.975,AM,AM,Banda Aérea (civil),Aeronautica,Madrid / Sierra,Torre pista 32R/14L.,"RADIO://es (Notion, curado)",SI,RTL-SDR; Escáner aéreo
275,APP MB,119.2,119.2,AM,AM,Banda Aérea (civil),Aeronáutica,Madrid/Nacional,,escanerfrecuencias (listado Madrid),SI,RTL-SDR; Escáner aéreo
276,Zaragoza APP (LEZG),119.3,119.3,AM,AM,Banda Aérea (civil),Aeronautica,Nacional,Aproximacion Zaragoza (uso mixto civil-militar). TWR 122.100/118.100. Verificar en AIP AD2-LEZG.,"RADIO://es (Notion, curado)",SI,RTL-SDR; Escáner aéreo
277,Menorca TWR/APP (LEMH),119.655,119.655,AM,AM,Banda Aérea (civil),Aeronautica,Nacional,"Torre y aproximacion comparten 119.655. GMC 121.755, ATIS 129.155. Reverificar en AIP AD2-LEMH.","RADIO://es (Notion, curado)",SI,RTL-SDR; Escáner aéreo
278,ACC MADRID MB,119.7,119.7,AM,AM,Banda Aérea (civil),Aeronáutica,Madrid/Nacional,,escanerfrecuencias (listado Madrid),SI,RTL-SDR; Escáner aéreo
279,APP MADRID MB,119.9,119.9,AM,AM,Banda Aérea (civil),Aeronáutica,Madrid/Nacional,,escanerfrecuencias (listado Madrid),SI,RTL-SDR; Escáner aéreo
280,DESCARGAS/LOC BARAJAS (LOC=Emplazamiento) MB,120.15,120.15,AM,AM,Banda Aérea (civil),Aeronáutica,Madrid/Nacional,,escanerfrecuencias (listado Madrid),SI,RTL-SDR; Escáner aéreo
281,AVIONES AIRE-AIRE MB,120.2,120.2,AM,AM,Banda Aérea (civil),Aeronáutica,Madrid/Nacional,,escanerfrecuencias (listado Madrid),SI,RTL-SDR; Escáner aéreo
282,Vigo APP (LEVX),120.2,120.2,AM,AM,Banda Aérea (civil),Aeronautica,Nacional,Aproximacion Vigo. Verificar en AIP AD2-LEVX.,"RADIO://es (Notion, curado)",SI,RTL-SDR; Escáner aéreo
283,AVIONES MB,120.37,120.37,AM,AM,Banda Aérea (civil),Aeronáutica,Madrid/Nacional,,escanerfrecuencias (listado Madrid),SI,RTL-SDR; Escáner aéreo
284,AVIONES AIRE-AIRE MB,121.1,121.1,AM,AM,Banda Aérea (civil),Aeronáutica,Madrid/Nacional,,escanerfrecuencias (listado Madrid),SI,RTL-SDR; Escáner aéreo
285,AVIONES AIRE-AIRE MB,121.225,121.225,AM,AM,Banda Aérea (civil),Aeronáutica,Madrid/Nacional,,escanerfrecuencias (listado Madrid),SI,RTL-SDR; Escáner aéreo
286,EMERG MB,121.5,121.5,AM,AM,Banda Aérea (civil),Otros/Sin identificar,Madrid/Nacional,,escanerfrecuencias (listado Madrid),SI,RTL-SDR; Escáner aéreo
287,"Frecuencia de emergencia aérea, transmisiones de voz en casos de socorro.",121.5,121.5 MHz,NFM,—,Banda Aérea (civil),Aeronáutica,Nacional,,Listado frecuencias radio España,SI,RTL-SDR; Escáner aéreo
288,Emergencia aeronautica internacional,121.5,121.5,AM,AM,Banda Aérea (civil),Emergencia aerea,Global,"Socorro VHF. Solo escucha: normalmente en silencio, se activa en emergencias y pruebas de ELT.","RADIO://es (Notion, curado)",SI,RTL-SDR; Escáner aéreo
289,VOLMET / info meteo aeronautica,121.65,121.65,AM,AM,Banda Aérea (civil),Aeronautica,Nacional,Informacion meteo aeronautica (verificar frecuencia/estacion activa en AIP/ENR en vigor).,"RADIO://es (Notion, curado)",SI,RTL-SDR; Escáner aéreo
290,RODADURA SUR BARAJAS MB,121.7,121.7,AM,AM,Banda Aérea (civil),Aeronáutica,Madrid/Nacional,,escanerfrecuencias (listado Madrid),SI,RTL-SDR; Escáner aéreo
291,RODADURA GUIADA BARAJAS MB,121.75,121.75,AM,AM,Banda Aérea (civil),Aeronáutica,Madrid/Nacional,,escanerfrecuencias (listado Madrid),SI,RTL-SDR; Escáner aéreo
292,RODADURA CUATRO VIENTOS MB S,121.8,121.8,AM,AM,Banda Aérea (civil),Aeronáutica,Madrid/Nacional,,escanerfrecuencias (listado Madrid),SI,RTL-SDR; Escáner aéreo
293,RODADURA NORTE BARAJAS MB,121.85,121.85,AM,AM,Banda Aérea (civil),Aeronáutica,Madrid/Nacional,,escanerfrecuencias (listado Madrid),SI,RTL-SDR; Escáner aéreo
294,INFORMACION VOLMET SALIDAS BARAJAS MB,121.975,121.975,AM,AM,Banda Aérea (civil),Aeronáutica,Madrid/Nacional,,escanerfrecuencias (listado Madrid),SI,RTL-SDR; Escáner aéreo
295,Leon TWR (LELN),122.1,122.1,AM,AM,Banda Aérea (civil),Aeronautica,El Bierzo / Leon,Torre Virgen del Camino/Leon (uso conjunto). NDB 330 (LEN). Verificar en AIP AD2-LELN.,"RADIO://es (Notion, curado)",SI,RTL-SDR; Escáner aéreo
296,AVIONES AIRE-AIRE MB,122.175,122.175,AM,AM,Banda Aérea (civil),Aeronáutica,Madrid/Nacional,,escanerfrecuencias (listado Madrid),SI,RTL-SDR; Escáner aéreo
297,ARO CUATRO VIENTOS MB,122.5,122.5,AM,AM,Banda Aérea (civil),Aeronáutica,Madrid/Nacional,,escanerfrecuencias (listado Madrid),SI,RTL-SDR; Escáner aéreo
298,AVIONES AIRE-AIRE MB,122.9,122.9,AM,AM,Banda Aérea (civil),Aeronáutica,Madrid/Nacional,,escanerfrecuencias (listado Madrid),SI,RTL-SDR; Escáner aéreo
299,ACC MADRID MB S,123.1,123.1,AM,AM,Banda Aérea (civil),Aeronáutica,Madrid/Nacional,,escanerfrecuencias (listado Madrid),SI,RTL-SDR; Escáner aéreo
300,COLMENAR MB,123.225,123.225,AM,AM,Banda Aérea (civil),Aeronáutica,Madrid/Nacional,,escanerfrecuencias (listado Madrid),SI,RTL-SDR; Escáner aéreo
301,HELICOPTERO DE TVE,123.425,123.425,AM,AM,Banda Aérea (civil),Medios/Broadcast,Madrid/Nacional,,escanerfrecuencias (listado Madrid),SI,RTL-SDR; Escáner aéreo
302,INTER-PLANES MB,123.45,123.45,AM,AM,Banda Aérea (civil),Aeronáutica,Madrid/Nacional,,escanerfrecuencias (listado Madrid),SI,RTL-SDR; Escáner aéreo
303,COLMENAR MB,123.5,123.5,AM,AM,Banda Aérea (civil),Aeronáutica,Madrid/Nacional,,escanerfrecuencias (listado Madrid),SI,RTL-SDR; Escáner aéreo
304,INTER-PLANES MB,123.6,123.6,AM,AM,Banda Aérea (civil),Aeronáutica,Madrid/Nacional,,escanerfrecuencias (listado Madrid),SI,RTL-SDR; Escáner aéreo
305,BARAJAS (MADRID APP) MB S,124.025,124.025,AM,AM,Banda Aérea (civil),Aeronáutica,Madrid/Nacional,,escanerfrecuencias (listado Madrid),SI,RTL-SDR; Escáner aéreo
306,AVIONES AIRE-AIRE MB,124.2,124.2,AM,AM,Banda Aérea (civil),Aeronáutica,Madrid/Nacional,,escanerfrecuencias (listado Madrid),SI,RTL-SDR; Escáner aéreo
307,ACC MADRID MB,125.75,125.75,AM,AM,Banda Aérea (civil),Aeronáutica,Madrid/Nacional,,escanerfrecuencias (listado Madrid),SI,RTL-SDR; Escáner aéreo
308,VOLMET MB,126.0,126,AM,AM,Banda Aérea (civil),Otros/Sin identificar,Madrid/Nacional,,escanerfrecuencias (listado Madrid),SI,RTL-SDR; Escáner aéreo
309,VOLMET MB,126.2,126.2,AM,AM,Banda Aérea (civil),Otros/Sin identificar,Madrid/Nacional,,escanerfrecuencias (listado Madrid),SI,RTL-SDR; Escáner aéreo
310,VOLMET MB,126.4,126.4,AM,AM,Banda Aérea (civil),Otros/Sin identificar,Madrid/Nacional,,escanerfrecuencias (listado Madrid),SI,RTL-SDR; Escáner aéreo
311,VOLMET MB,126.8,126.8,AM,AM,Banda Aérea (civil),Otros/Sin identificar,Madrid/Nacional,,escanerfrecuencias (listado Madrid),SI,RTL-SDR; Escáner aéreo
312,VOLMET MB,126.9,126.9,AM,AM,Banda Aérea (civil),Otros/Sin identificar,Madrid/Nacional,,escanerfrecuencias (listado Madrid),SI,RTL-SDR; Escáner aéreo
313,VOLMET MB,127.0,127,AM,AM,Banda Aérea (civil),Otros/Sin identificar,Madrid/Nacional,,escanerfrecuencias (listado Madrid),SI,RTL-SDR; Escáner aéreo
314,"SALIDAS (MADRID OESTE APP, GETAFE) MB S",127.1,127.1,AM,AM,Banda Aérea (civil),Aeronáutica,Madrid/Nacional,,escanerfrecuencias (listado Madrid),SI,RTL-SDR; Escáner aéreo
315,Madrid APP (inicial),127.1,127.1,AM,AM,Banda Aérea (civil),Aeronautica,Madrid / Sierra,Aproximacion inicial Madrid TMA. Buena recepcion desde puntos elevados de la sierra.,"RADIO://es (Notion, curado)",SI,RTL-SDR; Escáner aéreo
316,BARAJAS (MADRID APP) MB S,127.5,127.5,AM,AM,Banda Aérea (civil),Aeronáutica,Madrid/Nacional,,escanerfrecuencias (listado Madrid),SI,RTL-SDR; Escáner aéreo
317,Madrid APP Final,127.505,127.505,AM,AM,Banda Aérea (civil),Aeronautica,Madrid / Sierra,Director/final. Con paso de 25 kHz sintonizar 127.500: desplazamiento tolerable en AM.,"RADIO://es (Notion, curado)",SI,RTL-SDR; Escáner aéreo
318,VOLMET MB,127.6,127.6,AM,AM,Banda Aérea (civil),Otros/Sin identificar,Madrid/Nacional,,escanerfrecuencias (listado Madrid),SI,RTL-SDR; Escáner aéreo
319,BARAJAS (MADRID APP) MB S,128.7,128.7,AM,AM,Banda Aérea (civil),Aeronáutica,Madrid/Nacional,,escanerfrecuencias (listado Madrid),SI,RTL-SDR; Escáner aéreo
320,Madrid APP,128.7,128.7,AM,AM,Banda Aérea (civil),Aeronautica,Madrid / Sierra,Sector de aproximacion Madrid TMA. Verificada en cartas STAR/IAC del AIP.,"RADIO://es (Notion, curado)",SI,RTL-SDR; Escáner aéreo
321,AVIONES AIRE-AIRE MB,128.8,128.8,AM,AM,Banda Aérea (civil),Aeronáutica,Madrid/Nacional,,escanerfrecuencias (listado Madrid),SI,RTL-SDR; Escáner aéreo
322,ACC MADRID MB S,128.825,128.825,AM,AM,Banda Aérea (civil),Aeronáutica,Madrid/Nacional,,escanerfrecuencias (listado Madrid),SI,RTL-SDR; Escáner aéreo
323,CLR BARAJAS (LIBRE DE OBSTACULOS) MB S,130.075,130.075,AM,AM,Banda Aérea (civil),Aeronáutica,Madrid/Nacional,,escanerfrecuencias (listado Madrid),SI,RTL-SDR; Escáner aéreo
324,LEMD ATIS Salidas,130.85,130.85,AM,AM,Banda Aérea (civil),Aeronautica,Madrid / Sierra,ATIS de salidas segun fuentes comunitarias. Confirmar contra AIP AD2-LEMD.,"RADIO://es (Notion, curado)",SI,RTL-SDR; Escáner aéreo
325,AVIONES AIRE-AIRE MB,131.4,131.4,AM,AM,Banda Aérea (civil),Aeronáutica,Madrid/Nacional,,escanerfrecuencias (listado Madrid),SI,RTL-SDR; Escáner aéreo
326,AVIONES AIRE-AIRE MB,131.425,131.425,AM,AM,Banda Aérea (civil),Aeronáutica,Madrid/Nacional,,escanerfrecuencias (listado Madrid),SI,RTL-SDR; Escáner aéreo
327,AVIONES AIRE-AIRE MB,131.45,131.45,AM,AM,Banda Aérea (civil),Aeronáutica,Madrid/Nacional,,escanerfrecuencias (listado Madrid),SI,RTL-SDR; Escáner aéreo
328,AVIACO MB,131.475,131.475,AM,AM,Banda Aérea (civil),Aeronáutica,Madrid/Nacional,,escanerfrecuencias (listado Madrid),SI,RTL-SDR; Escáner aéreo
329,IBERIA MB S,131.5,131.5,AM,AM,Banda Aérea (civil),Aeronáutica,Madrid/Nacional,,escanerfrecuencias (listado Madrid),SI,RTL-SDR; Escáner aéreo
330,AVIONES AIRE-AIRE MB,131.525,131.525,AM,AM,Banda Aérea (civil),Aeronáutica,Madrid/Nacional,,escanerfrecuencias (listado Madrid),SI,RTL-SDR; Escáner aéreo
331,IBERIA MB S,131.55,131.55,AM,AM,Banda Aérea (civil),Aeronáutica,Madrid/Nacional,,escanerfrecuencias (listado Madrid),SI,RTL-SDR; Escáner aéreo
332,AVIONES MB,131.555,131.555,AM,AM,Banda Aérea (civil),Aeronáutica,Madrid/Nacional,,escanerfrecuencias (listado Madrid),SI,RTL-SDR; Escáner aéreo
333,AVIONES AIRE-AIRE MB S,131.575,131.575,AM,AM,Banda Aérea (civil),Aeronáutica,Madrid/Nacional,,escanerfrecuencias (listado Madrid),SI,RTL-SDR; Escáner aéreo
334,AVIONES AIRE-AIRE MB,131.6,131.6,AM,AM,Banda Aérea (civil),Aeronáutica,Madrid/Nacional,,escanerfrecuencias (listado Madrid),SI,RTL-SDR; Escáner aéreo
335,IBERIA MB,131.65,131.65,AM,AM,Banda Aérea (civil),Aeronáutica,Madrid/Nacional,,escanerfrecuencias (listado Madrid),SI,RTL-SDR; Escáner aéreo
336,AVIONES AIRE-AIRE MB,131.675,131.675,AM,AM,Banda Aérea (civil),Aeronáutica,Madrid/Nacional,,escanerfrecuencias (listado Madrid),SI,RTL-SDR; Escáner aéreo
337,AVIONES AIRE-AIRE MB,131.7,131.7,AM,AM,Banda Aérea (civil),Aeronáutica,Madrid/Nacional,,escanerfrecuencias (listado Madrid),SI,RTL-SDR; Escáner aéreo
338,AVIONES AIRE-AIRE MB,131.725,131.725,AM,AM,Banda Aérea (civil),Aeronáutica,Madrid/Nacional,,escanerfrecuencias (listado Madrid),SI,RTL-SDR; Escáner aéreo
339,AVIONES AIRE-AIRE MB,131.75,131.75,AM,AM,Banda Aérea (civil),Aeronáutica,Madrid/Nacional,,escanerfrecuencias (listado Madrid),SI,RTL-SDR; Escáner aéreo
340,AVIONES AIRE-AIRE MB,131.775,131.775,AM,AM,Banda Aérea (civil),Aeronáutica,Madrid/Nacional,,escanerfrecuencias (listado Madrid),SI,RTL-SDR; Escáner aéreo
341,AVIONES AIRE-AIRE MB,131.8,131.8,AM,AM,Banda Aérea (civil),Aeronáutica,Madrid/Nacional,,escanerfrecuencias (listado Madrid),SI,RTL-SDR; Escáner aéreo
342,AVIONES AIRE-AIRE MB,131.825,131.825,AM,AM,Banda Aérea (civil),Aeronáutica,Madrid/Nacional,,escanerfrecuencias (listado Madrid),SI,RTL-SDR; Escáner aéreo
343,AIR FRANCE MB,131.85,131.85,AM,AM,Banda Aérea (civil),Aeronáutica,Madrid/Nacional,,escanerfrecuencias (listado Madrid),SI,RTL-SDR; Escáner aéreo
344,AVIONES AIRE-AIRE MB,131.875,131.875,AM,AM,Banda Aérea (civil),Aeronáutica,Madrid/Nacional,,escanerfrecuencias (listado Madrid),SI,RTL-SDR; Escáner aéreo
345,AVIONES AIRE-AIRE MB,131.9,131.9,AM,AM,Banda Aérea (civil),Aeronáutica,Madrid/Nacional,,escanerfrecuencias (listado Madrid),SI,RTL-SDR; Escáner aéreo
346,LUFTHANSA MB,131.92,131.92,AM,AM,Banda Aérea (civil),Aeronáutica,Madrid/Nacional,,escanerfrecuencias (listado Madrid),SI,RTL-SDR; Escáner aéreo
347,AVIONES AIRE-AIRE MB,131.925,131.925,AM,AM,Banda Aérea (civil),Aeronáutica,Madrid/Nacional,,escanerfrecuencias (listado Madrid),SI,RTL-SDR; Escáner aéreo
348,AVIONES AIRE-AIRE MB,131.95,131.95,AM,AM,Banda Aérea (civil),Aeronáutica,Madrid/Nacional,,escanerfrecuencias (listado Madrid),SI,RTL-SDR; Escáner aéreo
349,ACC MADRID (BILBAO) MB,132.22,132.22,AM,AM,Banda Aérea (civil),Aeronáutica,Madrid/Nacional,,escanerfrecuencias (listado Madrid),SI,RTL-SDR; Escáner aéreo
350,AVIONES AIRE-AIRE MB,132.475,132.475,AM,AM,Banda Aérea (civil),Aeronáutica,Madrid/Nacional,,escanerfrecuencias (listado Madrid),SI,RTL-SDR; Escáner aéreo
351,ACC MADRID (ZAMORA) MB,132.55,132.55,AM,AM,Banda Aérea (civil),Aeronáutica,Madrid/Nacional,,escanerfrecuencias (listado Madrid),SI,RTL-SDR; Escáner aéreo
352,ACC MADRID MB,132.725,132.725,AM,AM,Banda Aérea (civil),Aeronáutica,Madrid/Nacional,,escanerfrecuencias (listado Madrid),SI,RTL-SDR; Escáner aéreo
353,ACC MADRID MB,132.975,132.975,AM,AM,Banda Aérea (civil),Aeronáutica,Madrid/Nacional,,escanerfrecuencias (listado Madrid),SI,RTL-SDR; Escáner aéreo
354,ACC MADRID MB,133.2,133.2,AM,AM,Banda Aérea (civil),Aeronáutica,Madrid/Nacional,,escanerfrecuencias (listado Madrid),SI,RTL-SDR; Escáner aéreo
355,ACC MADRID MB S,133.325,133.325,AM,AM,Banda Aérea (civil),Aeronáutica,Madrid/Nacional,,escanerfrecuencias (listado Madrid),SI,RTL-SDR; Escáner aéreo
356,ACC MADRID (INGLES) MB,133.75,133.75,AM,AM,Banda Aérea (civil),Aeronáutica,Madrid/Nacional,,escanerfrecuencias (listado Madrid),SI,RTL-SDR; Escáner aéreo
357,Madrid Radar (LECM CTR),133.75,133.75,AM,AM,Banda Aérea (civil),Aeronautica,Madrid / Sierra,Control de ruta Madrid ACC. Trafico en altura se recibe bien desde puntos elevados.,"RADIO://es (Notion, curado)",SI,RTL-SDR; Escáner aéreo
358,ACC MADRID (CASTEJON) MB S,133.85,133.85,AM,AM,Banda Aérea (civil),Aeronáutica,Madrid/Nacional,,escanerfrecuencias (listado Madrid),SI,RTL-SDR; Escáner aéreo
359,ACC MADRID (ZARAGOZA) MB,133.95,133.95,AM,AM,Banda Aérea (civil),Aeronáutica,Madrid/Nacional,,escanerfrecuencias (listado Madrid),SI,RTL-SDR; Escáner aéreo
360,IBERIA MB,134.345,134.345,AM,AM,Banda Aérea (civil),Aeronáutica,Madrid/Nacional,,escanerfrecuencias (listado Madrid),SI,RTL-SDR; Escáner aéreo
361,ACC MADRID (BILBAO) MB,134.35,134.35,AM,AM,Banda Aérea (civil),Aeronáutica,Madrid/Nacional,,escanerfrecuencias (listado Madrid),SI,RTL-SDR; Escáner aéreo
362,ACC MADRID (SANTIAGO) MB,135.7,135.7,AM,AM,Banda Aérea (civil),Aeronáutica,Madrid/Nacional,,escanerfrecuencias (listado Madrid),SI,RTL-SDR; Escáner aéreo
363,ACC MADRID (SANTIAGO) MB,135.95,135.95,AM,AM,Banda Aérea (civil),Aeronáutica,Madrid/Nacional,,escanerfrecuencias (listado Madrid),SI,RTL-SDR; Escáner aéreo
364,ACC MADRID MB,136.1,136.1,AM,AM,Banda Aérea (civil),Aeronáutica,Madrid/Nacional,,escanerfrecuencias (listado Madrid),SI,RTL-SDR; Escáner aéreo
365,Madrid APP Oeste,136.105,136.105,AM,AM,Banda Aérea (civil),Aeronautica,Madrid / Sierra,Frecuencia principal de salidas/APP oeste. En el limite superior de algunos portatiles.,"RADIO://es (Notion, curado)",SI,RTL-SDR; Escáner aéreo
366,ACC MADRID MB,136.225,136.225,AM,AM,Banda Aérea (civil),Aeronáutica,Madrid/Nacional,,escanerfrecuencias (listado Madrid),SI,RTL-SDR; Escáner aéreo
367,ACC MADRID MB,136.525,136.525,AM,AM,Banda Aérea (civil),Aeronáutica,Madrid/Nacional,,escanerfrecuencias (listado Madrid),SI,RTL-SDR; Escáner aéreo
368,Satelites meteo Meteor-M (LRPT),137.1,137.1,NFM,Digital,Utilidad,Utilidad,Global,137.1 / 137.9 MHz. Perfecto para SDR. En Espana no hay NOAA Weather Radio: esto es lo mas parecido.,"RADIO://es (Notion, curado)",SI,Baofeng/HT; RTL-SDR
369,Satelites NOAA APT,137.5,137.5,NFM,Digital,Utilidad,Utilidad,Global,NOAA polares (137-138 MHz). Imagenes APT en directo. RTL-SDR + V-dipolo/QFH + SatDump.,"RADIO://es (Notion, curado)",SI,Baofeng/HT; RTL-SDR
370,R.K.R.,138.037,138.037,NFM,NFM,Otros/Sin identificar,Otros/Sin identificar,Madrid/Nacional,,escanerfrecuencias (listado Madrid),SI,Baofeng/HT; RTL-SDR
371,R.K.R.,138.05,138.05,NFM,NFM,Otros/Sin identificar,Otros/Sin identificar,Madrid/Nacional,,escanerfrecuencias (listado Madrid),SI,Baofeng/HT; RTL-SDR
372,R.K.R.,138.075,138.075,NFM,NFM,Otros/Sin identificar,Otros/Sin identificar,Madrid/Nacional,,escanerfrecuencias (listado Madrid),SI,Baofeng/HT; RTL-SDR
373,R.K.R.,138.087,138.087,NFM,NFM,Otros/Sin identificar,Otros/Sin identificar,Madrid/Nacional,,escanerfrecuencias (listado Madrid),SI,Baofeng/HT; RTL-SDR
374,R.K.R.,138.625,138.625,NFM,NFM,Otros/Sin identificar,Otros/Sin identificar,Madrid/Nacional,,escanerfrecuencias (listado Madrid),SI,Baofeng/HT; RTL-SDR
375,REALIZACION VUELTA CICLISTA,139.325,139.325,NFM,NFM,Medios/Broadcast,Medios/Broadcast,Madrid/Nacional,,escanerfrecuencias (listado Madrid),SI,Baofeng/HT; RTL-SDR
376,REALIZACION VUELTA CICLISTA MB S,139.35,139.35,NFM,NFM,Medios/Broadcast,Medios/Broadcast,Madrid/Nacional,,escanerfrecuencias (listado Madrid),SI,Baofeng/HT; RTL-SDR
377,COMENTARISTAS VUELTA CICLISTA,139.55,139.55,NFM,NFM,Medios/Broadcast,Medios/Broadcast,Madrid/Nacional,,escanerfrecuencias (listado Madrid),SI,Baofeng/HT; RTL-SDR
378,CADENA COPE,140.4,140.4,NFM,NFM,Medios/Broadcast,Medios/Broadcast,Madrid/Nacional,,escanerfrecuencias (listado Madrid),SI,Baofeng/HT; RTL-SDR
379,HELICOPTERO MB,140.875,140.875,AM,AM,Otros/Sin identificar,Otros/Sin identificar,Madrid/Nacional,,escanerfrecuencias (listado Madrid),SI,RTL-SDR
380,HELICOPTERO MB,140.95,140.95,AM,AM,Otros/Sin identificar,Otros/Sin identificar,Madrid/Nacional,,escanerfrecuencias (listado Madrid),SI,RTL-SDR
381,HELICOPTERO MB,140.952,140.952,AM,AM,Otros/Sin identificar,Otros/Sin identificar,Madrid/Nacional,,escanerfrecuencias (listado Madrid),SI,RTL-SDR
382,REALIZACION VUELTA CICLISTA,141.625,141.625,NFM,NFM,Medios/Broadcast,Medios/Broadcast,Madrid/Nacional,,escanerfrecuencias (listado Madrid),SI,Baofeng/HT; RTL-SDR
383,REALIZACION VUELTA CICLISTA MB S,141.65,141.65,NFM,NFM,Medios/Broadcast,Medios/Broadcast,Madrid/Nacional,,escanerfrecuencias (listado Madrid),SI,Baofeng/HT; RTL-SDR
384,COMENTARISTAS VUELTA CICLISTA,141.85,141.85,NFM,NFM,Medios/Broadcast,Medios/Broadcast,Madrid/Nacional,,escanerfrecuencias (listado Madrid),SI,Baofeng/HT; RTL-SDR
385,COMENTARISTAS VUELTA CICLISTA,141.875,141.875,NFM,NFM,Medios/Broadcast,Medios/Broadcast,Madrid/Nacional,,escanerfrecuencias (listado Madrid),SI,Baofeng/HT; RTL-SDR
386,"Frecuencia de radioastronomía: Usada para estudiar el hidrógeno neutral, emite datos científicos.",142.0,1420 MHz,NFM,—,Uso común,Uso común,Nacional,,Listado frecuencias radio España,SI,Baofeng/HT; RTL-SDR
387,SEGURIDAD ALMENARA,143.065,143.065,NFM,NFM,Otros/Sin identificar,Otros/Sin identificar,Madrid/Nacional,,escanerfrecuencias (listado Madrid),SI,Baofeng/HT; RTL-SDR
388,Banda de 2 metros: Usada por radioaficionados para comunicaciones de voz.,144.0,144-146 MHz,NFM,—,Radioaficionado 2 m,Radioaficionados,Nacional,,Listado frecuencias radio España,SI,Baofeng/HT; RTL-SDR
389,APRS Europa,144.8,144.8,NFM,Digital,Radioaficionado 2 m,Radioaficionados,Nacional,Paquetes AFSK 1200 bd. Decodificable con SDR + direwolf.,"RADIO://es (Notion, curado)",SI,Baofeng/HT; RTL-SDR
390,R0 ENTRADA MB,145.0,145,NFM,NFM,Radioaficionado 2 m,Radioaficionados,Madrid/Nacional,,escanerfrecuencias (listado Madrid),SI,Baofeng/HT; RTL-SDR
391,R1 ENTRADA MB S,145.025,145.025,NFM,NFM,Radioaficionado 2 m,Radioaficionados,Madrid/Nacional,,escanerfrecuencias (listado Madrid),SI,Baofeng/HT; RTL-SDR
392,R2 ENTRADA,145.05,145.05,NFM,NFM,Radioaficionado 2 m,Radioaficionados,Madrid/Nacional,,escanerfrecuencias (listado Madrid),SI,Baofeng/HT; RTL-SDR
393,R3 ENTRADA,145.075,145.075,NFM,NFM,Radioaficionado 2 m,Radioaficionados,Madrid/Nacional,,escanerfrecuencias (listado Madrid),SI,Baofeng/HT; RTL-SDR
394,R4 ENTRADA,145.1,145.1,NFM,NFM,Radioaficionado 2 m,Radioaficionados,Madrid/Nacional,,escanerfrecuencias (listado Madrid),SI,Baofeng/HT; RTL-SDR
395,R5 ENTRADA,145.125,145.125,NFM,NFM,Radioaficionado 2 m,Radioaficionados,Madrid/Nacional,,escanerfrecuencias (listado Madrid),SI,Baofeng/HT; RTL-SDR
396,R6 ENTRADA,145.15,145.15,NFM,NFM,Radioaficionado 2 m,Radioaficionados,Madrid/Nacional,,escanerfrecuencias (listado Madrid),SI,Baofeng/HT; RTL-SDR
397,R7 ENTRADA MB,145.175,145.175,NFM,NFM,Radioaficionado 2 m,Radioaficionados,Madrid/Nacional,,escanerfrecuencias (listado Madrid),SI,Baofeng/HT; RTL-SDR
398,URE LOCAL (ALCORCÓN),145.3,145.3,NFM,NFM,Radioaficionado 2 m,Radioaficionados,Madrid/Nacional,,escanerfrecuencias (listado Madrid),SI,Baofeng/HT; RTL-SDR
399,RADIO AFICIONADOS C MB,145.375,145.375,NFM,NFM,Radioaficionado 2 m,Radioaficionados,Madrid/Nacional,,escanerfrecuencias (listado Madrid),SI,Baofeng/HT; RTL-SDR
400,RADIO AFICIONADOS MB S,145.425,145.425,NFM,NFM,Radioaficionado 2 m,Radioaficionados,Madrid/Nacional,,escanerfrecuencias (listado Madrid),SI,Baofeng/HT; RTL-SDR
401,AMATER 2M MB,145.475,145.475,NFM,NFM,Radioaficionado 2 m,Radioaficionados,Madrid/Nacional,,escanerfrecuencias (listado Madrid),SI,Baofeng/HT; RTL-SDR
402,Llamada FM 2m,145.5,145.5,NFM,NFM,Radioaficionado 2 m,Radioaficionados,Nacional,Llamada FM simplex 2 m (S20). Escaneo recomendado 145.200-145.5875.,"RADIO://es (Notion, curado)",SI,Baofeng/HT; RTL-SDR
403,R0 SALIDA,145.6,145.6,NFM,NFM,Radioaficionado 2 m,Radioaficionados,Madrid/Nacional,,escanerfrecuencias (listado Madrid),SI,Baofeng/HT; RTL-SDR
404,Segmento salida repetidores 2m,145.6,145.6,NFM,NFM,Radioaficionado 2 m,Radioaficionados,Madrid / Sierra,"Escanear 145.600-145.7875 (salidas R0-R7, entrada -600 kHz). Repetidores concretos: URE.","RADIO://es (Notion, curado)",SI,Baofeng/HT; RTL-SDR
405,Repetidores El Bierzo (EA1RCU),145.6,145.6,NFM,NFM,Radioaficionado 2 m,Radioaficionados,El Bierzo / Leon,Repetidores del Radio Club EA1RCU (Ponferrada). Verificar salidas y subtonos CTCSS.,"RADIO://es (Notion, curado)",SI,Baofeng/HT; RTL-SDR
406,R1 SALIDA,145.625,145.625,NFM,NFM,Radioaficionado 2 m,Radioaficionados,Madrid/Nacional,,escanerfrecuencias (listado Madrid),SI,Baofeng/HT; RTL-SDR
407,R2 SALIDA MB,145.65,145.65,NFM,NFM,Radioaficionado 2 m,Radioaficionados,Madrid/Nacional,,escanerfrecuencias (listado Madrid),SI,Baofeng/HT; RTL-SDR
408,R3 SALIDA,145.675,145.675,NFM,NFM,Radioaficionado 2 m,Radioaficionados,Madrid/Nacional,,escanerfrecuencias (listado Madrid),SI,Baofeng/HT; RTL-SDR
409,R4 SALIDA,145.7,145.7,NFM,NFM,Radioaficionado 2 m,Radioaficionados,Madrid/Nacional,,escanerfrecuencias (listado Madrid),SI,Baofeng/HT; RTL-SDR
410,R5 SALIDA MB,145.725,145.725,NFM,NFM,Radioaficionado 2 m,Radioaficionados,Madrid/Nacional,,escanerfrecuencias (listado Madrid),SI,Baofeng/HT; RTL-SDR
411,Repetidor FM 2m sierra (R7),145.7375,145.7375,NFM,NFM,Radioaficionado 2 m,Radioaficionados,Madrid / Sierra,Salida de repetidor R7 en 2m (entrada -600 kHz). Verificar indicativo y CTCSS en URE.,"RADIO://es (Notion, curado)",SI,Baofeng/HT; RTL-SDR
412,R6 SALIDA,145.75,145.75,NFM,NFM,Radioaficionado 2 m,Radioaficionados,Madrid/Nacional,,escanerfrecuencias (listado Madrid),SI,Baofeng/HT; RTL-SDR
413,R7 SALIDA,145.775,145.775,NFM,NFM,Radioaficionado 2 m,Radioaficionados,Madrid/Nacional,,escanerfrecuencias (listado Madrid),SI,Baofeng/HT; RTL-SDR
414,"Señal rusa desde la Estación Espacial Internacional. Se pueden recibir fotos conmemorativas que emiten, utilizando el pr",145.8,145.800 MHz,NFM,—,Radioaficionado 2 m,Uso común,Nacional,,Listado frecuencias radio España,SI,Baofeng/HT; RTL-SDR
415,REMER,146.175,146.175,NFM,NFM,Radioaficionados,Radioaficionados,Madrid/Nacional,,escanerfrecuencias (listado Madrid),SI,Baofeng/HT; RTL-SDR
416,EMISORA DE TAXI PRIVADA MB,146.3,146.3,NFM,NFM,Servicios/Utilities,Servicios/Utilities,Madrid/Nacional,,escanerfrecuencias (listado Madrid),SI,Baofeng/HT; RTL-SDR
417,RADIO AFICIONADOS MB,146.45,146.45,NFM,NFM,Radioaficionados,Radioaficionados,Madrid/Nacional,,escanerfrecuencias (listado Madrid),SI,Baofeng/HT; RTL-SDR
418,EMISORA DE TAXI PRIVADA MB S,146.475,146.475,NFM,NFM,Servicios/Utilities,Servicios/Utilities,Madrid/Nacional,,escanerfrecuencias (listado Madrid),SI,Baofeng/HT; RTL-SDR
419,REMER,146.625,146.625,NFM,NFM,Radioaficionados,Radioaficionados,Madrid/Nacional,,escanerfrecuencias (listado Madrid),SI,Baofeng/HT; RTL-SDR
420,REMER C S,146.65,146.65,NFM,NFM,Radioaficionados,Radioaficionados,Madrid/Nacional,,escanerfrecuencias (listado Madrid),SI,Baofeng/HT; RTL-SDR
421,REMER (MADRID) MB,146.675,146.675,NFM,NFM,Radioaficionados,Radioaficionados,Madrid/Nacional,,escanerfrecuencias (listado Madrid),SI,Baofeng/HT; RTL-SDR
422,REMER,146.75,146.75,NFM,NFM,Radioaficionados,Radioaficionados,Madrid/Nacional,,escanerfrecuencias (listado Madrid),SI,Baofeng/HT; RTL-SDR
423,EMISORA DE TAXI PRIVADA MB S,146.995,146.995,NFM,NFM,Servicios/Utilities,Servicios/Utilities,Madrid/Nacional,,escanerfrecuencias (listado Madrid),SI,Baofeng/HT; RTL-SDR
424,SEGURIDAD PRIVADA C B,148.135,148.135,NFM,NFM,Otros/Sin identificar,Otros/Sin identificar,Madrid/Nacional,,escanerfrecuencias (listado Madrid),SI,Baofeng/HT; RTL-SDR
425,RADIO AFICIONADO O SIMILAR C B,148.175,148.175,NFM,NFM,Radioaficionados,Radioaficionados,Madrid/Nacional,,escanerfrecuencias (listado Madrid),SI,Baofeng/HT; RTL-SDR
426,BUSCAS (MENSATEL COCA-COLA),148.425,148.425,NFM,NFM,Servicios/Utilities,Servicios/Utilities,Madrid/Nacional,,escanerfrecuencias (listado Madrid),SI,Baofeng/HT; RTL-SDR
427,REP. -1150,148.8,148.8,NFM,NFM,Otros/Sin identificar,Otros/Sin identificar,Madrid/Nacional,,escanerfrecuencias (listado Madrid),SI,Baofeng/HT; RTL-SDR
428,TAXI B S,149.575,149.575,NFM,NFM,Otros/Sin identificar,Otros/Sin identificar,Madrid/Nacional,,escanerfrecuencias (listado Madrid),SI,Baofeng/HT; RTL-SDR
429,TAXI B S,149.625,149.625,NFM,NFM,Otros/Sin identificar,Otros/Sin identificar,Madrid/Nacional,,escanerfrecuencias (listado Madrid),SI,Baofeng/HT; RTL-SDR
430,RADIO AFICIONADOS MB,149.9,149.9,NFM,NFM,Radioaficionados,Radioaficionados,Madrid/Nacional,,escanerfrecuencias (listado Madrid),SI,Baofeng/HT; RTL-SDR
431,TAXI B,150.05,150.05,NFM,NFM,Otros/Sin identificar,Otros/Sin identificar,Madrid/Nacional,,escanerfrecuencias (listado Madrid),SI,Baofeng/HT; RTL-SDR
432,TAXI B S,150.425,150.425,NFM,NFM,Otros/Sin identificar,Otros/Sin identificar,Madrid/Nacional,,escanerfrecuencias (listado Madrid),SI,Baofeng/HT; RTL-SDR
433,TAXI C S,150.475,150.475,NFM,NFM,Otros/Sin identificar,Otros/Sin identificar,Madrid/Nacional,,escanerfrecuencias (listado Madrid),SI,Baofeng/HT; RTL-SDR
434,TAXI B S,150.575,150.575,NFM,NFM,Otros/Sin identificar,Otros/Sin identificar,Madrid/Nacional,,escanerfrecuencias (listado Madrid),SI,Baofeng/HT; RTL-SDR
435,TAXI MB S,150.58,150.58,NFM,NFM,Otros/Sin identificar,Otros/Sin identificar,Madrid/Nacional,,escanerfrecuencias (listado Madrid),SI,Baofeng/HT; RTL-SDR
436,CAMIONES,150.85,150.85,NFM,NFM,Transporte,Transporte,Madrid/Nacional,,escanerfrecuencias (listado Madrid),SI,Baofeng/HT; RTL-SDR
437,GRUAS GARCIA,151.15,151.15,NFM,NFM,Transporte,Transporte,Madrid/Nacional,,escanerfrecuencias (listado Madrid),SI,Baofeng/HT; RTL-SDR
438,TAXI B,151.676,151.676,NFM,NFM,Otros/Sin identificar,Otros/Sin identificar,Madrid/Nacional,,escanerfrecuencias (listado Madrid),SI,Baofeng/HT; RTL-SDR
439,M.O.P.,151.775,151.775,NFM,NFM,Otros/Sin identificar,Otros/Sin identificar,Madrid/Nacional,,escanerfrecuencias (listado Madrid),SI,Baofeng/HT; RTL-SDR
440,TRANSPORTES,151.9,151.9,NFM,NFM,Transporte,Transporte,Madrid/Nacional,,escanerfrecuencias (listado Madrid),SI,Baofeng/HT; RTL-SDR
441,PAQUETERIA,152.025,152.025,NFM,NFM,Otros/Sin identificar,Otros/Sin identificar,Madrid/Nacional,,escanerfrecuencias (listado Madrid),SI,Baofeng/HT; RTL-SDR
442,SEGURIDAD BURGO CENTRO LAS ROZAS,152.325,152.325,NFM,NFM,Otros/Sin identificar,Otros/Sin identificar,Madrid/Nacional,,escanerfrecuencias (listado Madrid),SI,Baofeng/HT; RTL-SDR
443,LIMPIEZA DEL AYUNTAMIENTO MOSTOLES C MB,152.485,152.485,NFM,NFM,Otros/Sin identificar,Otros/Sin identificar,Madrid/Nacional,,escanerfrecuencias (listado Madrid),SI,Baofeng/HT; RTL-SDR
444,BROÑIGAL C MB,153.3,153.3,NFM,NFM,Otros/Sin identificar,Otros/Sin identificar,Madrid/Nacional,,escanerfrecuencias (listado Madrid),SI,Baofeng/HT; RTL-SDR
445,TRANSPORTES C MB,153.52,153.52,NFM,NFM,Transporte,Transporte,Madrid/Nacional,,escanerfrecuencias (listado Madrid),SI,Baofeng/HT; RTL-SDR
446,COMENTARISTAS VUELTA CICLISTA MB,153.925,153.925,NFM,NFM,Medios/Broadcast,Medios/Broadcast,Madrid/Nacional,,escanerfrecuencias (listado Madrid),SI,Baofeng/HT; RTL-SDR
447,AUTORES MB,154.65,154.65,NFM,NFM,Otros/Sin identificar,Otros/Sin identificar,Madrid/Nacional,,escanerfrecuencias (listado Madrid),SI,Baofeng/HT; RTL-SDR
448,R. TAXI,155.025,155.025,NFM,NFM,Otros/Sin identificar,Otros/Sin identificar,Madrid/Nacional,,escanerfrecuencias (listado Madrid),SI,Baofeng/HT; RTL-SDR
449,R. TAXI,155.075,155.075,NFM,NFM,Otros/Sin identificar,Otros/Sin identificar,Madrid/Nacional,,escanerfrecuencias (listado Madrid),SI,Baofeng/HT; RTL-SDR
450,R. TAXI MB S,155.175,155.175,NFM,NFM,Otros/Sin identificar,Otros/Sin identificar,Madrid/Nacional,,escanerfrecuencias (listado Madrid),SI,Baofeng/HT; RTL-SDR
451,R. TAXI,155.375,155.375,NFM,NFM,Otros/Sin identificar,Otros/Sin identificar,Madrid/Nacional,,escanerfrecuencias (listado Madrid),SI,Baofeng/HT; RTL-SDR
452,R. TAXI,155.615,155.615,NFM,NFM,Otros/Sin identificar,Otros/Sin identificar,Madrid/Nacional,,escanerfrecuencias (listado Madrid),SI,Baofeng/HT; RTL-SDR
453,VHF Marino: Incluyendo el canal 16 para emergencias marítimas.,156.0,156-162 MHz,NFM,—,Marítima VHF,Marítima,Nacional,,Listado frecuencias radio España,SI,Baofeng/HT; RTL-SDR
454,GRUA,156.265,156.265,NFM,NFM,Marítima VHF,Transporte,Madrid/Nacional,,escanerfrecuencias (listado Madrid),SI,Baofeng/HT; RTL-SDR
455,Canales VHF marino para diversas comunicaciones marítimas.,156.3,156.300- 156.450- 156.500- 156.550- 156.,NFM,—,Marítima VHF,Marítima,Nacional,,Listado frecuencias radio España,SI,Baofeng/HT; RTL-SDR
456,VHF Maritimo Canal 6 (seguridad),156.3,156.3,NFM,NFM,Marítima VHF,Maritima,Nacional,Comunicaciones de seguridad entre buques. Canal internacional.,"RADIO://es (Notion, curado)",SI,Baofeng/HT; RTL-SDR
457,VHF Maritimo Canal 70 (DSC),156.525,156.525,NFM,Digital,Marítima VHF,Maritima,Nacional,Llamada selectiva digital (DSC) del GMDSS. Rafagas de alerta de socorro. SDR.,"RADIO://es (Notion, curado)",SI,Baofeng/HT; RTL-SDR
458,VHF Maritimo Canal 13 (puente a puente),156.65,156.65,NFM,NFM,Marítima VHF,Maritima,Nacional,Seguridad de la navegacion buque-buque. Muy activo en zonas portuarias y estrechos.,"RADIO://es (Notion, curado)",SI,Baofeng/HT; RTL-SDR
459,"Canales VHF marino, usado para llamadas selectivas digitales – DSC.",156.8,156.800 MHz,NFM,—,Marítima VHF,Radioaficionados,Nacional,,Listado frecuencias radio España,SI,Baofeng/HT; RTL-SDR
460,Canal 16 maritimo (referencia),156.8,156.8,NFM,NFM,Marítima VHF,Maritima,Nacional,"Socorro, urgencia y llamada maritima internacional. Recibible en costa y via WebSDR.","RADIO://es (Notion, curado)",SI,Baofeng/HT; RTL-SDR
461,R. TAXI,156.975,156.975,NFM,NFM,Marítima VHF,Otros/Sin identificar,Madrid/Nacional,,escanerfrecuencias (listado Madrid),SI,Baofeng/HT; RTL-SDR
462,R. CADENA COPE,157.2,157.2,NFM,NFM,Marítima VHF,Medios/Broadcast,Madrid/Nacional,,escanerfrecuencias (listado Madrid),SI,Baofeng/HT; RTL-SDR
463,R.T.V.E.,157.225,157.225,NFM,NFM,Marítima VHF,Otros/Sin identificar,Madrid/Nacional,,escanerfrecuencias (listado Madrid),SI,Baofeng/HT; RTL-SDR
464,TAXI,157.575,157.575,NFM,NFM,Marítima VHF,Otros/Sin identificar,Madrid/Nacional,,escanerfrecuencias (listado Madrid),SI,Baofeng/HT; RTL-SDR
465,EL CORTE INGLES,158.05,158.05,NFM,NFM,Marítima VHF,Otros/Sin identificar,Madrid/Nacional,,escanerfrecuencias (listado Madrid),SI,Baofeng/HT; RTL-SDR
466,TAXI DE MAJADAHONDA,158.92,158.92,NFM,NFM,Marítima VHF,Otros/Sin identificar,Madrid/Nacional,,escanerfrecuencias (listado Madrid),SI,Baofeng/HT; RTL-SDR
467,TAXI MAJADAHONDA,158.925,158.925,NFM,NFM,Marítima VHF,Otros/Sin identificar,Madrid/Nacional,,escanerfrecuencias (listado Madrid),SI,Baofeng/HT; RTL-SDR
468,WALKIES YAESU,159.3,159.3,NFM,NFM,Marítima VHF,PMR446/Uso libre,Madrid/Nacional,,escanerfrecuencias (listado Madrid),SI,Baofeng/HT; RTL-SDR
469,A.D.A. GRUAS CIPERAUTO,159.92,159.92,NFM,NFM,Marítima VHF,Transporte,Madrid/Nacional,,escanerfrecuencias (listado Madrid),SI,Baofeng/HT; RTL-SDR
470,GRUAS FERNANDO,159.95,159.95,NFM,NFM,Marítima VHF,Transporte,Madrid/Nacional,,escanerfrecuencias (listado Madrid),SI,Baofeng/HT; RTL-SDR
471,CONDUCTORES,160.46,160.46,NFM,NFM,Marítima VHF,Otros/Sin identificar,Madrid/Nacional,,escanerfrecuencias (listado Madrid),SI,Baofeng/HT; RTL-SDR
472,TAXI (EMISORA PARTICULAR) B,160.7,160.7,NFM,NFM,Marítima VHF,Servicios/Utilities,Madrid/Nacional,,escanerfrecuencias (listado Madrid),SI,Baofeng/HT; RTL-SDR
473,TOLEDO,160.84,160.84,NFM,NFM,Marítima VHF,Otros/Sin identificar,Madrid/Nacional,,escanerfrecuencias (listado Madrid),SI,Baofeng/HT; RTL-SDR
474,SEGURIDAD PRIVADA B,161.025,161.025,NFM,NFM,Marítima VHF,Otros/Sin identificar,Madrid/Nacional,,escanerfrecuencias (listado Madrid),SI,Baofeng/HT; RTL-SDR
475,AVIONES AIRE-AIRE MB,161.625,161.625,AM,AM,Marítima VHF,Aeronáutica,Madrid/Nacional,,escanerfrecuencias (listado Madrid),SI,RTL-SDR
476,TAXI MB,161.9,161.9,NFM,NFM,Marítima VHF,Otros/Sin identificar,Madrid/Nacional,,escanerfrecuencias (listado Madrid),SI,Baofeng/HT; RTL-SDR
477,AIS Canal A (161.975),161.975,161.975,NFM,Digital,Marítima VHF,Maritima,Nacional,AIS-1: posicion y datos de buques. RTL-SDR + AISdecoder/OpenCPN. Muy popular en escucha costera.,"RADIO://es (Notion, curado)",SI,Baofeng/HT; RTL-SDR
478,AIS Canal B (162.025),162.025,162.025,NFM,Digital,Marítima VHF,Maritima,Nacional,AIS-2. Junto al canal A cubre todo el trafico maritimo. RTL-SDR + software AIS.,"RADIO://es (Notion, curado)",SI,Baofeng/HT; RTL-SDR
479,TAXI (EMISORA PARTICULAR) MB,163.3,163.3,NFM,NFM,VHF servicios,Servicios/Utilities,Madrid/Nacional,,escanerfrecuencias (listado Madrid),SI,Baofeng/HT; RTL-SDR
480,BASUREROS B,163.69,163.69,NFM,NFM,VHF servicios,Radioaficionados,Madrid/Nacional,,escanerfrecuencias (listado Madrid),SI,Baofeng/HT; RTL-SDR
481,EMISORA PRIVADA MB,164.685,164.685,NFM,NFM,VHF servicios,Servicios/Utilities,Madrid/Nacional,,escanerfrecuencias (listado Madrid),SI,Baofeng/HT; RTL-SDR
482,TELETIPOS,165.3,165.3,NFM,NFM,VHF servicios,Medios/Broadcast,Madrid/Nacional,,escanerfrecuencias (listado Madrid),SI,Baofeng/HT; RTL-SDR
483,TELETIPOS,165.325,165.325,NFM,NFM,VHF servicios,Medios/Broadcast,Madrid/Nacional,,escanerfrecuencias (listado Madrid),SI,Baofeng/HT; RTL-SDR
484,SERVICIOS COORDINADOS,165.55,165.55,NFM,NFM,VHF servicios,Otros/Sin identificar,Madrid/Nacional,,escanerfrecuencias (listado Madrid),SI,Baofeng/HT; RTL-SDR
485,R. TAXI,165.875,165.875,NFM,NFM,VHF servicios,Otros/Sin identificar,Madrid/Nacional,,escanerfrecuencias (listado Madrid),SI,Baofeng/HT; RTL-SDR
486,EMISORA PRIVADA MB,166.775,166.775,NFM,NFM,VHF servicios,Servicios/Utilities,Madrid/Nacional,,escanerfrecuencias (listado Madrid),SI,Baofeng/HT; RTL-SDR
487,EMISORA PRIVADA MB,166.85,166.85,NFM,NFM,VHF servicios,Servicios/Utilities,Madrid/Nacional,,escanerfrecuencias (listado Madrid),SI,Baofeng/HT; RTL-SDR
488,"TAXI (ALCOBENDAS,ETC) MB",170.975,170.975,NFM,NFM,VHF servicios,Otros/Sin identificar,Madrid/Nacional,,escanerfrecuencias (listado Madrid),SI,Baofeng/HT; RTL-SDR
489,"TAXI (GETAFE, ETC) B",171.825,171.825,NFM,NFM,VHF servicios,Otros/Sin identificar,Madrid/Nacional,,escanerfrecuencias (listado Madrid),SI,Baofeng/HT; RTL-SDR
490,TAXI MB,171.975,171.975,NFM,NFM,VHF servicios,Otros/Sin identificar,Madrid/Nacional,,escanerfrecuencias (listado Madrid),SI,Baofeng/HT; RTL-SDR
491,TAXI B S,172.8,172.8,NFM,NFM,VHF servicios,Otros/Sin identificar,Madrid/Nacional,,escanerfrecuencias (listado Madrid),SI,Baofeng/HT; RTL-SDR
492,TAXI,172.81,172.81,AM,AM,VHF servicios,Otros/Sin identificar,Madrid/Nacional,,escanerfrecuencias (listado Madrid),SI,RTL-SDR
493,TAXI MB,172.9,172.9,NFM,NFM,VHF servicios,Otros/Sin identificar,Madrid/Nacional,,escanerfrecuencias (listado Madrid),SI,Baofeng/HT; RTL-SDR
494,TAXI MB S,173.675,173.675,NFM,NFM,VHF servicios,Otros/Sin identificar,Madrid/Nacional,,escanerfrecuencias (listado Madrid),SI,Baofeng/HT; RTL-SDR
495,Microfonia inalambrica VHF (Canal 1),174.1,174.1,NFM,NFM,Utilidad,Utilidad,Nacional,5 canales VHF de uso comun para microfonos (UN-95): 174.1/174.3/175.5/176.3/179.3 MHz.,"RADIO://es (Notion, curado)",SI,RTL-SDR
496,TAXI,176.425,176.425,NFM,NFM,Otros/Sin identificar,Otros/Sin identificar,Madrid/Nacional,,escanerfrecuencias (listado Madrid),SI,RTL-SDR
497,ENLACE DE TELEVISION B,180.79,180.79,WFM,WFM,Medios/Broadcast,Medios/Broadcast,Madrid/Nacional,,escanerfrecuencias (listado Madrid),SI,RTL-SDR
498,APP MADRID MB,225.4,225.4,AM,AM,Banda Aérea (militar),Aeronáutica,Madrid/Nacional,,escanerfrecuencias (listado Madrid),SI,RTL-SDR; Escáner aéreo
499,TAXI,230.0,230,NFM,NFM,Banda Aérea (militar),Otros/Sin identificar,Madrid/Nacional,,escanerfrecuencias (listado Madrid),SI,RTL-SDR; Escáner aéreo
500,TAXI B,230.24,230.24,NFM,NFM,Banda Aérea (militar),Otros/Sin identificar,Madrid/Nacional,,escanerfrecuencias (listado Madrid),SI,RTL-SDR; Escáner aéreo
501,TAXI MB,232.205,232.205,NFM,NFM,Banda Aérea (militar),Otros/Sin identificar,Madrid/Nacional,,escanerfrecuencias (listado Madrid),SI,RTL-SDR; Escáner aéreo
502,PUEDE SER EMITRA C MB,232.24,232.24,NFM,NFM,Banda Aérea (militar),Otros/Sin identificar,Madrid/Nacional,,escanerfrecuencias (listado Madrid),SI,RTL-SDR; Escáner aéreo
503,TALLER O SIMILAR C B,232.68,232.68,NFM,NFM,Banda Aérea (militar),Seguridad/Defensa,Madrid/Nacional,,escanerfrecuencias (listado Madrid),SI,RTL-SDR; Escáner aéreo
504,EMERG MB S,243.0,243,AM,AM,Banda Aérea (militar),Otros/Sin identificar,Madrid/Nacional,,escanerfrecuencias (listado Madrid),SI,RTL-SDR; Escáner aéreo
505,Guardia militar / emergencia UHF (243.000),243.0,243,AM,AM,Banda Aérea (militar),Aeronautica,Global,Socorro militar UHF (equivalente de 121.500). Estandar OTAN publico. Requiere RX 225-400 MHz.,"RADIO://es (Notion, curado)",SI,RTL-SDR; Escáner aéreo
506,TAXI,316.05,316.05,NFM,NFM,Banda Aérea (militar),Otros/Sin identificar,Madrid/Nacional,,escanerfrecuencias (listado Madrid),SI,RTL-SDR; Escáner aéreo
507,"Frecuencias NDB: Utilizadas en navegación aérea, transmiten en CW (Morse).",319.0,319- 371- 382- 412- 421- 433 KHz,NFM,—,Banda Aérea (militar),Aeronáutica,Nacional,,Listado frecuencias radio España,SI,RTL-SDR; Escáner aéreo
508,TAXI,319.35,319.35,NFM,NFM,Banda Aérea (militar),Otros/Sin identificar,Madrid/Nacional,,escanerfrecuencias (listado Madrid),SI,RTL-SDR; Escáner aéreo
509,"ILS: Comunicaciones de aproximación a aeropuertos, generalmente son datos técnicos pero puede incluir voz.",328.6,328.6-335.4 MHz,NFM,—,Banda Aérea (militar),Aeronáutica,Nacional,,Listado frecuencias radio España,SI,RTL-SDR; Escáner aéreo
510,SEGURIDAD PRIVADA,335.7875,335.7875,NFM,NFM,Banda Aérea (militar),Otros/Sin identificar,Madrid/Nacional,,escanerfrecuencias (listado Madrid),SI,RTL-SDR; Escáner aéreo
511,SEGURIDAD PRIVADA,336.34,336.34,NFM,NFM,Banda Aérea (militar),Otros/Sin identificar,Madrid/Nacional,,escanerfrecuencias (listado Madrid),SI,RTL-SDR; Escáner aéreo
512,SEGURIDAD PRIVADA,337.225,337.225,NFM,NFM,Banda Aérea (militar),Otros/Sin identificar,Madrid/Nacional,,escanerfrecuencias (listado Madrid),SI,RTL-SDR; Escáner aéreo
513,SEGURIDAD PRIVADA,355.955,355.955,NFM,NFM,Banda Aérea (militar),Otros/Sin identificar,Madrid/Nacional,,escanerfrecuencias (listado Madrid),SI,RTL-SDR; Escáner aéreo
514,PUEDE SER ENLACE DE TELEVISION,392.075,392.075,NFM,NFM,Banda Aérea (militar),Medios/Broadcast,Madrid/Nacional,,escanerfrecuencias (listado Madrid),SI,RTL-SDR; Escáner aéreo
515,PARTE METEREOLOGICO,403.0,403,NFM,NFM,Otros/Sin identificar,Otros/Sin identificar,Madrid/Nacional,,escanerfrecuencias (listado Madrid),SI,Baofeng/HT; RTL-SDR
516,TAXI MB S,406.15,406.15,NFM,NFM,Otros/Sin identificar,Otros/Sin identificar,Madrid/Nacional,,escanerfrecuencias (listado Madrid),SI,Baofeng/HT; RTL-SDR
517,TAXI ( LA MISMAQUE EL 406.1500) MB S,406.7,406.7,NFM,NFM,Otros/Sin identificar,Otros/Sin identificar,Madrid/Nacional,,escanerfrecuencias (listado Madrid),SI,Baofeng/HT; RTL-SDR
518,SEGURIDAD PRIVADA DEL CORTE INGLES DE CASTELLANA MB,407.15,407.15,NFM,NFM,Otros/Sin identificar,Otros/Sin identificar,Madrid/Nacional,,escanerfrecuencias (listado Madrid),SI,Baofeng/HT; RTL-SDR
519,TAXI ( LA MISMAQUE EL 406.1500) MB S,407.475,407.475,NFM,NFM,Otros/Sin identificar,Otros/Sin identificar,Madrid/Nacional,,escanerfrecuencias (listado Madrid),SI,Baofeng/HT; RTL-SDR
520,TAXI ( LA MISMAQUE EL 406.1500) MB,407.775,407.775,NFM,NFM,Otros/Sin identificar,Otros/Sin identificar,Madrid/Nacional,,escanerfrecuencias (listado Madrid),SI,Baofeng/HT; RTL-SDR
521,EMISORA PRIVADA TAXI (DICEN EL ESTADO DEL TRÁFICO) MB S,408.05,408.05,NFM,NFM,Servicios/Utilities,Servicios/Utilities,Madrid/Nacional,,escanerfrecuencias (listado Madrid),SI,Baofeng/HT; RTL-SDR
522,TAXI ( LA MISMAQUE EL 406.1500) MB S,409.45,409.45,NFM,NFM,Otros/Sin identificar,Otros/Sin identificar,Madrid/Nacional,,escanerfrecuencias (listado Madrid),SI,Baofeng/HT; RTL-SDR
523,LIMPIEZA AYUNTAMIENTO MB,414.925,414.925,NFM,NFM,Otros/Sin identificar,Otros/Sin identificar,Madrid/Nacional,,escanerfrecuencias (listado Madrid),SI,Baofeng/HT; RTL-SDR
524,LIMPIEZA AYUNTAMIENTO MB,414.975,414.975,NFM,NFM,Otros/Sin identificar,Otros/Sin identificar,Madrid/Nacional,,escanerfrecuencias (listado Madrid),SI,Baofeng/HT; RTL-SDR
525,SEGURIDAD PRIVADA DEL HIPERCOR DE MENDEZ ALVARO MB S,417.325,417.325,NFM,NFM,Otros/Sin identificar,Otros/Sin identificar,Madrid/Nacional,,escanerfrecuencias (listado Madrid),SI,Baofeng/HT; RTL-SDR
526,LIMPIEZA DEL AYUNTAMIENTO B,423.8,423.8,NFM,NFM,Otros/Sin identificar,Otros/Sin identificar,Madrid/Nacional,,escanerfrecuencias (listado Madrid),SI,Baofeng/HT; RTL-SDR
527,LIMPIEZA DEL AYUNTAMIENTO MB,425.8875,425.8875,NFM,NFM,Otros/Sin identificar,Otros/Sin identificar,Madrid/Nacional,,escanerfrecuencias (listado Madrid),SI,Baofeng/HT; RTL-SDR
528,LIMPIEZA DEL AYUNTAMIENTO MB S,426.437,426.437,NFM,NFM,Otros/Sin identificar,Otros/Sin identificar,Madrid/Nacional,,escanerfrecuencias (listado Madrid),SI,Baofeng/HT; RTL-SDR
529,LIMPIEZA DEL AYUNTAMIENTO MB,426.525,426.525,NFM,NFM,Otros/Sin identificar,Otros/Sin identificar,Madrid/Nacional,,escanerfrecuencias (listado Madrid),SI,Baofeng/HT; RTL-SDR
530,JARDINEROS AYUNTAMIENTO MB S,427.4125,427.4125,NFM,NFM,Otros/Sin identificar,Otros/Sin identificar,Madrid/Nacional,,escanerfrecuencias (listado Madrid),SI,Baofeng/HT; RTL-SDR
531,LIMPIEZA DEL AYUNTAMIENTO (CAMIONES DE RECOGIDA) MB S,427.45,427.45,NFM,NFM,Transporte,Transporte,Madrid/Nacional,,escanerfrecuencias (listado Madrid),SI,Baofeng/HT; RTL-SDR
532,TAXI B S,427.55,427.55,NFM,NFM,Otros/Sin identificar,Otros/Sin identificar,Madrid/Nacional,,escanerfrecuencias (listado Madrid),SI,Baofeng/HT; RTL-SDR
533,TAXI MB S,428.875,428.875,NFM,NFM,Otros/Sin identificar,Otros/Sin identificar,Madrid/Nacional,,escanerfrecuencias (listado Madrid),SI,Baofeng/HT; RTL-SDR
534,PUEDEN SER TAXISTAS C B,429.0,429,NFM,NFM,Otros/Sin identificar,Otros/Sin identificar,Madrid/Nacional,,escanerfrecuencias (listado Madrid),SI,Baofeng/HT; RTL-SDR
535,TAXI MB,429.45,429.45,NFM,NFM,Otros/Sin identificar,Otros/Sin identificar,Madrid/Nacional,,escanerfrecuencias (listado Madrid),SI,Baofeng/HT; RTL-SDR
536,Banda de 70 centímetros: Usada por radioaficionados para comunicaciones de voz.,430.0,430-440 MHz,NFM,—,Radioaficionado 70 cm,Radioaficionados,Nacional,,Listado frecuencias radio España,SI,Baofeng/HT; RTL-SDR
537,TAXI MB S,430.85,430.85,NFM,NFM,Radioaficionado 70 cm,Otros/Sin identificar,Madrid/Nacional,,escanerfrecuencias (listado Madrid),SI,Baofeng/HT; RTL-SDR
538,R70 ENTRADA,431.05,431.05,NFM,NFM,Radioaficionado 70 cm,Radioaficionados,Madrid/Nacional,,escanerfrecuencias (listado Madrid),SI,Baofeng/HT; RTL-SDR
539,R71 ENTRADA,431.075,431.075,NFM,NFM,Radioaficionado 70 cm,Radioaficionados,Madrid/Nacional,,escanerfrecuencias (listado Madrid),SI,Baofeng/HT; RTL-SDR
540,R72 ENTRADA,431.1,431.1,NFM,NFM,Radioaficionado 70 cm,Radioaficionados,Madrid/Nacional,,escanerfrecuencias (listado Madrid),SI,Baofeng/HT; RTL-SDR
541,R73 ENTRADA,431.125,431.125,NFM,NFM,Radioaficionado 70 cm,Radioaficionados,Madrid/Nacional,,escanerfrecuencias (listado Madrid),SI,Baofeng/HT; RTL-SDR
542,R74 ENTRADA,431.15,431.15,NFM,NFM,Radioaficionado 70 cm,Radioaficionados,Madrid/Nacional,,escanerfrecuencias (listado Madrid),SI,Baofeng/HT; RTL-SDR
543,R75 ENTRADA,431.175,431.175,NFM,NFM,Radioaficionado 70 cm,Radioaficionados,Madrid/Nacional,,escanerfrecuencias (listado Madrid),SI,Baofeng/HT; RTL-SDR
544,R76 ENTRADA,431.2,431.2,NFM,NFM,Radioaficionado 70 cm,Radioaficionados,Madrid/Nacional,,escanerfrecuencias (listado Madrid),SI,Baofeng/HT; RTL-SDR
545,R77 ENTRADA,431.225,431.225,NFM,NFM,Radioaficionado 70 cm,Radioaficionados,Madrid/Nacional,,escanerfrecuencias (listado Madrid),SI,Baofeng/HT; RTL-SDR
546,R78 ENTRADA,431.25,431.25,NFM,NFM,Radioaficionado 70 cm,Radioaficionados,Madrid/Nacional,,escanerfrecuencias (listado Madrid),SI,Baofeng/HT; RTL-SDR
547,R79 ENTRADA,431.275,431.275,NFM,NFM,Radioaficionado 70 cm,Radioaficionados,Madrid/Nacional,,escanerfrecuencias (listado Madrid),SI,Baofeng/HT; RTL-SDR
548,R80 ENTRADA,431.3,431.3,NFM,NFM,Radioaficionado 70 cm,Radioaficionados,Madrid/Nacional,,escanerfrecuencias (listado Madrid),SI,Baofeng/HT; RTL-SDR
549,R81 ENTRADA,431.325,431.325,NFM,NFM,Radioaficionado 70 cm,Radioaficionados,Madrid/Nacional,,escanerfrecuencias (listado Madrid),SI,Baofeng/HT; RTL-SDR
550,R82 ENTRADA,431.35,431.35,NFM,NFM,Radioaficionado 70 cm,Radioaficionados,Madrid/Nacional,,escanerfrecuencias (listado Madrid),SI,Baofeng/HT; RTL-SDR
551,R83 ENTRADA,431.375,431.375,NFM,NFM,Radioaficionado 70 cm,Radioaficionados,Madrid/Nacional,,escanerfrecuencias (listado Madrid),SI,Baofeng/HT; RTL-SDR
552,R84 ENTRADA C MB S,431.4,431.4,NFM,NFM,Radioaficionado 70 cm,Radioaficionados,Madrid/Nacional,,escanerfrecuencias (listado Madrid),SI,Baofeng/HT; RTL-SDR
553,R85 ENTRADA,431.425,431.425,NFM,NFM,Radioaficionado 70 cm,Radioaficionados,Madrid/Nacional,,escanerfrecuencias (listado Madrid),SI,Baofeng/HT; RTL-SDR
554,R86 ENTRADA,431.45,431.45,NFM,NFM,Radioaficionado 70 cm,Radioaficionados,Madrid/Nacional,,escanerfrecuencias (listado Madrid),SI,Baofeng/HT; RTL-SDR
555,R87 ENTRADA,431.475,431.475,NFM,NFM,Radioaficionado 70 cm,Radioaficionados,Madrid/Nacional,,escanerfrecuencias (listado Madrid),SI,Baofeng/HT; RTL-SDR
556,R88 ENTRADA,431.5,431.5,NFM,NFM,Radioaficionado 70 cm,Radioaficionados,Madrid/Nacional,,escanerfrecuencias (listado Madrid),SI,Baofeng/HT; RTL-SDR
557,R89 ENTRADA,431.525,431.525,NFM,NFM,Radioaficionado 70 cm,Radioaficionados,Madrid/Nacional,,escanerfrecuencias (listado Madrid),SI,Baofeng/HT; RTL-SDR
558,R90 ENTRADA,431.55,431.55,NFM,NFM,Radioaficionado 70 cm,Radioaficionados,Madrid/Nacional,,escanerfrecuencias (listado Madrid),SI,Baofeng/HT; RTL-SDR
559,R91 ENTRADA,431.575,431.575,NFM,NFM,Radioaficionado 70 cm,Radioaficionados,Madrid/Nacional,,escanerfrecuencias (listado Madrid),SI,Baofeng/HT; RTL-SDR
560,R92 ENTRADA,431.6,431.6,NFM,NFM,Radioaficionado 70 cm,Radioaficionados,Madrid/Nacional,,escanerfrecuencias (listado Madrid),SI,Baofeng/HT; RTL-SDR
561,R93 ENTRADA,431.625,431.625,NFM,NFM,Radioaficionado 70 cm,Radioaficionados,Madrid/Nacional,,escanerfrecuencias (listado Madrid),SI,Baofeng/HT; RTL-SDR
562,R94 ENTRADA,431.65,431.65,NFM,NFM,Radioaficionado 70 cm,Radioaficionados,Madrid/Nacional,,escanerfrecuencias (listado Madrid),SI,Baofeng/HT; RTL-SDR
563,R95 ENTRADA,431.675,431.675,NFM,NFM,Radioaficionado 70 cm,Radioaficionados,Madrid/Nacional,,escanerfrecuencias (listado Madrid),SI,Baofeng/HT; RTL-SDR
564,R96 ENTRADA,431.7,431.7,NFM,NFM,Radioaficionado 70 cm,Radioaficionados,Madrid/Nacional,,escanerfrecuencias (listado Madrid),SI,Baofeng/HT; RTL-SDR
565,R97 ENTRADA,431.725,431.725,NFM,NFM,Radioaficionado 70 cm,Radioaficionados,Madrid/Nacional,,escanerfrecuencias (listado Madrid),SI,Baofeng/HT; RTL-SDR
566,R98 ENTRADA,431.75,431.75,NFM,NFM,Radioaficionado 70 cm,Radioaficionados,Madrid/Nacional,,escanerfrecuencias (listado Madrid),SI,Baofeng/HT; RTL-SDR
567,R99 ENTRADA,431.775,431.775,NFM,NFM,Radioaficionado 70 cm,Radioaficionados,Madrid/Nacional,,escanerfrecuencias (listado Madrid),SI,Baofeng/HT; RTL-SDR
568,R100 ENTRADA MB S,431.8,431.8,NFM,NFM,Radioaficionado 70 cm,Radioaficionados,Madrid/Nacional,,escanerfrecuencias (listado Madrid),SI,Baofeng/HT; RTL-SDR
569,R101 ENTRADA,431.825,431.825,NFM,NFM,Radioaficionado 70 cm,Radioaficionados,Madrid/Nacional,,escanerfrecuencias (listado Madrid),SI,Baofeng/HT; RTL-SDR
570,Llamada FM 70cm,433.5,433.5,NFM,NFM,Radioaficionado 70 cm,Radioaficionados,Nacional,Llamada FM simplex UHF. Salidas de repetidores en 438.600-439.9875 (entrada -7.6 MHz).,"RADIO://es (Notion, curado)",SI,Baofeng/HT; RTL-SDR
571,SRD 433 MHz (telemando/telemetria),433.92,433.92,NFM,Digital,Radioaficionado 70 cm,Utilidad,Global,"Mandos de garaje, sensores, estaciones meteo, timbres (ISM). Rafagas OOK/FSK con SDR + rtl_433.","RADIO://es (Notion, curado)",SI,Baofeng/HT; RTL-SDR
572,LPD433 (banda central),434.5,434.5,NFM,NFM,Radioaficionado 70 cm,Utilidad,Nacional,"SRD 433.075-434.775 MHz, 69 canales, 10 mW. Voz en 434.040-434.790. Estadios, ferias, zonas tecnicas.","RADIO://es (Notion, curado)",SI,Baofeng/HT; RTL-SDR
573,EMISORA PRIVADA MB S,437.8,437.8,NFM,NFM,Radioaficionado 70 cm,Servicios/Utilities,Madrid/Nacional,,escanerfrecuencias (listado Madrid),SI,Baofeng/HT; RTL-SDR
574,ESTACIONES DE RADIAFICIONADOS(FREQ) MB,438.3,438.3,NFM,NFM,Radioaficionado 70 cm,Radioaficionados,Madrid/Nacional,,escanerfrecuencias (listado Madrid),SI,Baofeng/HT; RTL-SDR
575,R70 SALIDA,438.65,438.65,NFM,NFM,Radioaficionado 70 cm,Radioaficionados,Madrid/Nacional,,escanerfrecuencias (listado Madrid),SI,Baofeng/HT; RTL-SDR
576,R71 SALIDA,438.675,438.675,NFM,NFM,Radioaficionado 70 cm,Radioaficionados,Madrid/Nacional,,escanerfrecuencias (listado Madrid),SI,Baofeng/HT; RTL-SDR
577,R72 SALIDA,438.7,438.7,NFM,NFM,Radioaficionado 70 cm,Radioaficionados,Madrid/Nacional,,escanerfrecuencias (listado Madrid),SI,Baofeng/HT; RTL-SDR
578,Repetidor FM 70cm El Bierzo (EA1RCU),438.7,438.7,NFM,NFM,Radioaficionado 70 cm,Radioaficionados,El Bierzo / Leon,"Salida FM del RC EA1RCU (Ponferrada, entrada -7.6 MHz). Confirmar salida y subtono en URE.","RADIO://es (Notion, curado)",SI,Baofeng/HT; RTL-SDR
579,R73 SALIDA,438.725,438.725,NFM,NFM,Radioaficionado 70 cm,Radioaficionados,Madrid/Nacional,,escanerfrecuencias (listado Madrid),SI,Baofeng/HT; RTL-SDR
580,R74 SALIDA,438.75,438.75,NFM,NFM,Radioaficionado 70 cm,Radioaficionados,Madrid/Nacional,,escanerfrecuencias (listado Madrid),SI,Baofeng/HT; RTL-SDR
581,R75 SALIDA,438.775,438.775,NFM,NFM,Radioaficionado 70 cm,Radioaficionados,Madrid/Nacional,,escanerfrecuencias (listado Madrid),SI,Baofeng/HT; RTL-SDR
582,R76 SALIDA,438.8,438.8,NFM,NFM,Radioaficionado 70 cm,Radioaficionados,Madrid/Nacional,,escanerfrecuencias (listado Madrid),SI,Baofeng/HT; RTL-SDR
583,R77 SALIDA,438.825,438.825,NFM,NFM,Radioaficionado 70 cm,Radioaficionados,Madrid/Nacional,,escanerfrecuencias (listado Madrid),SI,Baofeng/HT; RTL-SDR
584,R78 SALIDA,438.85,438.85,NFM,NFM,Radioaficionado 70 cm,Radioaficionados,Madrid/Nacional,,escanerfrecuencias (listado Madrid),SI,Baofeng/HT; RTL-SDR
585,R79 SALIDA,438.875,438.875,NFM,NFM,Radioaficionado 70 cm,Radioaficionados,Madrid/Nacional,,escanerfrecuencias (listado Madrid),SI,Baofeng/HT; RTL-SDR
586,R80 SALIDA,438.9,438.9,NFM,NFM,Radioaficionado 70 cm,Radioaficionados,Madrid/Nacional,,escanerfrecuencias (listado Madrid),SI,Baofeng/HT; RTL-SDR
587,R81 SALIDA,438.925,438.925,NFM,NFM,Radioaficionado 70 cm,Radioaficionados,Madrid/Nacional,,escanerfrecuencias (listado Madrid),SI,Baofeng/HT; RTL-SDR
588,R82 SALIDA MB,438.95,438.95,NFM,NFM,Radioaficionado 70 cm,Radioaficionados,Madrid/Nacional,,escanerfrecuencias (listado Madrid),SI,Baofeng/HT; RTL-SDR
589,R83 SALIDA,438.975,438.975,NFM,NFM,Radioaficionado 70 cm,Radioaficionados,Madrid/Nacional,,escanerfrecuencias (listado Madrid),SI,Baofeng/HT; RTL-SDR
590,R84 SALIDA,439.0,439,NFM,NFM,Radioaficionado 70 cm,Radioaficionados,Madrid/Nacional,,escanerfrecuencias (listado Madrid),SI,Baofeng/HT; RTL-SDR
591,Repetidor DMR sierra de Madrid,439.0,439,NFM,Digital,Radioaficionado 70 cm,Radioaficionados,Madrid / Sierra,Segmento repetidores DMR 70cm (entrada -7.6 MHz). Callsign y color code en URE. SDR + DSD-FME.,"RADIO://es (Notion, curado)",SI,Baofeng/HT; RTL-SDR
592,R85 SALIDA,439.025,439.025,NFM,NFM,Radioaficionado 70 cm,Radioaficionados,Madrid/Nacional,,escanerfrecuencias (listado Madrid),SI,Baofeng/HT; RTL-SDR
593,R86 SALIDA,439.05,439.05,NFM,NFM,Radioaficionado 70 cm,Radioaficionados,Madrid/Nacional,,escanerfrecuencias (listado Madrid),SI,Baofeng/HT; RTL-SDR
594,R87 SALIDA,439.075,439.075,NFM,NFM,Radioaficionado 70 cm,Radioaficionados,Madrid/Nacional,,escanerfrecuencias (listado Madrid),SI,Baofeng/HT; RTL-SDR
595,R88 SALIDA,439.1,439.1,NFM,NFM,Radioaficionado 70 cm,Radioaficionados,Madrid/Nacional,,escanerfrecuencias (listado Madrid),SI,Baofeng/HT; RTL-SDR
596,R89 SALIDA,439.125,439.125,NFM,NFM,Radioaficionado 70 cm,Radioaficionados,Madrid/Nacional,,escanerfrecuencias (listado Madrid),SI,Baofeng/HT; RTL-SDR
597,R90 SALIDA,439.15,439.15,NFM,NFM,Radioaficionado 70 cm,Radioaficionados,Madrid/Nacional,,escanerfrecuencias (listado Madrid),SI,Baofeng/HT; RTL-SDR
598,R91 SALIDA,439.175,439.175,NFM,NFM,Radioaficionado 70 cm,Radioaficionados,Madrid/Nacional,,escanerfrecuencias (listado Madrid),SI,Baofeng/HT; RTL-SDR
599,R92 SALIDA,439.2,439.2,NFM,NFM,Radioaficionado 70 cm,Radioaficionados,Madrid/Nacional,,escanerfrecuencias (listado Madrid),SI,Baofeng/HT; RTL-SDR
600,R93 SALIDA,439.225,439.225,NFM,NFM,Radioaficionado 70 cm,Radioaficionados,Madrid/Nacional,,escanerfrecuencias (listado Madrid),SI,Baofeng/HT; RTL-SDR
601,R94 SALIDA,439.25,439.25,NFM,NFM,Radioaficionado 70 cm,Radioaficionados,Madrid/Nacional,,escanerfrecuencias (listado Madrid),SI,Baofeng/HT; RTL-SDR
602,R95 SALIDA,439.275,439.275,NFM,NFM,Radioaficionado 70 cm,Radioaficionados,Madrid/Nacional,,escanerfrecuencias (listado Madrid),SI,Baofeng/HT; RTL-SDR
603,R96 SALIDA,439.3,439.3,NFM,NFM,Radioaficionado 70 cm,Radioaficionados,Madrid/Nacional,,escanerfrecuencias (listado Madrid),SI,Baofeng/HT; RTL-SDR
604,R97 SALIDA,439.325,439.325,NFM,NFM,Radioaficionado 70 cm,Radioaficionados,Madrid/Nacional,,escanerfrecuencias (listado Madrid),SI,Baofeng/HT; RTL-SDR
605,R98 SALIDA,439.35,439.35,NFM,NFM,Radioaficionado 70 cm,Radioaficionados,Madrid/Nacional,,escanerfrecuencias (listado Madrid),SI,Baofeng/HT; RTL-SDR
606,R99 SALIDA,439.375,439.375,NFM,NFM,Radioaficionado 70 cm,Radioaficionados,Madrid/Nacional,,escanerfrecuencias (listado Madrid),SI,Baofeng/HT; RTL-SDR
607,R100 SALIDA MB,439.4,439.4,NFM,NFM,Radioaficionado 70 cm,Radioaficionados,Madrid/Nacional,,escanerfrecuencias (listado Madrid),SI,Baofeng/HT; RTL-SDR
608,R101 SALIDA,439.425,439.425,NFM,NFM,Radioaficionado 70 cm,Radioaficionados,Madrid/Nacional,,escanerfrecuencias (listado Madrid),SI,Baofeng/HT; RTL-SDR
609,CUBAS ( OBRAS) MB,441.625,441.625,NFM,NFM,Otros/Sin identificar,Otros/Sin identificar,Madrid/Nacional,,escanerfrecuencias (listado Madrid),SI,Baofeng/HT; RTL-SDR
610,TAXI MB,445.3125,445.3125,NFM,NFM,Otros/Sin identificar,Otros/Sin identificar,Madrid/Nacional,,escanerfrecuencias (listado Madrid),SI,Baofeng/HT; RTL-SDR
611,PMR446: Uso libre para comunicaciones de voz de corto alcance. Utilizada por ejemplo por camioneros que usan dispositivo,446.0,446.0-446.2 MHz,NFM,—,PMR446,Uso común,Nacional,,Listado frecuencias radio España,SI,Baofeng/HT; RTL-SDR
612,Canal DMR para emergencias: Requiere decodificación digital para interpretar las comunicaciones.,446.0,446 MHz (DMR TG 99),NFM,—,PMR446,Uso común,Nacional,,Listado frecuencias radio España,SI,Baofeng/HT; RTL-SDR
613,"WALKIES, USO SIN LICENCIA (CANAL 1) MB S",446.0062,446.0062,NFM,NFM,PMR446,PMR446/Uso libre,Madrid/Nacional,,escanerfrecuencias (listado Madrid),SI,Baofeng/HT; RTL-SDR
614,PMR446 Canal 1,446.00625,446.00625,NFM,NFM,PMR446,PMR446,Nacional,Canales 1-8 en pasos de 12.5 kHz. Uso libre; muy activo en senderismo los fines de semana.,"RADIO://es (Notion, curado)",SI,Baofeng/HT; RTL-SDR
615,"WALKIES, USO SIN LICENCIA (CANAL 2) MB S",446.0187,446.0187,NFM,NFM,PMR446,PMR446/Uso libre,Madrid/Nacional,,escanerfrecuencias (listado Madrid),SI,Baofeng/HT; RTL-SDR
616,"WALKIES, USO SIN LICENCIA (CANAL 3) MB S",446.0312,446.0312,NFM,NFM,PMR446,PMR446/Uso libre,Madrid/Nacional,,escanerfrecuencias (listado Madrid),SI,Baofeng/HT; RTL-SDR
617,"WALKIES, USO SIN LICENCIA (CANAL 4) MB S",446.0437,446.0437,NFM,NFM,PMR446,PMR446/Uso libre,Madrid/Nacional,,escanerfrecuencias (listado Madrid),SI,Baofeng/HT; RTL-SDR
618,PMR446 Canal 4,446.04375,446.04375,NFM,NFM,PMR446,PMR446,Nacional,Muy usado por personal de supermercados y almacenes. Uso comun (CNAF UN-110).,"RADIO://es (Notion, curado)",SI,Baofeng/HT; RTL-SDR
619,"WALKIES, USO SIN LICENCIA (CANAL 5) MB S",446.0562,446.0562,NFM,NFM,PMR446,PMR446/Uso libre,Madrid/Nacional,,escanerfrecuencias (listado Madrid),SI,Baofeng/HT; RTL-SDR
620,PMR446 Canal 5,446.05625,446.05625,NFM,NFM,PMR446,PMR446,Nacional,Frecuente en retail y grandes superficies. Uso comun libre (CNAF UN-110).,"RADIO://es (Notion, curado)",SI,Baofeng/HT; RTL-SDR
621,"WALKIES, USO SIN LICENCIA (CANAL 6) MB S",446.0687,446.0687,NFM,NFM,PMR446,PMR446/Uso libre,Madrid/Nacional,,escanerfrecuencias (listado Madrid),SI,Baofeng/HT; RTL-SDR
622,"WALKIES, USO SIN LICENCIA (CANAL 7) MB S",446.0812,446.0812,NFM,NFM,PMR446,PMR446/Uso libre,Madrid/Nacional,,escanerfrecuencias (listado Madrid),SI,Baofeng/HT; RTL-SDR
623,"WALKIES, USO SIN LICENCIA (CANAL MB S",446.0937,446.0937,NFM,NFM,PMR446,PMR446/Uso libre,Madrid/Nacional,,escanerfrecuencias (listado Madrid),SI,Baofeng/HT; RTL-SDR
624,PMR446 Canal 8,446.09375,446.09375,NFM,NFM,PMR446,PMR446,Nacional,Popular como canal de montana/emergencia informal entre senderistas.,"RADIO://es (Notion, curado)",SI,Baofeng/HT; RTL-SDR
625,PMR446 Digital Canal 10 (DMR),446.11875,446.11875,NFM,Digital,PMR446,PMR446,Nacional,Segmento digital 446.1-446.2 (DMR Tier I / dPMR). Seguridad auxiliar de eventos. SDR + DSD.,"RADIO://es (Notion, curado)",SI,Baofeng/HT; RTL-SDR
626,SEGURIDAD PRIVADA CHAMARTIN MB,448.4,448.4,NFM,NFM,UHF servicios,Otros/Sin identificar,Madrid/Nacional,,escanerfrecuencias (listado Madrid),SI,Baofeng/HT; RTL-SDR
627,LIMPIEZA DEL AYUNTAMIENTO(PUNTOS LIMPIOS),448.85,448.85,NFM,NFM,UHF servicios,Otros/Sin identificar,Madrid/Nacional,,escanerfrecuencias (listado Madrid),SI,Baofeng/HT; RTL-SDR
628,MOTO TVE VUELTA CICLISTA,452.05,452.05,NFM,NFM,UHF servicios,Medios/Broadcast,Madrid/Nacional,,escanerfrecuencias (listado Madrid),SI,Baofeng/HT; RTL-SDR
629,TAXI B S,452.95,452.95,NFM,NFM,UHF servicios,Otros/Sin identificar,Madrid/Nacional,,escanerfrecuencias (listado Madrid),SI,Baofeng/HT; RTL-SDR
630,TAXI,453.325,453.325,NFM,NFM,UHF servicios,Otros/Sin identificar,Madrid/Nacional,,escanerfrecuencias (listado Madrid),SI,Baofeng/HT; RTL-SDR
631,TAXI LA MISMA QUE EL 452950 C S,453.475,453.475,NFM,NFM,UHF servicios,Otros/Sin identificar,Madrid/Nacional,,escanerfrecuencias (listado Madrid),SI,Baofeng/HT; RTL-SDR
632,TAXI,453.7,453.7,NFM,NFM,UHF servicios,Otros/Sin identificar,Madrid/Nacional,,escanerfrecuencias (listado Madrid),SI,Baofeng/HT; RTL-SDR
633,TAXI,453.725,453.725,NFM,NFM,UHF servicios,Otros/Sin identificar,Madrid/Nacional,,escanerfrecuencias (listado Madrid),SI,Baofeng/HT; RTL-SDR
634,TAXI,453.75,453.75,NFM,NFM,UHF servicios,Otros/Sin identificar,Madrid/Nacional,,escanerfrecuencias (listado Madrid),SI,Baofeng/HT; RTL-SDR
635,EMISORA PRIVADA MB,459.2,459.2,NFM,NFM,UHF servicios,Servicios/Utilities,Madrid/Nacional,,escanerfrecuencias (listado Madrid),SI,Baofeng/HT; RTL-SDR
636,TAXI,459.65,459.65,NFM,NFM,UHF servicios,Otros/Sin identificar,Madrid/Nacional,,escanerfrecuencias (listado Madrid),SI,Baofeng/HT; RTL-SDR
637,ESTACIONES DE RADIAFICIONADOS(FREQ) MB,459.7,459.7,NFM,NFM,UHF servicios,Radioaficionados,Madrid/Nacional,,escanerfrecuencias (listado Madrid),SI,Baofeng/HT; RTL-SDR
638,SEGURIDAD PRIVADA ATOCHA,462.36,462.36,NFM,NFM,UHF servicios,Otros/Sin identificar,Madrid/Nacional,,escanerfrecuencias (listado Madrid),SI,Baofeng/HT; RTL-SDR
639,TAXI,462.55,462.55,NFM,NFM,UHF servicios,Otros/Sin identificar,Madrid/Nacional,,escanerfrecuencias (listado Madrid),SI,Baofeng/HT; RTL-SDR
640,TAXI MB S,462.95,462.95,NFM,NFM,UHF servicios,Otros/Sin identificar,Madrid/Nacional,,escanerfrecuencias (listado Madrid),SI,Baofeng/HT; RTL-SDR
641,LIMPIEZA DEL AYUNTAMIENTO MB S,462.9875,462.9875,NFM,NFM,UHF servicios,Otros/Sin identificar,Madrid/Nacional,,escanerfrecuencias (listado Madrid),SI,Baofeng/HT; RTL-SDR
642,SEGURIDAD PRIVADA MB S,463.0625,463.0625,NFM,NFM,UHF servicios,Otros/Sin identificar,Madrid/Nacional,,escanerfrecuencias (listado Madrid),SI,Baofeng/HT; RTL-SDR
643,TAXI ( LA MISMA QUE EL 462.950.0) MB S,463.475,463.475,NFM,NFM,UHF servicios,Otros/Sin identificar,Madrid/Nacional,,escanerfrecuencias (listado Madrid),SI,Baofeng/HT; RTL-SDR
644,TECMED (LIMPIEZA) MB S,463.5375,463.5375,NFM,NFM,UHF servicios,Otros/Sin identificar,Madrid/Nacional,,escanerfrecuencias (listado Madrid),SI,Baofeng/HT; RTL-SDR
645,TAXI MB,463.7,463.7,NFM,NFM,UHF servicios,Otros/Sin identificar,Madrid/Nacional,,escanerfrecuencias (listado Madrid),SI,Baofeng/HT; RTL-SDR
646,TAXI MB S,463.75,463.75,NFM,NFM,UHF servicios,Otros/Sin identificar,Madrid/Nacional,,escanerfrecuencias (listado Madrid),SI,Baofeng/HT; RTL-SDR
647,TAXI ( LA MISMA QUE EL 462.950.0) MB S,463.775,463.775,NFM,NFM,UHF servicios,Otros/Sin identificar,Madrid/Nacional,,escanerfrecuencias (listado Madrid),SI,Baofeng/HT; RTL-SDR
648,R.T.V.E.,465.765,465.765,WFM,WFM,UHF servicios,Otros/Sin identificar,Madrid/Nacional,,escanerfrecuencias (listado Madrid),SI,RTL-SDR
649,TAXI MB S,468.075,468.075,NFM,NFM,UHF servicios,Otros/Sin identificar,Madrid/Nacional,,escanerfrecuencias (listado Madrid),SI,Baofeng/HT; RTL-SDR
650,TAXI,468.2,468.2,NFM,NFM,UHF servicios,Otros/Sin identificar,Madrid/Nacional,,escanerfrecuencias (listado Madrid),SI,Baofeng/HT; RTL-SDR
651,IBERIA,469.2,469.2,NFM,NFM,UHF servicios,Aeronáutica,Madrid/Nacional,,escanerfrecuencias (listado Madrid),SI,Baofeng/HT; RTL-SDR
652,TAXI MB,469.65,469.65,NFM,NFM,UHF servicios,Otros/Sin identificar,Madrid/Nacional,,escanerfrecuencias (listado Madrid),SI,Baofeng/HT; RTL-SDR
653,"UHF: Banda utilizada para la Televisión Digital Terrestre (TDT), requiere decodificador de TDT.",470.0,470-790 MHz,NFM,—,UHF servicios,Broadcast,Nacional,,Listado frecuencias radio España,SI,Baofeng/HT; RTL-SDR
654,TAXI MB,474.35,474.35,NFM,NFM,Otros/Sin identificar,Otros/Sin identificar,Madrid/Nacional,,escanerfrecuencias (listado Madrid),SI,Baofeng/HT; RTL-SDR
655,TAXI ( LA MISMA QUE EL 474.350.0) MB,474.875,474.875,NFM,NFM,Otros/Sin identificar,Otros/Sin identificar,Madrid/Nacional,,escanerfrecuencias (listado Madrid),SI,Baofeng/HT; RTL-SDR
656,T.V.E 2 B,476.75,476.75,NFM,NFM,Otros/Sin identificar,Otros/Sin identificar,Madrid/Nacional,,escanerfrecuencias (listado Madrid),SI,Baofeng/HT; RTL-SDR
657,SEGURIDAD PRIVADA,483.325,483.325,NFM,NFM,Otros/Sin identificar,Otros/Sin identificar,Madrid/Nacional,,escanerfrecuencias (listado Madrid),SI,Baofeng/HT; RTL-SDR
658,TAXI B,484.35,484.35,NFM,NFM,Otros/Sin identificar,Otros/Sin identificar,Madrid/Nacional,,escanerfrecuencias (listado Madrid),SI,Baofeng/HT; RTL-SDR
659,LIMPIEZA DEL AYUNTAMIENTO B,484.387,484.387,NFM,NFM,Otros/Sin identificar,Otros/Sin identificar,Madrid/Nacional,,escanerfrecuencias (listado Madrid),SI,Baofeng/HT; RTL-SDR
660,T.V.E 2 B,484.762,484.762,WFM,WFM,Otros/Sin identificar,Otros/Sin identificar,Madrid/Nacional,,escanerfrecuencias (listado Madrid),SI,RTL-SDR
661,TAXI B,484.875,484.875,NFM,NFM,Otros/Sin identificar,Otros/Sin identificar,Madrid/Nacional,,escanerfrecuencias (listado Madrid),SI,Baofeng/HT; RTL-SDR
662,TAXI MB,485.125,485.125,NFM,NFM,Otros/Sin identificar,Otros/Sin identificar,Madrid/Nacional,,escanerfrecuencias (listado Madrid),SI,Baofeng/HT; RTL-SDR
663,TAXI ( LA MISMA QUE EL 485.125.0) MB,489.475,489.475,NFM,NFM,Otros/Sin identificar,Otros/Sin identificar,Madrid/Nacional,,escanerfrecuencias (listado Madrid),SI,Baofeng/HT; RTL-SDR
664,TAXI (LA MISMA QUE EL 485.125.0) MB,489.75,489.75,NFM,NFM,Otros/Sin identificar,Otros/Sin identificar,Madrid/Nacional,,escanerfrecuencias (listado Madrid),SI,Baofeng/HT; RTL-SDR
665,TAXI MB,491.05,491.05,NFM,NFM,Otros/Sin identificar,Otros/Sin identificar,Madrid/Nacional,,escanerfrecuencias (listado Madrid),SI,Baofeng/HT; RTL-SDR
666,TELE O RADIO RELIGIOSA B,492.75,492.75,WFM,WFM,Medios/Broadcast,Medios/Broadcast,Madrid/Nacional,,escanerfrecuencias (listado Madrid),SI,RTL-SDR
667,T.V.E 2 B,500.75,500.75,WFM,WFM,Otros/Sin identificar,Otros/Sin identificar,Madrid/Nacional,,escanerfrecuencias (listado Madrid),SI,RTL-SDR
668,T.V.E 2 B,506.162,506.162,WFM,WFM,Otros/Sin identificar,Otros/Sin identificar,Madrid/Nacional,,escanerfrecuencias (listado Madrid),SI,RTL-SDR
669,TELE LOCAL B,508.737,508.737,WFM,WFM,Medios/Broadcast,Medios/Broadcast,Madrid/Nacional,,escanerfrecuencias (listado Madrid),SI,RTL-SDR
670,TAXI,522.9,522.9,NFM,NFM,Otros/Sin identificar,Otros/Sin identificar,Madrid/Nacional,,escanerfrecuencias (listado Madrid),SI,RTL-SDR
671,AM: Emisoras de radio comerciales.,530.0,530-1600 kHz,NFM,—,Uso común,Uso común,Nacional,,Listado frecuencias radio España,SI,RTL-SDR
672,RADIO B,820.75,820.75,NFM,NFM,Medios/Broadcast,Medios/Broadcast,Madrid/Nacional,,escanerfrecuencias (listado Madrid),SI,RTL-SDR
673,PMSE produccion TV/eventos (823-832),827.0,827,NFM,Digital,Utilidad,Utilidad,Nacional,"Audio inalambrico de produccion profesional: platos de TV, conciertos, rodajes. UN-151 / UE 2014/641.","RADIO://es (Notion, curado)",SI,RTL-SDR
674,ANTENA 3 B,828.762,828.762,NFM,NFM,Medios/Broadcast,Medios/Broadcast,Madrid/Nacional,,escanerfrecuencias (listado Madrid),SI,RTL-SDR
675,RADIO B,831.35,831.35,NFM,NFM,Medios/Broadcast,Medios/Broadcast,Madrid/Nacional,,escanerfrecuencias (listado Madrid),SI,RTL-SDR
676,TELE LOCAL MX B,839.35,839.35,NFM,NFM,Medios/Broadcast,Medios/Broadcast,Madrid/Nacional,,escanerfrecuencias (listado Madrid),SI,RTL-SDR
677,TELE O RADIO B,843.2125,843.2125,NFM,NFM,Medios/Broadcast,Medios/Broadcast,Madrid/Nacional,,escanerfrecuencias (listado Madrid),SI,RTL-SDR
678,TELE LOCAL MX B,860.075,860.075,NFM,NFM,Medios/Broadcast,Medios/Broadcast,Madrid/Nacional,,escanerfrecuencias (listado Madrid),SI,RTL-SDR
679,Microfonia inalambrica UHF (863-865),864.0,864,NFM,NFM,Utilidad,Utilidad,Nacional,"Uso comun para microfonos y audio (UN-118, 10 mW). Conferencias, iglesias, teatros, bodas. SDR.","RADIO://es (Notion, curado)",SI,RTL-SDR
680,TELEFONO O SIMILAR,929.0875,929.0875,NFM,NFM,Seguridad/Defensa,Seguridad/Defensa,Madrid/Nacional,,escanerfrecuencias (listado Madrid),SI,RTL-SDR
681,TELEFONO O SIMILAR MB,929.8625,929.8625,NFM,NFM,Seguridad/Defensa,Seguridad/Defensa,Madrid/Nacional,,escanerfrecuencias (listado Madrid),SI,RTL-SDR
682,TAXI MB,1267.65,1267.65,NFM,NFM,Radioaficionado 23 cm,Otros/Sin identificar,Madrid/Nacional,,escanerfrecuencias (listado Madrid),SI,RTL-SDR
683,COCHES 061 MB S,74.4,74.4,NFM,NFM,Emergencia sanitaria,Emergencia sanitaria,Madrid/Nacional,,escanerfrecuencias (listado Madrid),DUDOSO,RTL-SDR
684,061 UVI (INSALUD) MB,74.5,74.5,NFM,NFM,Emergencia sanitaria,Emergencia sanitaria,Madrid/Nacional,,escanerfrecuencias (listado Madrid),DUDOSO,RTL-SDR
685,USO DESCONOCIDO,76.95,76.95,NFM,NFM,Otros/Sin identificar,Otros/Sin identificar,Madrid/Nacional,,escanerfrecuencias (listado Madrid),DUDOSO,RTL-SDR
686,AMBULANCIAS PRIVADAS MB,78.625,78.625,NFM,NFM,Emergencia sanitaria,Emergencia sanitaria,Madrid/Nacional,,escanerfrecuencias (listado Madrid),DUDOSO,RTL-SDR
687,061 UVI (INSALUD) MB,80.225,80.225,NFM,NFM,Emergencia sanitaria,Emergencia sanitaria,Madrid/Nacional,,escanerfrecuencias (listado Madrid),DUDOSO,RTL-SDR
688,AMBULANCIAS MB,80.23,80.23,NFM,NFM,Emergencia sanitaria,Emergencia sanitaria,Madrid/Nacional,,escanerfrecuencias (listado Madrid),DUDOSO,RTL-SDR
689,SUMMA B,80.3,80.3,NFM,NFM,Emergencia sanitaria,Emergencia sanitaria,Madrid/Nacional,,escanerfrecuencias (listado Madrid),DUDOSO,RTL-SDR
690,SUMMA B S,80.4,80.4,NFM,NFM,Emergencia sanitaria,Emergencia sanitaria,Madrid/Nacional,,escanerfrecuencias (listado Madrid),DUDOSO,RTL-SDR
691,TRAFICO,81.225,81.225,NFM,NFM,Transporte,Transporte,Madrid/Nacional,,escanerfrecuencias (listado Madrid),DUDOSO,RTL-SDR
692,FORESTALES,81.55,81.55,NFM,NFM,Protección civil,Protección civil,Madrid/Nacional,,escanerfrecuencias (listado Madrid),DUDOSO,RTL-SDR
693,USO DESCONOCIDO,81.675,81.675,NFM,NFM,Otros/Sin identificar,Otros/Sin identificar,Madrid/Nacional,,escanerfrecuencias (listado Madrid),DUDOSO,RTL-SDR
694,USO DESCONOCIDO,82.3,82.3,NFM,NFM,Otros/Sin identificar,Otros/Sin identificar,Madrid/Nacional,,escanerfrecuencias (listado Madrid),DUDOSO,RTL-SDR
695,FORESTALES,82.75,82.75,NFM,NFM,Protección civil,Protección civil,Madrid/Nacional,,escanerfrecuencias (listado Madrid),DUDOSO,RTL-SDR
696,BOMBEROS,83.651,83.651,NFM,NFM,Protección civil,Protección civil,Madrid/Nacional,,escanerfrecuencias (listado Madrid),DUDOSO,RTL-SDR
697,D.Y.A.,85.375,85.375,NFM,NFM,Emergencia sanitaria,Emergencia sanitaria,Madrid/Nacional,,escanerfrecuencias (listado Madrid),DUDOSO,RTL-SDR
698,D.Y.A.,85.527,85.527,NFM,NFM,Emergencia sanitaria,Emergencia sanitaria,Madrid/Nacional,,escanerfrecuencias (listado Madrid),DUDOSO,RTL-SDR
699,FORESTALES,86.525,86.525,NFM,NFM,Protección civil,Protección civil,Madrid/Nacional,,escanerfrecuencias (listado Madrid),DUDOSO,RTL-SDR
700,RADIOAFICIONADOS 2 METROS (VALLEKAS) B S,140.2,140.2,NFM,NFM,Radioaficionados,Radioaficionados,Madrid/Nacional,,escanerfrecuencias (listado Madrid),DUDOSO,Baofeng/HT; RTL-SDR
701,USO DESCONOCIDO C R S,140.425,140.425,NFM,NFM,Otros/Sin identificar,Otros/Sin identificar,Madrid/Nacional,,escanerfrecuencias (listado Madrid),DUDOSO,Baofeng/HT; RTL-SDR
702,CONSERVACION CARRETERAS M-30 B S,142.375,142.375,NFM,NFM,Transporte,Transporte,Madrid/Nacional,,escanerfrecuencias (listado Madrid),DUDOSO,Baofeng/HT; RTL-SDR
703,USO DESCONOCIDO C MB,142.45,142.45,NFM,NFM,Otros/Sin identificar,Otros/Sin identificar,Madrid/Nacional,,escanerfrecuencias (listado Madrid),DUDOSO,Baofeng/HT; RTL-SDR
704,RADIOAFICIONADOS 2 METROS B S,144.775,144.775,NFM,NFM,Radioaficionado 2 m,Radioaficionados,Madrid/Nacional,,escanerfrecuencias (listado Madrid),DUDOSO,Baofeng/HT; RTL-SDR
705,RADIOAFICIONADOS 2 METROS MB S,145.225,145.225,NFM,NFM,Radioaficionado 2 m,Radioaficionados,Madrid/Nacional,,escanerfrecuencias (listado Madrid),DUDOSO,Baofeng/HT; RTL-SDR
706,RADIOAFICIONADOS 2 METROS B S,145.55,145.55,NFM,NFM,Radioaficionado 2 m,Radioaficionados,Madrid/Nacional,,escanerfrecuencias (listado Madrid),DUDOSO,Baofeng/HT; RTL-SDR
707,PROTECCION CIVIL,146.025,146.025,NFM,NFM,Protección civil,Protección civil,Madrid/Nacional,,escanerfrecuencias (listado Madrid),DUDOSO,Baofeng/HT; RTL-SDR
708,PROTECCION CIVIL,146.05,146.05,NFM,NFM,Protección civil,Protección civil,Madrid/Nacional,,escanerfrecuencias (listado Madrid),DUDOSO,Baofeng/HT; RTL-SDR
709,PROTECCION CIVIL,146.075,146.075,NFM,NFM,Protección civil,Protección civil,Madrid/Nacional,,escanerfrecuencias (listado Madrid),DUDOSO,Baofeng/HT; RTL-SDR
710,PROTECCION CIVIL - partidos futbol - Drtor Gral,146.1,146.1,NFM,NFM,Protección civil,Protección civil,Madrid/Nacional,,escanerfrecuencias (listado Madrid),DUDOSO,Baofeng/HT; RTL-SDR
711,PROTECCION CIVIL,146.125,146.125,NFM,NFM,Protección civil,Protección civil,Madrid/Nacional,,escanerfrecuencias (listado Madrid),DUDOSO,Baofeng/HT; RTL-SDR
712,PROTECCION CIVIL,146.15,146.15,NFM,NFM,Protección civil,Protección civil,Madrid/Nacional,,escanerfrecuencias (listado Madrid),DUDOSO,Baofeng/HT; RTL-SDR
713,PROTECCION CIVIL,146.2,146.2,NFM,NFM,Protección civil,Protección civil,Madrid/Nacional,,escanerfrecuencias (listado Madrid),DUDOSO,Baofeng/HT; RTL-SDR
714,PROTECCION CIVIL,146.25,146.25,NFM,NFM,Protección civil,Protección civil,Madrid/Nacional,,escanerfrecuencias (listado Madrid),DUDOSO,Baofeng/HT; RTL-SDR
715,USO DESCONOCIDO C B,146.375,146.375,NFM,NFM,Otros/Sin identificar,Otros/Sin identificar,Madrid/Nacional,,escanerfrecuencias (listado Madrid),DUDOSO,Baofeng/HT; RTL-SDR
716,PROTECCION CIVIL,146.6,146.6,NFM,NFM,Protección civil,Protección civil,Madrid/Nacional,,escanerfrecuencias (listado Madrid),DUDOSO,Baofeng/HT; RTL-SDR
717,USO DESCONOCIDO B,146.685,146.685,WFM,WFM,Otros/Sin identificar,Otros/Sin identificar,Madrid/Nacional,,escanerfrecuencias (listado Madrid),DUDOSO,RTL-SDR
718,PROTECCION CIVIL,146.725,146.725,NFM,NFM,Protección civil,Protección civil,Madrid/Nacional,,escanerfrecuencias (listado Madrid),DUDOSO,Baofeng/HT; RTL-SDR
719,PROTECCION CIVIL,146.775,146.775,NFM,NFM,Protección civil,Protección civil,Madrid/Nacional,,escanerfrecuencias (listado Madrid),DUDOSO,Baofeng/HT; RTL-SDR
720,PROTECCION CIVIL,146.8,146.8,NFM,NFM,Protección civil,Protección civil,Madrid/Nacional,,escanerfrecuencias (listado Madrid),DUDOSO,Baofeng/HT; RTL-SDR
721,USO DESCONOCIDO C MB,146.925,146.925,NFM,NFM,Otros/Sin identificar,Otros/Sin identificar,Madrid/Nacional,,escanerfrecuencias (listado Madrid),DUDOSO,Baofeng/HT; RTL-SDR
722,USO DESCONOCIDO,147.3,147.3,NFM,NFM,Otros/Sin identificar,Otros/Sin identificar,Madrid/Nacional,,escanerfrecuencias (listado Madrid),DUDOSO,Baofeng/HT; RTL-SDR
723,HIDROELECTRICA,147.42,147.42,NFM,NFM,Servicios/Utilities,Servicios/Utilities,Madrid/Nacional,,escanerfrecuencias (listado Madrid),DUDOSO,Baofeng/HT; RTL-SDR
724,PROTECCIÓN CIVIL ALCORCÓN,147.425,147.425,NFM,NFM,Otros/Sin identificar,Otros/Sin identificar,Madrid/Nacional,,escanerfrecuencias (listado Madrid),DUDOSO,Baofeng/HT; RTL-SDR
725,USO DESCONOCIDO,147.465,147.465,NFM,NFM,Otros/Sin identificar,Otros/Sin identificar,Madrid/Nacional,,escanerfrecuencias (listado Madrid),DUDOSO,Baofeng/HT; RTL-SDR
726,AMBULANCIAS SANTA SOFIA,147.787,147.787,NFM,NFM,Emergencia sanitaria,Emergencia sanitaria,Madrid/Nacional,,escanerfrecuencias (listado Madrid),DUDOSO,Baofeng/HT; RTL-SDR
727,USO DESCONOCIDO,147.815,147.815,NFM,NFM,Otros/Sin identificar,Otros/Sin identificar,Madrid/Nacional,,escanerfrecuencias (listado Madrid),DUDOSO,Baofeng/HT; RTL-SDR
728,USO DESCONOCIDO C B,148.115,148.115,NFM,NFM,Otros/Sin identificar,Otros/Sin identificar,Madrid/Nacional,,escanerfrecuencias (listado Madrid),DUDOSO,Baofeng/HT; RTL-SDR
729,USO DESCONOCIDO C B,148.155,148.155,NFM,NFM,Otros/Sin identificar,Otros/Sin identificar,Madrid/Nacional,,escanerfrecuencias (listado Madrid),DUDOSO,Baofeng/HT; RTL-SDR
730,USO DESCONOCIDO,149.075,149.075,NFM,NFM,Otros/Sin identificar,Otros/Sin identificar,Madrid/Nacional,,escanerfrecuencias (listado Madrid),DUDOSO,Baofeng/HT; RTL-SDR
731,USO DESCONOCIDO,149.19,149.19,NFM,NFM,Otros/Sin identificar,Otros/Sin identificar,Madrid/Nacional,,escanerfrecuencias (listado Madrid),DUDOSO,Baofeng/HT; RTL-SDR
732,AMBULANCIAS ELENA,149.425,149.425,NFM,NFM,Emergencia sanitaria,Emergencia sanitaria,Madrid/Nacional,,escanerfrecuencias (listado Madrid),DUDOSO,Baofeng/HT; RTL-SDR
733,USO DESCONOCIDO C B,149.63,149.63,NFM,NFM,Otros/Sin identificar,Otros/Sin identificar,Madrid/Nacional,,escanerfrecuencias (listado Madrid),DUDOSO,Baofeng/HT; RTL-SDR
734,AMBULANCIAS,149.8,149.8,NFM,NFM,Emergencia sanitaria,Emergencia sanitaria,Madrid/Nacional,,escanerfrecuencias (listado Madrid),DUDOSO,Baofeng/HT; RTL-SDR
735,USO DESCONOCIDO C B,150.1,150.1,NFM,NFM,Otros/Sin identificar,Otros/Sin identificar,Madrid/Nacional,,escanerfrecuencias (listado Madrid),DUDOSO,Baofeng/HT; RTL-SDR
736,USO DESCONOCIDO,150.205,150.205,NFM,NFM,Otros/Sin identificar,Otros/Sin identificar,Madrid/Nacional,,escanerfrecuencias (listado Madrid),DUDOSO,Baofeng/HT; RTL-SDR
737,USO DESCONOCIDO,150.335,150.335,NFM,NFM,Otros/Sin identificar,Otros/Sin identificar,Madrid/Nacional,,escanerfrecuencias (listado Madrid),DUDOSO,Baofeng/HT; RTL-SDR
738,USO DESCONOCIDO,150.355,150.355,NFM,NFM,Otros/Sin identificar,Otros/Sin identificar,Madrid/Nacional,,escanerfrecuencias (listado Madrid),DUDOSO,Baofeng/HT; RTL-SDR
739,USO DESCONOCIDO C B S,150.42,150.42,NFM,NFM,Otros/Sin identificar,Otros/Sin identificar,Madrid/Nacional,,escanerfrecuencias (listado Madrid),DUDOSO,Baofeng/HT; RTL-SDR
740,AMBULANCIAS PRIVADAS B,150.625,150.625,NFM,NFM,Emergencia sanitaria,Emergencia sanitaria,Madrid/Nacional,,escanerfrecuencias (listado Madrid),DUDOSO,Baofeng/HT; RTL-SDR
741,USO DESCONOCIDO,150.8,150.8,NFM,NFM,Otros/Sin identificar,Otros/Sin identificar,Madrid/Nacional,,escanerfrecuencias (listado Madrid),DUDOSO,Baofeng/HT; RTL-SDR
742,USO DESCONOCIDO,150.875,150.875,NFM,NFM,Otros/Sin identificar,Otros/Sin identificar,Madrid/Nacional,,escanerfrecuencias (listado Madrid),DUDOSO,Baofeng/HT; RTL-SDR
743,AMBULANCIAS B,151.0,151,NFM,NFM,Emergencia sanitaria,Emergencia sanitaria,Madrid/Nacional,,escanerfrecuencias (listado Madrid),DUDOSO,Baofeng/HT; RTL-SDR
744,HANDLING (TRIPULACION DE LOS AVIONES) MB S,151.22,151.22,NFM,NFM,Aeronáutica,Aeronáutica,Madrid/Nacional,,escanerfrecuencias (listado Madrid),DUDOSO,Baofeng/HT; RTL-SDR
745,"VIAJES, USO DESCONOCIDO C B",151.445,151.445,NFM,NFM,Otros/Sin identificar,Otros/Sin identificar,Madrid/Nacional,,escanerfrecuencias (listado Madrid),DUDOSO,Baofeng/HT; RTL-SDR
746,USO DESCONOCIDO C MB S,151.45,151.45,NFM,NFM,Otros/Sin identificar,Otros/Sin identificar,Madrid/Nacional,,escanerfrecuencias (listado Madrid),DUDOSO,Baofeng/HT; RTL-SDR
747,HANDLING AEROPUERTO C MB S,151.525,151.525,NFM,NFM,Aeronáutica,Aeronáutica,Madrid/Nacional,,escanerfrecuencias (listado Madrid),DUDOSO,Baofeng/HT; RTL-SDR
748,AUTOBUSES o AMBULANCIAS EUROPA,151.575,151.575,NFM,NFM,Emergencia sanitaria,Emergencia sanitaria,Madrid/Nacional,,escanerfrecuencias (listado Madrid),DUDOSO,Baofeng/HT; RTL-SDR
749,"Frecuencia itinerante usada por empresas como circos y ferias, personal de seguridad, y otras comunicaciones de voz.",151.625,151.625 MHz,NFM,—,Uso común,Uso común,Nacional,,Listado frecuencias radio España,DUDOSO,Baofeng/HT; RTL-SDR
750,HANDLING C MB,151.675,151.675,NFM,NFM,Aeronáutica,Aeronáutica,Madrid/Nacional,,escanerfrecuencias (listado Madrid),DUDOSO,Baofeng/HT; RTL-SDR
751,HANDLING AEROPUERTO (SERVICIOS DE PISTA) MB S,151.72,151.72,NFM,NFM,Aeronáutica,Aeronáutica,Madrid/Nacional,,escanerfrecuencias (listado Madrid),DUDOSO,Baofeng/HT; RTL-SDR
752,"HANDLING (COCHES DE PISTA, COMPAÑIAS) MB S",151.725,151.725,NFM,NFM,Aeronáutica,Aeronáutica,Madrid/Nacional,,escanerfrecuencias (listado Madrid),DUDOSO,Baofeng/HT; RTL-SDR
753,USO DESCONOCIDO C B,151.73,151.73,NFM,NFM,Otros/Sin identificar,Otros/Sin identificar,Madrid/Nacional,,escanerfrecuencias (listado Madrid),DUDOSO,Baofeng/HT; RTL-SDR
754,USO DESCONOCIDO C MB,152.085,152.085,NFM,NFM,Otros/Sin identificar,Otros/Sin identificar,Madrid/Nacional,,escanerfrecuencias (listado Madrid),DUDOSO,Baofeng/HT; RTL-SDR
755,USO DESCONOCIDO C MB,152.3,152.3,NFM,NFM,Otros/Sin identificar,Otros/Sin identificar,Madrid/Nacional,,escanerfrecuencias (listado Madrid),DUDOSO,Baofeng/HT; RTL-SDR
756,USO DESCONOCIDO C B S,152.37,152.37,NFM,NFM,Otros/Sin identificar,Otros/Sin identificar,Madrid/Nacional,,escanerfrecuencias (listado Madrid),DUDOSO,Baofeng/HT; RTL-SDR
757,USO DESCONOCIDO C B S,152.38,152.38,NFM,NFM,Otros/Sin identificar,Otros/Sin identificar,Madrid/Nacional,,escanerfrecuencias (listado Madrid),DUDOSO,Baofeng/HT; RTL-SDR
758,TRASPORTE A RESIDENCIAS PARECE DE CRUZ ROJA MB,152.385,152.385,NFM,NFM,Emergencia sanitaria,Emergencia sanitaria,Madrid/Nacional,,escanerfrecuencias (listado Madrid),DUDOSO,Baofeng/HT; RTL-SDR
759,HANDLING C MB,152.395,152.395,NFM,NFM,Aeronáutica,Aeronáutica,Madrid/Nacional,,escanerfrecuencias (listado Madrid),DUDOSO,Baofeng/HT; RTL-SDR
760,USO DESCONOCIDO C B,152.45,152.45,NFM,NFM,Otros/Sin identificar,Otros/Sin identificar,Madrid/Nacional,,escanerfrecuencias (listado Madrid),DUDOSO,Baofeng/HT; RTL-SDR
761,USO DESCONOCIDO C B,152.742,152.742,NFM,NFM,Otros/Sin identificar,Otros/Sin identificar,Madrid/Nacional,,escanerfrecuencias (listado Madrid),DUDOSO,Baofeng/HT; RTL-SDR
762,USO DESCONOCIDO,152.875,152.875,NFM,NFM,Otros/Sin identificar,Otros/Sin identificar,Madrid/Nacional,,escanerfrecuencias (listado Madrid),DUDOSO,Baofeng/HT; RTL-SDR
763,AMBULANCIAS PRIVADAS B,152.885,152.885,NFM,NFM,Emergencia sanitaria,Emergencia sanitaria,Madrid/Nacional,,escanerfrecuencias (listado Madrid),DUDOSO,Baofeng/HT; RTL-SDR
764,AMBULANCIAS MB S,152.935,152.935,NFM,NFM,Emergencia sanitaria,Emergencia sanitaria,Madrid/Nacional,,escanerfrecuencias (listado Madrid),DUDOSO,Baofeng/HT; RTL-SDR
765,USO DESCONOCIDO C MB S,152.97,152.97,NFM,NFM,Otros/Sin identificar,Otros/Sin identificar,Madrid/Nacional,,escanerfrecuencias (listado Madrid),DUDOSO,Baofeng/HT; RTL-SDR
766,AMBULANCIAS SANTA SOFIA MB S,152.9875,152.9875,NFM,NFM,Emergencia sanitaria,Emergencia sanitaria,Madrid/Nacional,,escanerfrecuencias (listado Madrid),DUDOSO,Baofeng/HT; RTL-SDR
767,USO DESCONOCIDO B S,153.0,153,NFM,NFM,Otros/Sin identificar,Otros/Sin identificar,Madrid/Nacional,,escanerfrecuencias (listado Madrid),DUDOSO,Baofeng/HT; RTL-SDR
768,ANTIGUA SAMUR,153.125,153.125,NFM,NFM,Emergencia sanitaria,Emergencia sanitaria,Madrid/Nacional,,escanerfrecuencias (listado Madrid),DUDOSO,Baofeng/HT; RTL-SDR
769,HANDLING TAXI O SIMILAR BARAJAS MB S,153.13,153.13,NFM,NFM,Aeronáutica,Aeronáutica,Madrid/Nacional,,escanerfrecuencias (listado Madrid),DUDOSO,Baofeng/HT; RTL-SDR
770,PUEDEN SER AUXILIARES DE UN HOSPITAL C MB,153.135,153.135,NFM,NFM,Otros/Sin identificar,Otros/Sin identificar,Madrid/Nacional,,escanerfrecuencias (listado Madrid),DUDOSO,Baofeng/HT; RTL-SDR
771,USO DESCONOCIDO,153.15,153.15,NFM,NFM,Otros/Sin identificar,Otros/Sin identificar,Madrid/Nacional,,escanerfrecuencias (listado Madrid),DUDOSO,Baofeng/HT; RTL-SDR
772,USO DESCONOCIDO C MB S,153.245,153.245,NFM,NFM,Otros/Sin identificar,Otros/Sin identificar,Madrid/Nacional,,escanerfrecuencias (listado Madrid),DUDOSO,Baofeng/HT; RTL-SDR
773,CONSERVACION CARRETERAS (RADIAL 2) C MB S,153.575,153.575,NFM,NFM,Transporte,Transporte,Madrid/Nacional,,escanerfrecuencias (listado Madrid),DUDOSO,Baofeng/HT; RTL-SDR
774,RENFE (RUIDO) MB,153.6,153.6,NFM,NFM,Transporte,Transporte,Madrid/Nacional,,escanerfrecuencias (listado Madrid),DUDOSO,Baofeng/HT; RTL-SDR
775,USO DESCONOCIDO,153.675,153.675,NFM,NFM,Otros/Sin identificar,Otros/Sin identificar,Madrid/Nacional,,escanerfrecuencias (listado Madrid),DUDOSO,Baofeng/HT; RTL-SDR
776,ANTIGUA SAMUR,153.7,153.7,NFM,NFM,Emergencia sanitaria,Emergencia sanitaria,Madrid/Nacional,,escanerfrecuencias (listado Madrid),DUDOSO,Baofeng/HT; RTL-SDR
777,USO DESCONOCIDO C MB S,153.835,153.835,NFM,NFM,Otros/Sin identificar,Otros/Sin identificar,Madrid/Nacional,,escanerfrecuencias (listado Madrid),DUDOSO,Baofeng/HT; RTL-SDR
778,AMBULANCIAS ALERTA,153.875,153.875,NFM,NFM,Emergencia sanitaria,Emergencia sanitaria,Madrid/Nacional,,escanerfrecuencias (listado Madrid),DUDOSO,Baofeng/HT; RTL-SDR
779,PUEDEN SER AMBULANCIAS C B,154.0,154,NFM,NFM,Emergencia sanitaria,Emergencia sanitaria,Madrid/Nacional,,escanerfrecuencias (listado Madrid),DUDOSO,Baofeng/HT; RTL-SDR
780,AMBULANCIAS GONZALEZ MB S,154.4,154.4,NFM,NFM,Emergencia sanitaria,Emergencia sanitaria,Madrid/Nacional,,escanerfrecuencias (listado Madrid),DUDOSO,Baofeng/HT; RTL-SDR
781,USO DESCONOCIDO C MB S,154.625,154.625,NFM,NFM,Otros/Sin identificar,Otros/Sin identificar,Madrid/Nacional,,escanerfrecuencias (listado Madrid),DUDOSO,Baofeng/HT; RTL-SDR
782,USO DESCONOCIDO,154.775,154.775,NFM,NFM,Otros/Sin identificar,Otros/Sin identificar,Madrid/Nacional,,escanerfrecuencias (listado Madrid),DUDOSO,Baofeng/HT; RTL-SDR
783,AMBULANCIA EUROPA MB S,154.85,154.85,NFM,NFM,Emergencia sanitaria,Emergencia sanitaria,Madrid/Nacional,,escanerfrecuencias (listado Madrid),DUDOSO,Baofeng/HT; RTL-SDR
784,AMBULANCIAS EUROPA MB S,154.9,154.9,NFM,NFM,Emergencia sanitaria,Emergencia sanitaria,Madrid/Nacional,,escanerfrecuencias (listado Madrid),DUDOSO,Baofeng/HT; RTL-SDR
785,AMBULANCIAS EUROPA MB,154.95,154.95,NFM,NFM,Emergencia sanitaria,Emergencia sanitaria,Madrid/Nacional,,escanerfrecuencias (listado Madrid),DUDOSO,Baofeng/HT; RTL-SDR
786,USO DESCONOCIDO C MB S,155.17,155.17,NFM,NFM,Otros/Sin identificar,Otros/Sin identificar,Madrid/Nacional,,escanerfrecuencias (listado Madrid),DUDOSO,Baofeng/HT; RTL-SDR
787,USO DESCONOCIDO C B,155.215,155.215,NFM,NFM,Otros/Sin identificar,Otros/Sin identificar,Madrid/Nacional,,escanerfrecuencias (listado Madrid),DUDOSO,Baofeng/HT; RTL-SDR
788,HANDLING MB S,155.26,155.26,NFM,NFM,Aeronáutica,Aeronáutica,Madrid/Nacional,,escanerfrecuencias (listado Madrid),DUDOSO,Baofeng/HT; RTL-SDR
789,USO DESCONOCIDO,155.275,155.275,NFM,NFM,Otros/Sin identificar,Otros/Sin identificar,Madrid/Nacional,,escanerfrecuencias (listado Madrid),DUDOSO,Baofeng/HT; RTL-SDR
790,USO DESCONOCIDO C MB,156.235,156.235,NFM,NFM,Marítima VHF,Otros/Sin identificar,Madrid/Nacional,,escanerfrecuencias (listado Madrid),DUDOSO,Baofeng/HT; RTL-SDR
791,USO DESCONOCIDO,156.25,156.25,NFM,NFM,Marítima VHF,Otros/Sin identificar,Madrid/Nacional,,escanerfrecuencias (listado Madrid),DUDOSO,Baofeng/HT; RTL-SDR
792,USO DESCONOCIDO MB,156.3,156.3,NFM,NFM,Marítima VHF,Otros/Sin identificar,Madrid/Nacional,,escanerfrecuencias (listado Madrid),DUDOSO,Baofeng/HT; RTL-SDR
793,AUTOBUSES,156.4,156.4,NFM,NFM,Marítima VHF,Transporte,Madrid/Nacional,,escanerfrecuencias (listado Madrid),DUDOSO,Baofeng/HT; RTL-SDR
794,USO DESCONOCIDO C MB S,156.91,156.91,NFM,NFM,Marítima VHF,Otros/Sin identificar,Madrid/Nacional,,escanerfrecuencias (listado Madrid),DUDOSO,Baofeng/HT; RTL-SDR
795,USO DESCONOCIDO,157.035,157.035,NFM,NFM,Marítima VHF,Otros/Sin identificar,Madrid/Nacional,,escanerfrecuencias (listado Madrid),DUDOSO,Baofeng/HT; RTL-SDR
796,AUTOBUSES BLAS Y CIA MB,157.05,157.05,NFM,NFM,Marítima VHF,Transporte,Madrid/Nacional,,escanerfrecuencias (listado Madrid),DUDOSO,Baofeng/HT; RTL-SDR
797,USO DESCONOCIDO,157.1625,157.1625,NFM,NFM,Marítima VHF,Otros/Sin identificar,Madrid/Nacional,,escanerfrecuencias (listado Madrid),DUDOSO,Baofeng/HT; RTL-SDR
798,BOMBEROS (MOSTOLES),157.35,157.35,NFM,NFM,Marítima VHF,Protección civil,Madrid/Nacional,,escanerfrecuencias (listado Madrid),DUDOSO,Baofeng/HT; RTL-SDR
799,USO DESCONOCIDO,157.525,157.525,NFM,NFM,Marítima VHF,Otros/Sin identificar,Madrid/Nacional,,escanerfrecuencias (listado Madrid),DUDOSO,Baofeng/HT; RTL-SDR
800,USO DESCONOCIDO,158.3,158.3,NFM,NFM,Marítima VHF,Otros/Sin identificar,Madrid/Nacional,,escanerfrecuencias (listado Madrid),DUDOSO,Baofeng/HT; RTL-SDR
801,PROTECCION CIVIL VILLAVICIOSA DE ODON,159.325,159.325,NFM,NFM,Marítima VHF,Protección civil,Madrid/Nacional,,escanerfrecuencias (listado Madrid),DUDOSO,Baofeng/HT; RTL-SDR
802,USO DESCONOCIDO,159.45,159.45,NFM,NFM,Marítima VHF,Otros/Sin identificar,Madrid/Nacional,,escanerfrecuencias (listado Madrid),DUDOSO,Baofeng/HT; RTL-SDR
803,PROTECCION CIVIL,159.85,159.85,NFM,NFM,Marítima VHF,Protección civil,Madrid/Nacional,,escanerfrecuencias (listado Madrid),DUDOSO,Baofeng/HT; RTL-SDR
804,HIDROELECTRICA,159.875,159.875,NFM,NFM,Marítima VHF,Servicios/Utilities,Madrid/Nacional,,escanerfrecuencias (listado Madrid),DUDOSO,Baofeng/HT; RTL-SDR
805,USO DESCONOCIDO,160.215,160.215,NFM,NFM,Marítima VHF,Otros/Sin identificar,Madrid/Nacional,,escanerfrecuencias (listado Madrid),DUDOSO,Baofeng/HT; RTL-SDR
806,USO DESCONOCIDO,160.5,160.5,NFM,NFM,Marítima VHF,Otros/Sin identificar,Madrid/Nacional,,escanerfrecuencias (listado Madrid),DUDOSO,Baofeng/HT; RTL-SDR
807,USO DESCONOCIDO,160.75,160.75,NFM,NFM,Marítima VHF,Otros/Sin identificar,Madrid/Nacional,,escanerfrecuencias (listado Madrid),DUDOSO,Baofeng/HT; RTL-SDR
808,CRUZ ROJA,161.37,161.37,NFM,NFM,Marítima VHF,Emergencia sanitaria,Madrid/Nacional,,escanerfrecuencias (listado Madrid),DUDOSO,Baofeng/HT; RTL-SDR
809,USO DESCONOCIDO,161.415,161.415,NFM,NFM,Marítima VHF,Otros/Sin identificar,Madrid/Nacional,,escanerfrecuencias (listado Madrid),DUDOSO,Baofeng/HT; RTL-SDR
810,AMBULANCIAS PRIVADAS MB S,161.5,161.5,NFM,NFM,Marítima VHF,Emergencia sanitaria,Madrid/Nacional,,escanerfrecuencias (listado Madrid),DUDOSO,Baofeng/HT; RTL-SDR
811,AMBULANCIAS PRIVADAS,161.6251,161.6251,NFM,NFM,Marítima VHF,Emergencia sanitaria,Madrid/Nacional,,escanerfrecuencias (listado Madrid),DUDOSO,Baofeng/HT; RTL-SDR
812,CRUZ ROJA o AMBULANCIAS PRIVADAS o ser+ MB,161.635,161.635,NFM,NFM,Marítima VHF,Emergencia sanitaria,Madrid/Nacional,,escanerfrecuencias (listado Madrid),DUDOSO,Baofeng/HT; RTL-SDR
813,AUTOBUSES BLAS Y CIA MB S,161.65,161.65,NFM,NFM,Marítima VHF,Transporte,Madrid/Nacional,,escanerfrecuencias (listado Madrid),DUDOSO,Baofeng/HT; RTL-SDR
814,USO DESCONOCIDO C B,161.675,161.675,NFM,NFM,Marítima VHF,Otros/Sin identificar,Madrid/Nacional,,escanerfrecuencias (listado Madrid),DUDOSO,Baofeng/HT; RTL-SDR
815,USO DESCONOCIDO C MB S,161.7,161.7,NFM,NFM,Marítima VHF,Otros/Sin identificar,Madrid/Nacional,,escanerfrecuencias (listado Madrid),DUDOSO,Baofeng/HT; RTL-SDR
816,AMBULANCIAS,161.725,161.725,NFM,NFM,Marítima VHF,Emergencia sanitaria,Madrid/Nacional,,escanerfrecuencias (listado Madrid),DUDOSO,Baofeng/HT; RTL-SDR
817,USO DESCONOCIDO,161.735,161.735,NFM,NFM,Marítima VHF,Otros/Sin identificar,Madrid/Nacional,,escanerfrecuencias (listado Madrid),DUDOSO,Baofeng/HT; RTL-SDR
818,PARQUIMETROS DE LA ORA MB S,161.76,161.76,NFM,NFM,Marítima VHF,Transporte,Madrid/Nacional,,escanerfrecuencias (listado Madrid),DUDOSO,Baofeng/HT; RTL-SDR
819,AMBULANCIAS MB S,161.775,161.775,NFM,NFM,Marítima VHF,Emergencia sanitaria,Madrid/Nacional,,escanerfrecuencias (listado Madrid),DUDOSO,Baofeng/HT; RTL-SDR
820,USO DESCONOCIDO,162.987,162.987,NFM,NFM,VHF servicios,Otros/Sin identificar,Madrid/Nacional,,escanerfrecuencias (listado Madrid),DUDOSO,Baofeng/HT; RTL-SDR
821,USO DESCONOCIDO C MB,163.435,163.435,NFM,NFM,VHF servicios,Otros/Sin identificar,Madrid/Nacional,,escanerfrecuencias (listado Madrid),DUDOSO,Baofeng/HT; RTL-SDR
822,CRUZ ROJA MB,163.675,163.675,NFM,NFM,VHF servicios,Emergencia sanitaria,Madrid/Nacional,,escanerfrecuencias (listado Madrid),DUDOSO,Baofeng/HT; RTL-SDR
823,USO DESCONOCIDO C MB,163.775,163.775,NFM,NFM,VHF servicios,Otros/Sin identificar,Madrid/Nacional,,escanerfrecuencias (listado Madrid),DUDOSO,Baofeng/HT; RTL-SDR
824,CRUZ ROJA MB S,163.8,163.8,NFM,NFM,VHF servicios,Emergencia sanitaria,Madrid/Nacional,,escanerfrecuencias (listado Madrid),DUDOSO,Baofeng/HT; RTL-SDR
825,CRUZ ROJA,163.95,163.95,NFM,NFM,VHF servicios,Emergencia sanitaria,Madrid/Nacional,,escanerfrecuencias (listado Madrid),DUDOSO,Baofeng/HT; RTL-SDR
826,PROTECCION CIVIL,164.45,164.45,NFM,NFM,VHF servicios,Protección civil,Madrid/Nacional,,escanerfrecuencias (listado Madrid),DUDOSO,Baofeng/HT; RTL-SDR
827,HIDROELECTRICA,164.475,164.475,NFM,NFM,VHF servicios,Servicios/Utilities,Madrid/Nacional,,escanerfrecuencias (listado Madrid),DUDOSO,Baofeng/HT; RTL-SDR
828,HIDROELECTRICA,164.65,164.65,NFM,NFM,VHF servicios,Servicios/Utilities,Madrid/Nacional,,escanerfrecuencias (listado Madrid),DUDOSO,Baofeng/HT; RTL-SDR
829,USO DESCONOCIDO,164.845,164.845,NFM,NFM,VHF servicios,Otros/Sin identificar,Madrid/Nacional,,escanerfrecuencias (listado Madrid),DUDOSO,Baofeng/HT; RTL-SDR
830,USO DESCONOCIDO,164.85,164.85,NFM,NFM,VHF servicios,Otros/Sin identificar,Madrid/Nacional,,escanerfrecuencias (listado Madrid),DUDOSO,Baofeng/HT; RTL-SDR
831,CRUZ ROJA MB,164.875,164.875,NFM,NFM,VHF servicios,Emergencia sanitaria,Madrid/Nacional,,escanerfrecuencias (listado Madrid),DUDOSO,Baofeng/HT; RTL-SDR
832,PROTECCION CIVIL,165.125,165.125,NFM,NFM,VHF servicios,Protección civil,Madrid/Nacional,,escanerfrecuencias (listado Madrid),DUDOSO,Baofeng/HT; RTL-SDR
833,PROTECCION CIVIL,165.525,165.525,NFM,NFM,VHF servicios,Protección civil,Madrid/Nacional,,escanerfrecuencias (listado Madrid),DUDOSO,Baofeng/HT; RTL-SDR
834,USO DESCONOCIDO,165.6,165.6,NFM,NFM,VHF servicios,Otros/Sin identificar,Madrid/Nacional,,escanerfrecuencias (listado Madrid),DUDOSO,Baofeng/HT; RTL-SDR
835,CRUZ ROJA LAS POZAS,165.77,165.77,NFM,NFM,VHF servicios,Emergencia sanitaria,Madrid/Nacional,,escanerfrecuencias (listado Madrid),DUDOSO,Baofeng/HT; RTL-SDR
836,USO DESCONOCIDO,165.895,165.895,NFM,NFM,VHF servicios,Otros/Sin identificar,Madrid/Nacional,,escanerfrecuencias (listado Madrid),DUDOSO,Baofeng/HT; RTL-SDR
837,USO DESCONOCIDO C MB,166.0,166,NFM,NFM,VHF servicios,Otros/Sin identificar,Madrid/Nacional,,escanerfrecuencias (listado Madrid),DUDOSO,Baofeng/HT; RTL-SDR
838,CRUZ ROJA MB,166.08,166.08,NFM,NFM,VHF servicios,Emergencia sanitaria,Madrid/Nacional,,escanerfrecuencias (listado Madrid),DUDOSO,Baofeng/HT; RTL-SDR
839,CRUZ ROJA MB S,166.1,166.1,NFM,NFM,VHF servicios,Emergencia sanitaria,Madrid/Nacional,,escanerfrecuencias (listado Madrid),DUDOSO,Baofeng/HT; RTL-SDR
840,CRUZ ROJA MB,166.105,166.105,NFM,NFM,VHF servicios,Emergencia sanitaria,Madrid/Nacional,,escanerfrecuencias (listado Madrid),DUDOSO,Baofeng/HT; RTL-SDR
841,CRUZ ROJA MB,166.11,166.11,NFM,NFM,VHF servicios,Emergencia sanitaria,Madrid/Nacional,,escanerfrecuencias (listado Madrid),DUDOSO,Baofeng/HT; RTL-SDR
842,USO DESCONOCIDO,166.625,166.625,NFM,NFM,VHF servicios,Otros/Sin identificar,Madrid/Nacional,,escanerfrecuencias (listado Madrid),DUDOSO,Baofeng/HT; RTL-SDR
843,CRUZ ROJA MB S,166.825,166.825,NFM,NFM,VHF servicios,Emergencia sanitaria,Madrid/Nacional,,escanerfrecuencias (listado Madrid),DUDOSO,Baofeng/HT; RTL-SDR
844,GAS NATURAL,167.5125,167.5125,NFM,NFM,VHF servicios,Servicios/Utilities,Madrid/Nacional,,escanerfrecuencias (listado Madrid),DUDOSO,Baofeng/HT; RTL-SDR
845,GAS NATURAL,167.525,167.525,NFM,NFM,VHF servicios,Servicios/Utilities,Madrid/Nacional,,escanerfrecuencias (listado Madrid),DUDOSO,Baofeng/HT; RTL-SDR
846,GAS NATURAL,167.5375,167.5375,NFM,NFM,VHF servicios,Servicios/Utilities,Madrid/Nacional,,escanerfrecuencias (listado Madrid),DUDOSO,Baofeng/HT; RTL-SDR
847,GAS NATURAL,167.55,167.55,NFM,NFM,VHF servicios,Servicios/Utilities,Madrid/Nacional,,escanerfrecuencias (listado Madrid),DUDOSO,Baofeng/HT; RTL-SDR
848,GAS NATURAL,167.5625,167.5625,NFM,NFM,VHF servicios,Servicios/Utilities,Madrid/Nacional,,escanerfrecuencias (listado Madrid),DUDOSO,Baofeng/HT; RTL-SDR
849,GAS NATURAL,167.575,167.575,NFM,NFM,VHF servicios,Servicios/Utilities,Madrid/Nacional,,escanerfrecuencias (listado Madrid),DUDOSO,Baofeng/HT; RTL-SDR
850,GAS NATURAL,167.5875,167.5875,NFM,NFM,VHF servicios,Servicios/Utilities,Madrid/Nacional,,escanerfrecuencias (listado Madrid),DUDOSO,Baofeng/HT; RTL-SDR
851,GAS NATURAL,167.6,167.6,NFM,NFM,VHF servicios,Servicios/Utilities,Madrid/Nacional,,escanerfrecuencias (listado Madrid),DUDOSO,Baofeng/HT; RTL-SDR
852,USO DESCONOCIDO C B S,168.695,168.695,NFM,NFM,VHF servicios,Otros/Sin identificar,Madrid/Nacional,,escanerfrecuencias (listado Madrid),DUDOSO,Baofeng/HT; RTL-SDR
853,METRO (CANAL 2),169.125,169.125,NFM,NFM,VHF servicios,Transporte,Madrid/Nacional,,escanerfrecuencias (listado Madrid),DUDOSO,Baofeng/HT; RTL-SDR
854,METRO (CANAL 1) MB,169.15,169.15,NFM,NFM,VHF servicios,Transporte,Madrid/Nacional,,escanerfrecuencias (listado Madrid),DUDOSO,Baofeng/HT; RTL-SDR
855,METRO (CANAL 3) MUY ACTIVO MB,169.5,169.5,NFM,NFM,VHF servicios,Transporte,Madrid/Nacional,,escanerfrecuencias (listado Madrid),DUDOSO,Baofeng/HT; RTL-SDR
856,CONSTRUCCIONES RENFE,169.95,169.95,NFM,NFM,VHF servicios,Transporte,Madrid/Nacional,,escanerfrecuencias (listado Madrid),DUDOSO,Baofeng/HT; RTL-SDR
857,CRUZ ROJA MB S,170.075,170.075,NFM,NFM,VHF servicios,Emergencia sanitaria,Madrid/Nacional,,escanerfrecuencias (listado Madrid),DUDOSO,Baofeng/HT; RTL-SDR
858,USO DESCONOCIDO,170.5,170.5,NFM,NFM,VHF servicios,Otros/Sin identificar,Madrid/Nacional,,escanerfrecuencias (listado Madrid),DUDOSO,Baofeng/HT; RTL-SDR
859,USO DESCONOCIDO,171.675,171.675,NFM,NFM,VHF servicios,Otros/Sin identificar,Madrid/Nacional,,escanerfrecuencias (listado Madrid),DUDOSO,Baofeng/HT; RTL-SDR
860,GAS NATURAL,172.1125,172.1125,NFM,NFM,VHF servicios,Servicios/Utilities,Madrid/Nacional,,escanerfrecuencias (listado Madrid),DUDOSO,Baofeng/HT; RTL-SDR
861,GAS NATURAL,172.125,172.125,NFM,NFM,VHF servicios,Servicios/Utilities,Madrid/Nacional,,escanerfrecuencias (listado Madrid),DUDOSO,Baofeng/HT; RTL-SDR
862,GAS NATURAL,172.1375,172.1375,NFM,NFM,VHF servicios,Servicios/Utilities,Madrid/Nacional,,escanerfrecuencias (listado Madrid),DUDOSO,Baofeng/HT; RTL-SDR
863,GAS NATURAL,172.15,172.15,NFM,NFM,VHF servicios,Servicios/Utilities,Madrid/Nacional,,escanerfrecuencias (listado Madrid),DUDOSO,Baofeng/HT; RTL-SDR
864,GAS NATURAL,172.1625,172.1625,NFM,NFM,VHF servicios,Servicios/Utilities,Madrid/Nacional,,escanerfrecuencias (listado Madrid),DUDOSO,Baofeng/HT; RTL-SDR
865,GAS NATURAL,172.175,172.175,NFM,NFM,VHF servicios,Servicios/Utilities,Madrid/Nacional,,escanerfrecuencias (listado Madrid),DUDOSO,Baofeng/HT; RTL-SDR
866,GAS NATURAL,172.1875,172.1875,NFM,NFM,VHF servicios,Servicios/Utilities,Madrid/Nacional,,escanerfrecuencias (listado Madrid),DUDOSO,Baofeng/HT; RTL-SDR
867,GAS NATURAL,172.2,172.2,NFM,NFM,VHF servicios,Servicios/Utilities,Madrid/Nacional,,escanerfrecuencias (listado Madrid),DUDOSO,Baofeng/HT; RTL-SDR
868,METRO (CANAL 1) Se pilla desde casa MB S,173.75,173.75,NFM,NFM,VHF servicios,Transporte,Madrid/Nacional,,escanerfrecuencias (listado Madrid),DUDOSO,Baofeng/HT; RTL-SDR
869,METRO (CANAL 2),173.775,173.775,NFM,NFM,VHF servicios,Transporte,Madrid/Nacional,,escanerfrecuencias (listado Madrid),DUDOSO,Baofeng/HT; RTL-SDR
870,USO DESCONOCIDO,173.8,173.8,NFM,NFM,VHF servicios,Otros/Sin identificar,Madrid/Nacional,,escanerfrecuencias (listado Madrid),DUDOSO,Baofeng/HT; RTL-SDR
871,METRO (CANAL 3) ACTIVO,173.95,173.95,NFM,NFM,VHF servicios,Transporte,Madrid/Nacional,,escanerfrecuencias (listado Madrid),DUDOSO,Baofeng/HT; RTL-SDR
872,AMBULANCIAS PRIVADAS,194.95,194.95,NFM,NFM,Emergencia sanitaria,Emergencia sanitaria,Madrid/Nacional,,escanerfrecuencias (listado Madrid),DUDOSO,RTL-SDR
873,INCENDIOS MB,198.67,198.67,AM,AM,Protección civil,Protección civil,Madrid/Nacional,,escanerfrecuencias (listado Madrid),DUDOSO,RTL-SDR
874,USO DESCONOCIDO,209.025,209.025,NFM,NFM,Otros/Sin identificar,Otros/Sin identificar,Madrid/Nacional,,escanerfrecuencias (listado Madrid),DUDOSO,RTL-SDR
875,PUEDE SER EMT,209.8,209.8,NFM,NFM,Transporte,Transporte,Madrid/Nacional,,escanerfrecuencias (listado Madrid),DUDOSO,RTL-SDR
876,USO DESCONOCIDO C B,225.25,225.25,NFM,NFM,Banda Aérea (militar),Otros/Sin identificar,Madrid/Nacional,,escanerfrecuencias (listado Madrid),DUDOSO,RTL-SDR; Escáner aéreo
877,USO DESCONOCIDO C MB,226.15,226.15,NFM,NFM,Banda Aérea (militar),Otros/Sin identificar,Madrid/Nacional,,escanerfrecuencias (listado Madrid),DUDOSO,RTL-SDR; Escáner aéreo
878,USO DESCONOCIDO,226.35,226.35,NFM,NFM,Banda Aérea (militar),Otros/Sin identificar,Madrid/Nacional,,escanerfrecuencias (listado Madrid),DUDOSO,RTL-SDR; Escáner aéreo
879,EMT C B,229.35,229.35,NFM,NFM,Banda Aérea (militar),Transporte,Madrid/Nacional,,escanerfrecuencias (listado Madrid),DUDOSO,RTL-SDR; Escáner aéreo
880,USO DESCONOCIDO,229.375,229.375,NFM,NFM,Banda Aérea (militar),Otros/Sin identificar,Madrid/Nacional,,escanerfrecuencias (listado Madrid),DUDOSO,RTL-SDR; Escáner aéreo
881,USO DESCONOCIDO,229.6,229.6,NFM,NFM,Banda Aérea (militar),Otros/Sin identificar,Madrid/Nacional,,escanerfrecuencias (listado Madrid),DUDOSO,RTL-SDR; Escáner aéreo
882,EMT MB,229.64,229.64,NFM,NFM,Banda Aérea (militar),Transporte,Madrid/Nacional,,escanerfrecuencias (listado Madrid),DUDOSO,RTL-SDR; Escáner aéreo
883,EMT MB,229.7,229.7,NFM,NFM,Banda Aérea (militar),Transporte,Madrid/Nacional,,escanerfrecuencias (listado Madrid),DUDOSO,RTL-SDR; Escáner aéreo
884,USO DESCONOCIDO C MB,229.75,229.75,NFM,NFM,Banda Aérea (militar),Otros/Sin identificar,Madrid/Nacional,,escanerfrecuencias (listado Madrid),DUDOSO,RTL-SDR; Escáner aéreo
885,USO DESCONOCIDO,229.79,229.79,WFM,WFM,Banda Aérea (militar),Otros/Sin identificar,Madrid/Nacional,,escanerfrecuencias (listado Madrid),DUDOSO,RTL-SDR; Escáner aéreo
886,EMT MB S,230.075,230.075,NFM,NFM,Banda Aérea (militar),Transporte,Madrid/Nacional,,escanerfrecuencias (listado Madrid),DUDOSO,RTL-SDR; Escáner aéreo
887,USO DESCONOCIDO C MB,230.175,230.175,NFM,NFM,Banda Aérea (militar),Otros/Sin identificar,Madrid/Nacional,,escanerfrecuencias (listado Madrid),DUDOSO,RTL-SDR; Escáner aéreo
888,EMT MB,230.26,230.26,NFM,NFM,Banda Aérea (militar),Transporte,Madrid/Nacional,,escanerfrecuencias (listado Madrid),DUDOSO,RTL-SDR; Escáner aéreo
889,EMT B,230.34,230.34,NFM,NFM,Banda Aérea (militar),Transporte,Madrid/Nacional,,escanerfrecuencias (listado Madrid),DUDOSO,RTL-SDR; Escáner aéreo
890,EMT B,230.385,230.385,NFM,NFM,Banda Aérea (militar),Transporte,Madrid/Nacional,,escanerfrecuencias (listado Madrid),DUDOSO,RTL-SDR; Escáner aéreo
891,EMT MB,230.387,230.387,NFM,NFM,Banda Aérea (militar),Transporte,Madrid/Nacional,,escanerfrecuencias (listado Madrid),DUDOSO,RTL-SDR; Escáner aéreo
892,USO DESCONOCIDO C MB,231.03,231.03,NFM,NFM,Banda Aérea (militar),Otros/Sin identificar,Madrid/Nacional,,escanerfrecuencias (listado Madrid),DUDOSO,RTL-SDR; Escáner aéreo
893,USO DESCONOCIDO C MB,231.135,231.135,NFM,NFM,Banda Aérea (militar),Otros/Sin identificar,Madrid/Nacional,,escanerfrecuencias (listado Madrid),DUDOSO,RTL-SDR; Escáner aéreo
894,EMT MB,231.145,231.145,NFM,NFM,Banda Aérea (militar),Transporte,Madrid/Nacional,,escanerfrecuencias (listado Madrid),DUDOSO,RTL-SDR; Escáner aéreo
895,EMT MB,231.2,231.2,NFM,NFM,Banda Aérea (militar),Transporte,Madrid/Nacional,,escanerfrecuencias (listado Madrid),DUDOSO,RTL-SDR; Escáner aéreo
896,USO DESCONOCIDO,231.2784,231.2784,NFM,NFM,Banda Aérea (militar),Otros/Sin identificar,Madrid/Nacional,,escanerfrecuencias (listado Madrid),DUDOSO,RTL-SDR; Escáner aéreo
897,USO DESCONOCIDO C B,231.39,231.39,NFM,NFM,Banda Aérea (militar),Otros/Sin identificar,Madrid/Nacional,,escanerfrecuencias (listado Madrid),DUDOSO,RTL-SDR; Escáner aéreo
898,EMT MB,231.415,231.415,NFM,NFM,Banda Aérea (militar),Transporte,Madrid/Nacional,,escanerfrecuencias (listado Madrid),DUDOSO,RTL-SDR; Escáner aéreo
899,USO DESCONOCIDO C B,231.5,231.5,NFM,NFM,Banda Aérea (militar),Otros/Sin identificar,Madrid/Nacional,,escanerfrecuencias (listado Madrid),DUDOSO,RTL-SDR; Escáner aéreo
900,EMT MB,231.615,231.615,NFM,NFM,Banda Aérea (militar),Transporte,Madrid/Nacional,,escanerfrecuencias (listado Madrid),DUDOSO,RTL-SDR; Escáner aéreo
901,SECOP (FORESTALES) C MB,231.735,231.735,NFM,NFM,Banda Aérea (militar),Protección civil,Madrid/Nacional,,escanerfrecuencias (listado Madrid),DUDOSO,RTL-SDR; Escáner aéreo
902,EMT B,231.8,231.8,NFM,NFM,Banda Aérea (militar),Transporte,Madrid/Nacional,,escanerfrecuencias (listado Madrid),DUDOSO,RTL-SDR; Escáner aéreo
903,EMT MB,231.81,231.81,NFM,NFM,Banda Aérea (militar),Transporte,Madrid/Nacional,,escanerfrecuencias (listado Madrid),DUDOSO,RTL-SDR; Escáner aéreo
904,USO DESCONOCIDO C B,232.1,232.1,NFM,NFM,Banda Aérea (militar),Otros/Sin identificar,Madrid/Nacional,,escanerfrecuencias (listado Madrid),DUDOSO,RTL-SDR; Escáner aéreo
905,USO DESCONOCIDO C B,232.14,232.14,NFM,NFM,Banda Aérea (militar),Otros/Sin identificar,Madrid/Nacional,,escanerfrecuencias (listado Madrid),DUDOSO,RTL-SDR; Escáner aéreo
906,USO DESCONOCIDO C MB,232.195,232.195,NFM,NFM,Banda Aérea (militar),Otros/Sin identificar,Madrid/Nacional,,escanerfrecuencias (listado Madrid),DUDOSO,RTL-SDR; Escáner aéreo
907,USO DESCONOCIDO,232.29,232.29,NFM,NFM,Banda Aérea (militar),Otros/Sin identificar,Madrid/Nacional,,escanerfrecuencias (listado Madrid),DUDOSO,RTL-SDR; Escáner aéreo
908,USO DESCONOCIDO C B,232.63,232.63,NFM,NFM,Banda Aérea (militar),Otros/Sin identificar,Madrid/Nacional,,escanerfrecuencias (listado Madrid),DUDOSO,RTL-SDR; Escáner aéreo
909,USO DESCONOCIDO C B,233.015,233.015,NFM,NFM,Banda Aérea (militar),Otros/Sin identificar,Madrid/Nacional,,escanerfrecuencias (listado Madrid),DUDOSO,RTL-SDR; Escáner aéreo
910,BOMBEROS MADRID,337.175,337.175,NFM,NFM,Banda Aérea (militar),Protección civil,Madrid/Nacional,,escanerfrecuencias (listado Madrid),DUDOSO,RTL-SDR; Escáner aéreo
911,USO DESCONOCIDO C MB,404.4875,404.4875,NFM,NFM,Otros/Sin identificar,Otros/Sin identificar,Madrid/Nacional,,escanerfrecuencias (listado Madrid),DUDOSO,Baofeng/HT; RTL-SDR
912,BOMBEROS (RED TRUNKING) MB S,407.225,407.225,NFM,NFM,Protección civil,Protección civil,Madrid/Nacional,,escanerfrecuencias (listado Madrid),DUDOSO,Baofeng/HT; RTL-SDR
913,USO DESCONOCIDO,407.3125,407.3125,NFM,NFM,Otros/Sin identificar,Otros/Sin identificar,Madrid/Nacional,,escanerfrecuencias (listado Madrid),DUDOSO,Baofeng/HT; RTL-SDR
914,"BOMBEROS (2,7, MANUEL BECERRA, SAN BLAS, VALLECAS MB",407.65,407.65,NFM,NFM,Protección civil,Protección civil,Madrid/Nacional,,escanerfrecuencias (listado Madrid),DUDOSO,Baofeng/HT; RTL-SDR
915,USO DESCONOCIDO C MB S,407.825,407.825,NFM,NFM,Otros/Sin identificar,Otros/Sin identificar,Madrid/Nacional,,escanerfrecuencias (listado Madrid),DUDOSO,Baofeng/HT; RTL-SDR
916,USO DESCONOCIDO,409.3625,409.3625,NFM,NFM,Otros/Sin identificar,Otros/Sin identificar,Madrid/Nacional,,escanerfrecuencias (listado Madrid),DUDOSO,Baofeng/HT; RTL-SDR
917,BOMBEROS CAM o DE MADRID,414.125,414.125,NFM,NFM,Protección civil,Protección civil,Madrid/Nacional,,escanerfrecuencias (listado Madrid),DUDOSO,Baofeng/HT; RTL-SDR
918,"BOMBEROS (9,4,11) Bº DEL PILAR, PLZA. CASTILLA, S. LUIS MB",414.225,414.225,NFM,NFM,Protección civil,Protección civil,Madrid/Nacional,,escanerfrecuencias (listado Madrid),DUDOSO,Baofeng/HT; RTL-SDR
919,"BOMBEROS (2,7, M.BECERRA, SAN BLAS, VALLECAS ,P.EXT MB",414.275,414.275,NFM,NFM,Protección civil,Protección civil,Madrid/Nacional,,escanerfrecuencias (listado Madrid),DUDOSO,Baofeng/HT; RTL-SDR
920,FORESTALES,414.44,414.44,NFM,NFM,Protección civil,Protección civil,Madrid/Nacional,,escanerfrecuencias (listado Madrid),DUDOSO,Baofeng/HT; RTL-SDR
921,TRUCKING MUNICIPAL LIMPIEZA Y JARDINES Y SAMUR ANTIGUA C MB S,414.475,414.475,NFM,NFM,Emergencia sanitaria,Emergencia sanitaria,Madrid/Nacional,,escanerfrecuencias (listado Madrid),DUDOSO,Baofeng/HT; RTL-SDR
922,FORESTALES MB,414.54,414.54,NFM,NFM,Protección civil,Protección civil,Madrid/Nacional,,escanerfrecuencias (listado Madrid),DUDOSO,Baofeng/HT; RTL-SDR
923,Trucking municipal SAMUR ANTIGUA C MB S,414.55,414.55,NFM,NFM,Emergencia sanitaria,Emergencia sanitaria,Madrid/Nacional,,escanerfrecuencias (listado Madrid),DUDOSO,Baofeng/HT; RTL-SDR
924,"PUEDEN SER FORESTALES, Trucking municipal",414.5625,414.5625,NFM,NFM,Protección civil,Protección civil,Madrid/Nacional,,escanerfrecuencias (listado Madrid),DUDOSO,Baofeng/HT; RTL-SDR
925,BOMBEROS CAM o PARQUE 11 C MB,414.6,414.6,NFM,NFM,Protección civil,Protección civil,Madrid/Nacional,,escanerfrecuencias (listado Madrid),DUDOSO,Baofeng/HT; RTL-SDR
926,"BOMBEROS (5,10,12) STA.Mª D LA CABEZA, VILLAVERDE, ALUCHE MB",414.675,414.675,NFM,NFM,Protección civil,Protección civil,Madrid/Nacional,,escanerfrecuencias (listado Madrid),DUDOSO,Baofeng/HT; RTL-SDR
927,"BOMBEROS (5,10,12) STA.Mª D LA CABEZA, VILLAVERDE, ALUCHE MB",414.7,414.7,NFM,NFM,Protección civil,Protección civil,Madrid/Nacional,,escanerfrecuencias (listado Madrid),DUDOSO,Baofeng/HT; RTL-SDR
928,"BOMBEROS (1,3,6) C.CAMINOS, P.TOLEDO, PLZA. MAYOR MB",414.875,414.875,NFM,NFM,Protección civil,Protección civil,Madrid/Nacional,,escanerfrecuencias (listado Madrid),DUDOSO,Baofeng/HT; RTL-SDR
929,ANTIGUA SAMUR,414.9125,414.9125,NFM,NFM,Emergencia sanitaria,Emergencia sanitaria,Madrid/Nacional,,escanerfrecuencias (listado Madrid),DUDOSO,Baofeng/HT; RTL-SDR
930,"FORESTALES, Trucking municipal MB",414.915,414.915,NFM,NFM,Protección civil,Protección civil,Madrid/Nacional,,escanerfrecuencias (listado Madrid),DUDOSO,Baofeng/HT; RTL-SDR
931,"USO DESCONOCIDO, Trucking municipal C MB",414.935,414.935,NFM,NFM,Otros/Sin identificar,Otros/Sin identificar,Madrid/Nacional,,escanerfrecuencias (listado Madrid),DUDOSO,Baofeng/HT; RTL-SDR
932,USO DESCONOCIDO C B,415.8875,415.8875,NFM,NFM,Otros/Sin identificar,Otros/Sin identificar,Madrid/Nacional,,escanerfrecuencias (listado Madrid),DUDOSO,Baofeng/HT; RTL-SDR
933,USO DESCONOCIDO C B,417.51,417.51,NFM,NFM,Otros/Sin identificar,Otros/Sin identificar,Madrid/Nacional,,escanerfrecuencias (listado Madrid),DUDOSO,Baofeng/HT; RTL-SDR
934,BOMBEROS,418.3,418.3,NFM,NFM,Protección civil,Protección civil,Madrid/Nacional,,escanerfrecuencias (listado Madrid),DUDOSO,Baofeng/HT; RTL-SDR
935,BOMBEROS CAM CH.2,418.4,418.4,NFM,NFM,Protección civil,Protección civil,Madrid/Nacional,,escanerfrecuencias (listado Madrid),DUDOSO,Baofeng/HT; RTL-SDR
936,USO DESCONOCIDO,419.375,419.375,NFM,NFM,Otros/Sin identificar,Otros/Sin identificar,Madrid/Nacional,,escanerfrecuencias (listado Madrid),DUDOSO,Baofeng/HT; RTL-SDR
937,AMBULANCIAS PRIVADAS MB,423.9,423.9,NFM,NFM,Emergencia sanitaria,Emergencia sanitaria,Madrid/Nacional,,escanerfrecuencias (listado Madrid),DUDOSO,Baofeng/HT; RTL-SDR
938,USO DESCONOCIDO,424.2375,424.2375,NFM,NFM,Otros/Sin identificar,Otros/Sin identificar,Madrid/Nacional,,escanerfrecuencias (listado Madrid),DUDOSO,Baofeng/HT; RTL-SDR
939,AMBULANCIAS PRIVADAS B,428.1,428.1,NFM,NFM,Emergencia sanitaria,Emergencia sanitaria,Madrid/Nacional,,escanerfrecuencias (listado Madrid),DUDOSO,Baofeng/HT; RTL-SDR
940,FORESTALES MB,429.225,429.225,NFM,NFM,Protección civil,Protección civil,Madrid/Nacional,,escanerfrecuencias (listado Madrid),DUDOSO,Baofeng/HT; RTL-SDR
941,USO DESCONOCIDO,429.4,429.4,NFM,NFM,Otros/Sin identificar,Otros/Sin identificar,Madrid/Nacional,,escanerfrecuencias (listado Madrid),DUDOSO,Baofeng/HT; RTL-SDR
942,USO DESCONOCIDO,430.975,430.975,NFM,NFM,Radioaficionado 70 cm,Otros/Sin identificar,Madrid/Nacional,,escanerfrecuencias (listado Madrid),DUDOSO,Baofeng/HT; RTL-SDR
943,USO DESCONOCIDO -> BOMBEROS PARKE 8 C MB S,436.1,436.1,NFM,NFM,Radioaficionado 70 cm,Protección civil,Madrid/Nacional,,escanerfrecuencias (listado Madrid),DUDOSO,Baofeng/HT; RTL-SDR
944,"BOMBEROS (1,3,6,5) C.CAMINOS, P.TOLEDO, PLZA. MAYOR (Ch.6) MB S",436.275,436.275,NFM,NFM,Radioaficionado 70 cm,Protección civil,Madrid/Nacional,,escanerfrecuencias (listado Madrid),DUDOSO,Baofeng/HT; RTL-SDR
945,USO DESCONOCIDO C B S,445.3,445.3,NFM,NFM,Otros/Sin identificar,Otros/Sin identificar,Madrid/Nacional,,escanerfrecuencias (listado Madrid),DUDOSO,Baofeng/HT; RTL-SDR
946,RENFE MANIOBRAS (RUIDO),447.75,447.75,NFM,NFM,UHF servicios,Transporte,Madrid/Nacional,,escanerfrecuencias (listado Madrid),DUDOSO,Baofeng/HT; RTL-SDR
947,USO DESCONOCIDO (PUEDE SER RENFE) C MB S,448.35,448.35,NFM,NFM,UHF servicios,Transporte,Madrid/Nacional,,escanerfrecuencias (listado Madrid),DUDOSO,Baofeng/HT; RTL-SDR
948,RENFE (RUIDO) MB,448.375,448.375,NFM,NFM,UHF servicios,Transporte,Madrid/Nacional,,escanerfrecuencias (listado Madrid),DUDOSO,Baofeng/HT; RTL-SDR
949,USO DESCONOCIDO (PUEDE SER RENFE) C MB,448.425,448.425,NFM,NFM,UHF servicios,Transporte,Madrid/Nacional,,escanerfrecuencias (listado Madrid),DUDOSO,Baofeng/HT; RTL-SDR
950,RENFE (RUIDO),448.55,448.55,NFM,NFM,UHF servicios,Transporte,Madrid/Nacional,,escanerfrecuencias (listado Madrid),DUDOSO,Baofeng/HT; RTL-SDR
951,USO DESCONOCIDO,448.58,448.58,NFM,NFM,UHF servicios,Otros/Sin identificar,Madrid/Nacional,,escanerfrecuencias (listado Madrid),DUDOSO,Baofeng/HT; RTL-SDR
952,RENFE (RUIDO) MB,448.65,448.65,NFM,NFM,UHF servicios,Transporte,Madrid/Nacional,,escanerfrecuencias (listado Madrid),DUDOSO,Baofeng/HT; RTL-SDR
953,SEGURIDAD METRO (SALA 3),451.3,451.3,NFM,NFM,UHF servicios,Transporte,Madrid/Nacional,,escanerfrecuencias (listado Madrid),DUDOSO,Baofeng/HT; RTL-SDR
954,USO DESCONOCIDO,451.35,451.35,NFM,NFM,UHF servicios,Otros/Sin identificar,Madrid/Nacional,,escanerfrecuencias (listado Madrid),DUDOSO,Baofeng/HT; RTL-SDR
955,USO DESCONOCIDO C MB,452.3875,452.3875,NFM,NFM,UHF servicios,Otros/Sin identificar,Madrid/Nacional,,escanerfrecuencias (listado Madrid),DUDOSO,Baofeng/HT; RTL-SDR
956,USO DESCONOCIDO,455.5,455.5,NFM,NFM,UHF servicios,Otros/Sin identificar,Madrid/Nacional,,escanerfrecuencias (listado Madrid),DUDOSO,Baofeng/HT; RTL-SDR
957,RENFE (SIN PITIDO) MB,457.6,457.6,NFM,NFM,UHF servicios,Transporte,Madrid/Nacional,,escanerfrecuencias (listado Madrid),DUDOSO,Baofeng/HT; RTL-SDR
958,RENFE (SIN PITIDO) MB,457.7,457.7,NFM,NFM,UHF servicios,Transporte,Madrid/Nacional,,escanerfrecuencias (listado Madrid),DUDOSO,Baofeng/HT; RTL-SDR
959,RENFE MANIOBRAS (SIN PITIDO),457.825,457.825,NFM,NFM,UHF servicios,Transporte,Madrid/Nacional,,escanerfrecuencias (listado Madrid),DUDOSO,Baofeng/HT; RTL-SDR
960,RENFE (SIN PITIDO) MB,457.9,457.9,NFM,NFM,UHF servicios,Transporte,Madrid/Nacional,,escanerfrecuencias (listado Madrid),DUDOSO,Baofeng/HT; RTL-SDR
961,RENFE (SIN PITIDO) ACTIVO MB,458.325,458.325,NFM,NFM,UHF servicios,Transporte,Madrid/Nacional,,escanerfrecuencias (listado Madrid),DUDOSO,Baofeng/HT; RTL-SDR
962,USO DESCONOCIDO C B S,458.35,458.35,NFM,NFM,UHF servicios,Otros/Sin identificar,Madrid/Nacional,,escanerfrecuencias (listado Madrid),DUDOSO,Baofeng/HT; RTL-SDR
963,RENFE (SIN PITIDO) MB,458.375,458.375,NFM,NFM,UHF servicios,Transporte,Madrid/Nacional,,escanerfrecuencias (listado Madrid),DUDOSO,Baofeng/HT; RTL-SDR
964,RENFE (SIN PITIDO) MB,458.5,458.5,NFM,NFM,UHF servicios,Transporte,Madrid/Nacional,,escanerfrecuencias (listado Madrid),DUDOSO,Baofeng/HT; RTL-SDR
965,RENFE (SIN PITIDO) MB,458.6,458.6,NFM,NFM,UHF servicios,Transporte,Madrid/Nacional,,escanerfrecuencias (listado Madrid),DUDOSO,Baofeng/HT; RTL-SDR
966,RENFE,458.8,458.8,NFM,NFM,UHF servicios,Transporte,Madrid/Nacional,,escanerfrecuencias (listado Madrid),DUDOSO,Baofeng/HT; RTL-SDR
967,USO DESCONOCIDO,460.1,460.1,NFM,NFM,UHF servicios,Otros/Sin identificar,Madrid/Nacional,,escanerfrecuencias (listado Madrid),DUDOSO,Baofeng/HT; RTL-SDR
968,USO DESCONOCIDO,460.55,460.55,NFM,NFM,UHF servicios,Otros/Sin identificar,Madrid/Nacional,,escanerfrecuencias (listado Madrid),DUDOSO,Baofeng/HT; RTL-SDR
969,BOMBEROS,461.55,461.55,NFM,NFM,UHF servicios,Protección civil,Madrid/Nacional,,escanerfrecuencias (listado Madrid),DUDOSO,Baofeng/HT; RTL-SDR
970,SEGURIDAD RENFE (ATOCHA) MB S,461.925,461.925,NFM,NFM,UHF servicios,Transporte,Madrid/Nacional,,escanerfrecuencias (listado Madrid),DUDOSO,Baofeng/HT; RTL-SDR
971,RENFE (MANIOBRAS) B S,461.95,461.95,NFM,NFM,UHF servicios,Transporte,Madrid/Nacional,,escanerfrecuencias (listado Madrid),DUDOSO,Baofeng/HT; RTL-SDR
972,USO DESCONOCIDO MB S,462.425,462.425,NFM,NFM,UHF servicios,Otros/Sin identificar,Madrid/Nacional,,escanerfrecuencias (listado Madrid),DUDOSO,Baofeng/HT; RTL-SDR
973,CARRETERAS C MB,462.625,462.625,NFM,NFM,UHF servicios,Transporte,Madrid/Nacional,,escanerfrecuencias (listado Madrid),DUDOSO,Baofeng/HT; RTL-SDR
974,BOMBEROS ALCORCON,462.825,462.825,NFM,NFM,UHF servicios,Protección civil,Madrid/Nacional,,escanerfrecuencias (listado Madrid),DUDOSO,Baofeng/HT; RTL-SDR
975,BOMBEROS LEGANES MB,463.075,463.075,NFM,NFM,UHF servicios,Protección civil,Madrid/Nacional,,escanerfrecuencias (listado Madrid),DUDOSO,Baofeng/HT; RTL-SDR
976,BOMBEROS CAM,464.05,464.05,NFM,NFM,UHF servicios,Protección civil,Madrid/Nacional,,escanerfrecuencias (listado Madrid),DUDOSO,Baofeng/HT; RTL-SDR
977,BOMBEROS CAM,464.1,464.1,NFM,NFM,UHF servicios,Protección civil,Madrid/Nacional,,escanerfrecuencias (listado Madrid),DUDOSO,Baofeng/HT; RTL-SDR
978,BOMBEROS CAM,464.15,464.15,NFM,NFM,UHF servicios,Protección civil,Madrid/Nacional,,escanerfrecuencias (listado Madrid),DUDOSO,Baofeng/HT; RTL-SDR
979,USO DESCONOCIDO C B S,468.185,468.185,NFM,NFM,UHF servicios,Otros/Sin identificar,Madrid/Nacional,,escanerfrecuencias (listado Madrid),DUDOSO,Baofeng/HT; RTL-SDR
980,USO DESCONOCIDO,468.875,468.875,NFM,NFM,UHF servicios,Otros/Sin identificar,Madrid/Nacional,,escanerfrecuencias (listado Madrid),DUDOSO,Baofeng/HT; RTL-SDR
981,TELEFONO O SIMILAR MANTENIMIENTO DE RENFE MB,470.05,470.05,NFM,NFM,Seguridad/Defensa,Seguridad/Defensa,Madrid/Nacional,,escanerfrecuencias (listado Madrid),DUDOSO,Baofeng/HT; RTL-SDR
982,USO DESCONOCIDO,475.975,475.975,NFM,NFM,Otros/Sin identificar,Otros/Sin identificar,Madrid/Nacional,,escanerfrecuencias (listado Madrid),DUDOSO,Baofeng/HT; RTL-SDR
983,USO DESCONOCIDO,484.75,484.75,WFM,WFM,Otros/Sin identificar,Otros/Sin identificar,Madrid/Nacional,,escanerfrecuencias (listado Madrid),DUDOSO,RTL-SDR
984,USO DESCONOCIDO,484.85,484.85,NFM,NFM,Otros/Sin identificar,Otros/Sin identificar,Madrid/Nacional,,escanerfrecuencias (listado Madrid),DUDOSO,Baofeng/HT; RTL-SDR
985,USO DESCONOCIDO,540.75,540.75,WFM,WFM,Otros/Sin identificar,Otros/Sin identificar,Madrid/Nacional,,escanerfrecuencias (listado Madrid),DUDOSO,RTL-SDR
986,USO DESCONOCIDO,572.75,572.75,WFM,WFM,Otros/Sin identificar,Otros/Sin identificar,Madrid/Nacional,,escanerfrecuencias (listado Madrid),DUDOSO,RTL-SDR
987,USO DESCONOCIDO,580.7,580.7,WFM,WFM,Otros/Sin identificar,Otros/Sin identificar,Madrid/Nacional,,escanerfrecuencias (listado Madrid),DUDOSO,RTL-SDR
988,USO DESCONOCIDO,588.75,588.75,WFM,WFM,Otros/Sin identificar,Otros/Sin identificar,Madrid/Nacional,,escanerfrecuencias (listado Madrid),DUDOSO,RTL-SDR
989,USO DESCONOCIDO,596.75,596.75,WFM,WFM,Otros/Sin identificar,Otros/Sin identificar,Madrid/Nacional,,escanerfrecuencias (listado Madrid),DUDOSO,RTL-SDR
990,USO DESCONOCIDO,612.9,612.9,WFM,WFM,Otros/Sin identificar,Otros/Sin identificar,Madrid/Nacional,,escanerfrecuencias (listado Madrid),DUDOSO,RTL-SDR
991,USO DESCONOCIDO,620.75,620.75,WFM,WFM,Otros/Sin identificar,Otros/Sin identificar,Madrid/Nacional,,escanerfrecuencias (listado Madrid),DUDOSO,RTL-SDR
992,USO DESCONOCIDO,636.75,636.75,WFM,WFM,Otros/Sin identificar,Otros/Sin identificar,Madrid/Nacional,,escanerfrecuencias (listado Madrid),DUDOSO,RTL-SDR
993,USO DESCONOCIDO,644.8,644.8,WFM,WFM,Otros/Sin identificar,Otros/Sin identificar,Madrid/Nacional,,escanerfrecuencias (listado Madrid),DUDOSO,RTL-SDR
994,USO DESCONOCIDO,652.85,652.85,WFM,WFM,Otros/Sin identificar,Otros/Sin identificar,Madrid/Nacional,,escanerfrecuencias (listado Madrid),DUDOSO,RTL-SDR
995,USO DESCONOCIDO,660.85,660.85,WFM,WFM,Otros/Sin identificar,Otros/Sin identificar,Madrid/Nacional,,escanerfrecuencias (listado Madrid),DUDOSO,RTL-SDR
996,USO DESCONOCIDO,663.05,663.05,WFM,WFM,Otros/Sin identificar,Otros/Sin identificar,Madrid/Nacional,,escanerfrecuencias (listado Madrid),DUDOSO,RTL-SDR
997,USO DESCONOCIDO,663.1,663.1,WFM,WFM,Otros/Sin identificar,Otros/Sin identificar,Madrid/Nacional,,escanerfrecuencias (listado Madrid),DUDOSO,RTL-SDR
998,USO DESCONOCIDO,684.75,684.75,WFM,WFM,Otros/Sin identificar,Otros/Sin identificar,Madrid/Nacional,,escanerfrecuencias (listado Madrid),DUDOSO,RTL-SDR
999,USO DESCONOCIDO,700.75,700.75,WFM,WFM,Otros/Sin identificar,Otros/Sin identificar,Madrid/Nacional,,escanerfrecuencias (listado Madrid),DUDOSO,RTL-SDR
1000,USO DESCONOCIDO,723.05,723.05,WFM,WFM,Otros/Sin identificar,Otros/Sin identificar,Madrid/Nacional,,escanerfrecuencias (listado Madrid),DUDOSO,RTL-SDR
1001,USO DESCONOCIDO,724.8,724.8,WFM,WFM,Otros/Sin identificar,Otros/Sin identificar,Madrid/Nacional,,escanerfrecuencias (listado Madrid),DUDOSO,RTL-SDR
1002,USO DESCONOCIDO,727.0,727,WFM,WFM,Otros/Sin identificar,Otros/Sin identificar,Madrid/Nacional,,escanerfrecuencias (listado Madrid),DUDOSO,RTL-SDR
1003,USO DESCONOCIDO,748.8,748.8,WFM,WFM,Otros/Sin identificar,Otros/Sin identificar,Madrid/Nacional,,escanerfrecuencias (listado Madrid),DUDOSO,RTL-SDR
1004,USO DESCONOCIDO,788.85,788.85,WFM,WFM,Otros/Sin identificar,Otros/Sin identificar,Madrid/Nacional,,escanerfrecuencias (listado Madrid),DUDOSO,RTL-SDR
1005,USO DESCONOCIDO,796.7375,796.7375,WFM,WFM,Otros/Sin identificar,Otros/Sin identificar,Madrid/Nacional,,escanerfrecuencias (listado Madrid),DUDOSO,RTL-SDR
1006,USO DESCONOCIDO,820.777,820.777,WFM,WFM,Otros/Sin identificar,Otros/Sin identificar,Madrid/Nacional,,escanerfrecuencias (listado Madrid),DUDOSO,RTL-SDR
1007,TORREJON O EA,6.724,6.724,USB,USB,Aeronáutica,Aeronáutica,Madrid/Nacional,,escanerfrecuencias (listado Madrid),NO,Receptor HF
1008,POLICIA MILITAR,74.075,74.075,NFM,NFM,Seguridad/Defensa,Seguridad/Defensa,Madrid/Nacional,,escanerfrecuencias (listado Madrid),NO,RTL-SDR
1009,PROSEGUR,74.15,74.15,NFM,NFM,Seguridad/Defensa,Seguridad/Defensa,Madrid/Nacional,,escanerfrecuencias (listado Madrid),NO,RTL-SDR
1010,GUARDIA CIVIL MB,75.475,75.475,NFM,NFM,Seguridad/Defensa,Seguridad/Defensa,Madrid/Nacional,,escanerfrecuencias (listado Madrid),NO,RTL-SDR
1011,GUARDIA CIVIL,75.5,75.5,NFM,NFM,Seguridad/Defensa,Seguridad/Defensa,Madrid/Nacional,,escanerfrecuencias (listado Madrid),NO,RTL-SDR
1012,GUARDIA CIVIL,75.525,75.525,NFM,NFM,Seguridad/Defensa,Seguridad/Defensa,Madrid/Nacional,,escanerfrecuencias (listado Madrid),NO,RTL-SDR
1013,GUARDIA CIVIL,75.55,75.55,NFM,NFM,Seguridad/Defensa,Seguridad/Defensa,Madrid/Nacional,,escanerfrecuencias (listado Madrid),NO,RTL-SDR
1014,GUARDIA CIVIL,75.575,75.575,NFM,NFM,Seguridad/Defensa,Seguridad/Defensa,Madrid/Nacional,,escanerfrecuencias (listado Madrid),NO,RTL-SDR
1015,GUARDIA CIVIL,75.6,75.6,NFM,NFM,Seguridad/Defensa,Seguridad/Defensa,Madrid/Nacional,,escanerfrecuencias (listado Madrid),NO,RTL-SDR
1016,GUARDIA CIVIL,75.625,75.625,NFM,NFM,Seguridad/Defensa,Seguridad/Defensa,Madrid/Nacional,,escanerfrecuencias (listado Madrid),NO,RTL-SDR
1017,GUARDIA CIVIL,75.65,75.65,NFM,NFM,Seguridad/Defensa,Seguridad/Defensa,Madrid/Nacional,,escanerfrecuencias (listado Madrid),NO,RTL-SDR
1018,GUARDIA CIVIL,75.675,75.675,NFM,NFM,Seguridad/Defensa,Seguridad/Defensa,Madrid/Nacional,,escanerfrecuencias (listado Madrid),NO,RTL-SDR
1019,GUARDIA CIVIL,75.7,75.7,NFM,NFM,Seguridad/Defensa,Seguridad/Defensa,Madrid/Nacional,,escanerfrecuencias (listado Madrid),NO,RTL-SDR
1020,GUARDIA CIVIL,75.725,75.725,NFM,NFM,Seguridad/Defensa,Seguridad/Defensa,Madrid/Nacional,,escanerfrecuencias (listado Madrid),NO,RTL-SDR
1021,GUARDIA CIVIL,75.75,75.75,NFM,NFM,Seguridad/Defensa,Seguridad/Defensa,Madrid/Nacional,,escanerfrecuencias (listado Madrid),NO,RTL-SDR
1022,GUARDIA CIVIL,75.775,75.775,NFM,NFM,Seguridad/Defensa,Seguridad/Defensa,Madrid/Nacional,,escanerfrecuencias (listado Madrid),NO,RTL-SDR
1023,GUARDIA CIVIL,75.8,75.8,NFM,NFM,Seguridad/Defensa,Seguridad/Defensa,Madrid/Nacional,,escanerfrecuencias (listado Madrid),NO,RTL-SDR
1024,GUARDIA CIVIL,75.825,75.825,NFM,NFM,Seguridad/Defensa,Seguridad/Defensa,Madrid/Nacional,,escanerfrecuencias (listado Madrid),NO,RTL-SDR
1025,GUARDIA CIVIL,75.85,75.85,NFM,NFM,Seguridad/Defensa,Seguridad/Defensa,Madrid/Nacional,,escanerfrecuencias (listado Madrid),NO,RTL-SDR
1026,GUARDIA CIVIL,75.875,75.875,NFM,NFM,Seguridad/Defensa,Seguridad/Defensa,Madrid/Nacional,,escanerfrecuencias (listado Madrid),NO,RTL-SDR
1027,GUARDIA CIVIL MB,75.9,75.9,NFM,NFM,Seguridad/Defensa,Seguridad/Defensa,Madrid/Nacional,,escanerfrecuencias (listado Madrid),NO,RTL-SDR
1028,GUARDIA CIVIL,75.925,75.925,NFM,NFM,Seguridad/Defensa,Seguridad/Defensa,Madrid/Nacional,,escanerfrecuencias (listado Madrid),NO,RTL-SDR
1029,GUARDIA CIVIL,75.95,75.95,NFM,NFM,Seguridad/Defensa,Seguridad/Defensa,Madrid/Nacional,,escanerfrecuencias (listado Madrid),NO,RTL-SDR
1030,GUARDIA CIVIL,75.975,75.975,NFM,NFM,Seguridad/Defensa,Seguridad/Defensa,Madrid/Nacional,,escanerfrecuencias (listado Madrid),NO,RTL-SDR
1031,GUARDIA CIVIL MB,76.0,76,NFM,NFM,Seguridad/Defensa,Seguridad/Defensa,Madrid/Nacional,,escanerfrecuencias (listado Madrid),NO,RTL-SDR
1032,GUARDIA CIVIL,76.025,76.025,NFM,NFM,Seguridad/Defensa,Seguridad/Defensa,Madrid/Nacional,,escanerfrecuencias (listado Madrid),NO,RTL-SDR
1033,GUARDIA CIVIL MB,76.05,76.05,NFM,NFM,Seguridad/Defensa,Seguridad/Defensa,Madrid/Nacional,,escanerfrecuencias (listado Madrid),NO,RTL-SDR
1034,GUARDIA CIVIL,76.075,76.075,NFM,NFM,Seguridad/Defensa,Seguridad/Defensa,Madrid/Nacional,,escanerfrecuencias (listado Madrid),NO,RTL-SDR
1035,GUARDIA CIVIL,76.1,76.1,NFM,NFM,Seguridad/Defensa,Seguridad/Defensa,Madrid/Nacional,,escanerfrecuencias (listado Madrid),NO,RTL-SDR
1036,GUARDIA CIVIL,76.125,76.125,NFM,NFM,Seguridad/Defensa,Seguridad/Defensa,Madrid/Nacional,,escanerfrecuencias (listado Madrid),NO,RTL-SDR
1037,GUARDIA CIVIL,76.15,76.15,NFM,NFM,Seguridad/Defensa,Seguridad/Defensa,Madrid/Nacional,,escanerfrecuencias (listado Madrid),NO,RTL-SDR
1038,GUARDIA CIVIL MB,76.175,76.175,NFM,NFM,Seguridad/Defensa,Seguridad/Defensa,Madrid/Nacional,,escanerfrecuencias (listado Madrid),NO,RTL-SDR
1039,GUARDIA CIVIL,76.2,76.2,NFM,NFM,Seguridad/Defensa,Seguridad/Defensa,Madrid/Nacional,,escanerfrecuencias (listado Madrid),NO,RTL-SDR
1040,GUARDIA CIVIL,76.225,76.225,NFM,NFM,Seguridad/Defensa,Seguridad/Defensa,Madrid/Nacional,,escanerfrecuencias (listado Madrid),NO,RTL-SDR
1041,GUARDIA CIVIL,76.25,76.25,NFM,NFM,Seguridad/Defensa,Seguridad/Defensa,Madrid/Nacional,,escanerfrecuencias (listado Madrid),NO,RTL-SDR
1042,GUARDIA CIVIL,76.275,76.275,NFM,NFM,Seguridad/Defensa,Seguridad/Defensa,Madrid/Nacional,,escanerfrecuencias (listado Madrid),NO,RTL-SDR
1043,GUARDIA CIVIL,76.3,76.3,NFM,NFM,Seguridad/Defensa,Seguridad/Defensa,Madrid/Nacional,,escanerfrecuencias (listado Madrid),NO,RTL-SDR
1044,GUARDIA CIVIL,76.325,76.325,NFM,NFM,Seguridad/Defensa,Seguridad/Defensa,Madrid/Nacional,,escanerfrecuencias (listado Madrid),NO,RTL-SDR
1045,GUARDIA CIVIL,76.35,76.35,NFM,NFM,Seguridad/Defensa,Seguridad/Defensa,Madrid/Nacional,,escanerfrecuencias (listado Madrid),NO,RTL-SDR
1046,GUARDIA CIVIL,76.375,76.375,NFM,NFM,Seguridad/Defensa,Seguridad/Defensa,Madrid/Nacional,,escanerfrecuencias (listado Madrid),NO,RTL-SDR
1047,GUARDIA CIVIL,76.4,76.4,NFM,NFM,Seguridad/Defensa,Seguridad/Defensa,Madrid/Nacional,,escanerfrecuencias (listado Madrid),NO,RTL-SDR
1048,GUARDIA CIVIL,76.425,76.425,NFM,NFM,Seguridad/Defensa,Seguridad/Defensa,Madrid/Nacional,,escanerfrecuencias (listado Madrid),NO,RTL-SDR
1049,GUARDIA CIVIL,76.45,76.45,NFM,NFM,Seguridad/Defensa,Seguridad/Defensa,Madrid/Nacional,,escanerfrecuencias (listado Madrid),NO,RTL-SDR
1050,GUARDIA CIVIL MB,76.475,76.475,NFM,NFM,Seguridad/Defensa,Seguridad/Defensa,Madrid/Nacional,,escanerfrecuencias (listado Madrid),NO,RTL-SDR
1051,GUARDIA CIVIL,76.5,76.5,NFM,NFM,Seguridad/Defensa,Seguridad/Defensa,Madrid/Nacional,,escanerfrecuencias (listado Madrid),NO,RTL-SDR
1052,GUARDIA CIVIL,76.525,76.525,NFM,NFM,Seguridad/Defensa,Seguridad/Defensa,Madrid/Nacional,,escanerfrecuencias (listado Madrid),NO,RTL-SDR
1053,GUARDIA CIVIL,76.55,76.55,NFM,NFM,Seguridad/Defensa,Seguridad/Defensa,Madrid/Nacional,,escanerfrecuencias (listado Madrid),NO,RTL-SDR
1054,GUARDIA CIVIL,76.575,76.575,NFM,NFM,Seguridad/Defensa,Seguridad/Defensa,Madrid/Nacional,,escanerfrecuencias (listado Madrid),NO,RTL-SDR
1055,POLICIA MILITAR,84.675,84.675,NFM,NFM,Seguridad/Defensa,Seguridad/Defensa,Madrid/Nacional,,escanerfrecuencias (listado Madrid),NO,RTL-SDR
1056,GUARDIA CIVIL,84.75,84.75,NFM,NFM,Seguridad/Defensa,Seguridad/Defensa,Madrid/Nacional,,escanerfrecuencias (listado Madrid),NO,RTL-SDR
1057,GUARDIA CIVIL,84.775,84.775,NFM,NFM,Seguridad/Defensa,Seguridad/Defensa,Madrid/Nacional,,escanerfrecuencias (listado Madrid),NO,RTL-SDR
1058,GUARDIA CIVIL,84.8,84.8,NFM,NFM,Seguridad/Defensa,Seguridad/Defensa,Madrid/Nacional,,escanerfrecuencias (listado Madrid),NO,RTL-SDR
1059,GUARDIA CIVIL,84.825,84.825,NFM,NFM,Seguridad/Defensa,Seguridad/Defensa,Madrid/Nacional,,escanerfrecuencias (listado Madrid),NO,RTL-SDR
1060,GUARDIA CIVIL,84.85,84.85,NFM,NFM,Seguridad/Defensa,Seguridad/Defensa,Madrid/Nacional,,escanerfrecuencias (listado Madrid),NO,RTL-SDR
1061,GUARDIA CIVIL,84.875,84.875,NFM,NFM,Seguridad/Defensa,Seguridad/Defensa,Madrid/Nacional,,escanerfrecuencias (listado Madrid),NO,RTL-SDR
1062,GUARDIA CIVIL,84.9,84.9,NFM,NFM,Seguridad/Defensa,Seguridad/Defensa,Madrid/Nacional,,escanerfrecuencias (listado Madrid),NO,RTL-SDR
1063,GUARDIA CIVIL,84.925,84.925,NFM,NFM,Seguridad/Defensa,Seguridad/Defensa,Madrid/Nacional,,escanerfrecuencias (listado Madrid),NO,RTL-SDR
1064,GUARDIA CIVIL,84.95,84.95,NFM,NFM,Seguridad/Defensa,Seguridad/Defensa,Madrid/Nacional,,escanerfrecuencias (listado Madrid),NO,RTL-SDR
1065,GUARDIA CIVIL,84.975,84.975,NFM,NFM,Seguridad/Defensa,Seguridad/Defensa,Madrid/Nacional,,escanerfrecuencias (listado Madrid),NO,RTL-SDR
1066,GUARDIA CIVIL MB,85.0,85,NFM,NFM,Seguridad/Defensa,Seguridad/Defensa,Madrid/Nacional,,escanerfrecuencias (listado Madrid),NO,RTL-SDR
1067,GUARDIA CIVIL,85.025,85.025,NFM,NFM,Seguridad/Defensa,Seguridad/Defensa,Madrid/Nacional,,escanerfrecuencias (listado Madrid),NO,RTL-SDR
1068,GUARDIA CIVIL,85.05,85.05,NFM,NFM,Seguridad/Defensa,Seguridad/Defensa,Madrid/Nacional,,escanerfrecuencias (listado Madrid),NO,RTL-SDR
1069,GUARDIA CIVIL 93,85.075,85.075,NFM,NFM,Seguridad/Defensa,Seguridad/Defensa,Madrid/Nacional,,escanerfrecuencias (listado Madrid),NO,RTL-SDR
1070,GUARDIA CIVIL 94,85.1,85.1,NFM,NFM,Seguridad/Defensa,Seguridad/Defensa,Madrid/Nacional,,escanerfrecuencias (listado Madrid),NO,RTL-SDR
1071,GUARDIA CIVIL 95,85.125,85.125,NFM,NFM,Seguridad/Defensa,Seguridad/Defensa,Madrid/Nacional,,escanerfrecuencias (listado Madrid),NO,RTL-SDR
1072,GUARDIA CIVIL 96,85.15,85.15,NFM,NFM,Seguridad/Defensa,Seguridad/Defensa,Madrid/Nacional,,escanerfrecuencias (listado Madrid),NO,RTL-SDR
1073,GUARDIA CIVIL 97,85.175,85.175,NFM,NFM,Seguridad/Defensa,Seguridad/Defensa,Madrid/Nacional,,escanerfrecuencias (listado Madrid),NO,RTL-SDR
1074,GUARDIA CIVIL 98,85.2,85.2,NFM,NFM,Seguridad/Defensa,Seguridad/Defensa,Madrid/Nacional,,escanerfrecuencias (listado Madrid),NO,RTL-SDR
1075,GUARDIA CIVIL 99,85.225,85.225,NFM,NFM,Seguridad/Defensa,Seguridad/Defensa,Madrid/Nacional,,escanerfrecuencias (listado Madrid),NO,RTL-SDR
1076,GUARDIA CIVIL,85.25,85.25,NFM,NFM,Seguridad/Defensa,Seguridad/Defensa,Madrid/Nacional,,escanerfrecuencias (listado Madrid),NO,RTL-SDR
1077,GUARDIA CIVIL,85.275,85.275,NFM,NFM,Seguridad/Defensa,Seguridad/Defensa,Madrid/Nacional,,escanerfrecuencias (listado Madrid),NO,RTL-SDR
1078,GUARDIA CIVIL,85.3,85.3,NFM,NFM,Seguridad/Defensa,Seguridad/Defensa,Madrid/Nacional,,escanerfrecuencias (listado Madrid),NO,RTL-SDR
1079,GUARDIA CIVIL,85.325,85.325,NFM,NFM,Seguridad/Defensa,Seguridad/Defensa,Madrid/Nacional,,escanerfrecuencias (listado Madrid),NO,RTL-SDR
1080,GUARDIA CIVIL,85.4,85.4,NFM,NFM,Seguridad/Defensa,Seguridad/Defensa,Madrid/Nacional,,escanerfrecuencias (listado Madrid),NO,RTL-SDR
1081,GUARDIA CIVIL,85.425,85.425,NFM,NFM,Seguridad/Defensa,Seguridad/Defensa,Madrid/Nacional,,escanerfrecuencias (listado Madrid),NO,RTL-SDR
1082,GUARDIA CIVIL,85.45,85.45,NFM,NFM,Seguridad/Defensa,Seguridad/Defensa,Madrid/Nacional,,escanerfrecuencias (listado Madrid),NO,RTL-SDR
1083,GUARDIA CIVIL,85.475,85.475,NFM,NFM,Seguridad/Defensa,Seguridad/Defensa,Madrid/Nacional,,escanerfrecuencias (listado Madrid),NO,RTL-SDR
1084,GUARDIA CIVIL (ALPHA - 30),85.5,85.5,NFM,NFM,Seguridad/Defensa,Seguridad/Defensa,Madrid/Nacional,,escanerfrecuencias (listado Madrid),NO,RTL-SDR
1085,GUARDIA CIVIL,85.525,85.525,NFM,NFM,Seguridad/Defensa,Seguridad/Defensa,Madrid/Nacional,,escanerfrecuencias (listado Madrid),NO,RTL-SDR
1086,GUARDIA CIVIL,85.55,85.55,NFM,NFM,Seguridad/Defensa,Seguridad/Defensa,Madrid/Nacional,,escanerfrecuencias (listado Madrid),NO,RTL-SDR
1087,GUARDIA CIVIL,85.575,85.575,NFM,NFM,Seguridad/Defensa,Seguridad/Defensa,Madrid/Nacional,,escanerfrecuencias (listado Madrid),NO,RTL-SDR
1088,GUARDIA CIVIL,85.6,85.6,NFM,NFM,Seguridad/Defensa,Seguridad/Defensa,Madrid/Nacional,,escanerfrecuencias (listado Madrid),NO,RTL-SDR
1089,GUARDIA CIVIL,85.625,85.625,NFM,NFM,Seguridad/Defensa,Seguridad/Defensa,Madrid/Nacional,,escanerfrecuencias (listado Madrid),NO,RTL-SDR
1090,GUARDIA CIVIL,85.65,85.65,NFM,NFM,Seguridad/Defensa,Seguridad/Defensa,Madrid/Nacional,,escanerfrecuencias (listado Madrid),NO,RTL-SDR
1091,GUARDIA CIVIL,85.675,85.675,NFM,NFM,Seguridad/Defensa,Seguridad/Defensa,Madrid/Nacional,,escanerfrecuencias (listado Madrid),NO,RTL-SDR
1092,GUARDIA CIVIL( ECO 30) CANAL 18 MB,85.7,85.7,NFM,NFM,Seguridad/Defensa,Seguridad/Defensa,Madrid/Nacional,,escanerfrecuencias (listado Madrid),NO,RTL-SDR
1093,GUARDIA CIVIL,85.725,85.725,NFM,NFM,Seguridad/Defensa,Seguridad/Defensa,Madrid/Nacional,,escanerfrecuencias (listado Madrid),NO,RTL-SDR
1094,GUARDIA CIVIL,85.75,85.75,NFM,NFM,Seguridad/Defensa,Seguridad/Defensa,Madrid/Nacional,,escanerfrecuencias (listado Madrid),NO,RTL-SDR
1095,GUARDIA CIVIL,85.775,85.775,NFM,NFM,Seguridad/Defensa,Seguridad/Defensa,Madrid/Nacional,,escanerfrecuencias (listado Madrid),NO,RTL-SDR
1096,GUARDIA CIVIL DE TRAFICO (CANAL 22) COTA (DIRECTO NORTE) MB S,85.8,85.8,NFM,NFM,Seguridad/Defensa,Seguridad/Defensa,Madrid/Nacional,,escanerfrecuencias (listado Madrid),NO,RTL-SDR
1097,GUARDIA CIVIL,85.825,85.825,NFM,NFM,Seguridad/Defensa,Seguridad/Defensa,Madrid/Nacional,,escanerfrecuencias (listado Madrid),NO,RTL-SDR
1098,GUARDIA CIVIL,85.85,85.85,NFM,NFM,Seguridad/Defensa,Seguridad/Defensa,Madrid/Nacional,,escanerfrecuencias (listado Madrid),NO,RTL-SDR
1099,GUARDIA CIVIL,85.875,85.875,NFM,NFM,Seguridad/Defensa,Seguridad/Defensa,Madrid/Nacional,,escanerfrecuencias (listado Madrid),NO,RTL-SDR
1100,GUARDIA CIVIL DE TRAFICO (CANAL 26) MB,85.9,85.9,NFM,NFM,Seguridad/Defensa,Seguridad/Defensa,Madrid/Nacional,,escanerfrecuencias (listado Madrid),NO,RTL-SDR
1101,GUARDIA CIVIL,85.925,85.925,NFM,NFM,Seguridad/Defensa,Seguridad/Defensa,Madrid/Nacional,,escanerfrecuencias (listado Madrid),NO,RTL-SDR
1102,GUARDIA CIVIL,85.95,85.95,NFM,NFM,Seguridad/Defensa,Seguridad/Defensa,Madrid/Nacional,,escanerfrecuencias (listado Madrid),NO,RTL-SDR
1103,GUARDIA CIVIL MB,85.975,85.975,NFM,NFM,Seguridad/Defensa,Seguridad/Defensa,Madrid/Nacional,,escanerfrecuencias (listado Madrid),NO,RTL-SDR
1104,GUARDIA CIVIL,86.0,86,NFM,NFM,Seguridad/Defensa,Seguridad/Defensa,Madrid/Nacional,,escanerfrecuencias (listado Madrid),NO,RTL-SDR
1105,GUARDIA CIVIL,86.025,86.025,NFM,NFM,Seguridad/Defensa,Seguridad/Defensa,Madrid/Nacional,,escanerfrecuencias (listado Madrid),NO,RTL-SDR
1106,GUARDIA CIVIL,86.05,86.05,NFM,NFM,Seguridad/Defensa,Seguridad/Defensa,Madrid/Nacional,,escanerfrecuencias (listado Madrid),NO,RTL-SDR
1107,GUARDIA CIVIL,86.075,86.075,NFM,NFM,Seguridad/Defensa,Seguridad/Defensa,Madrid/Nacional,,escanerfrecuencias (listado Madrid),NO,RTL-SDR
1108,GUARDIA CIVIL,86.1,86.1,NFM,NFM,Seguridad/Defensa,Seguridad/Defensa,Madrid/Nacional,,escanerfrecuencias (listado Madrid),NO,RTL-SDR
1109,GUARDIA CIVIL (CANAL 35) MB,86.125,86.125,NFM,NFM,Seguridad/Defensa,Seguridad/Defensa,Madrid/Nacional,,escanerfrecuencias (listado Madrid),NO,RTL-SDR
1110,GUARDIA CIVIL,86.15,86.15,NFM,NFM,Seguridad/Defensa,Seguridad/Defensa,Madrid/Nacional,,escanerfrecuencias (listado Madrid),NO,RTL-SDR
1111,GUARDIA CIVIL,86.175,86.175,NFM,NFM,Seguridad/Defensa,Seguridad/Defensa,Madrid/Nacional,,escanerfrecuencias (listado Madrid),NO,RTL-SDR
1112,HELICOPERO GUARDIA CIVIL ( ABEJA),86.2,86.2,AM,AM,Seguridad/Defensa,Seguridad/Defensa,Madrid/Nacional,,escanerfrecuencias (listado Madrid),NO,RTL-SDR
1113,GUARDIA CIVIL,86.225,86.225,NFM,NFM,Seguridad/Defensa,Seguridad/Defensa,Madrid/Nacional,,escanerfrecuencias (listado Madrid),NO,RTL-SDR
1114,GUARDIA CIVIL,86.25,86.25,NFM,NFM,Seguridad/Defensa,Seguridad/Defensa,Madrid/Nacional,,escanerfrecuencias (listado Madrid),NO,RTL-SDR
1115,GUARDIA CIVIL DE TRAFICO (CANAL 41) (HEL) COTA SUR MB,86.275,86.275,NFM,NFM,Seguridad/Defensa,Seguridad/Defensa,Madrid/Nacional,,escanerfrecuencias (listado Madrid),NO,RTL-SDR
1116,GUARDIA CIVIL,86.3,86.3,NFM,NFM,Seguridad/Defensa,Seguridad/Defensa,Madrid/Nacional,,escanerfrecuencias (listado Madrid),NO,RTL-SDR
1117,GUARDIA CIVIL,86.325,86.325,NFM,NFM,Seguridad/Defensa,Seguridad/Defensa,Madrid/Nacional,,escanerfrecuencias (listado Madrid),NO,RTL-SDR
1118,GUARDIA CIVIL,86.35,86.35,NFM,NFM,Seguridad/Defensa,Seguridad/Defensa,Madrid/Nacional,,escanerfrecuencias (listado Madrid),NO,RTL-SDR
1119,GUARDIA CIVIL,86.375,86.375,NFM,NFM,Seguridad/Defensa,Seguridad/Defensa,Madrid/Nacional,,escanerfrecuencias (listado Madrid),NO,RTL-SDR
1120,GUARDIA CIVIL,86.4,86.4,NFM,NFM,Seguridad/Defensa,Seguridad/Defensa,Madrid/Nacional,,escanerfrecuencias (listado Madrid),NO,RTL-SDR
1121,GUARDIA CIVIL,86.425,86.425,NFM,NFM,Seguridad/Defensa,Seguridad/Defensa,Madrid/Nacional,,escanerfrecuencias (listado Madrid),NO,RTL-SDR
1122,GUARDIA CIVIL,86.45,86.45,NFM,NFM,Seguridad/Defensa,Seguridad/Defensa,Madrid/Nacional,,escanerfrecuencias (listado Madrid),NO,RTL-SDR
1123,GUARDIA CIVIL,86.475,86.475,NFM,NFM,Seguridad/Defensa,Seguridad/Defensa,Madrid/Nacional,,escanerfrecuencias (listado Madrid),NO,RTL-SDR
1124,GUARDIA CIVIL (COTA SUR),86.875,86.875,NFM,NFM,Seguridad/Defensa,Seguridad/Defensa,Madrid/Nacional,,escanerfrecuencias (listado Madrid),NO,RTL-SDR
1125,RODADURA TORREJON MB,118.3,118.3,AM,AM,Banda Aérea (civil),Aeronáutica,Madrid/Nacional,,escanerfrecuencias (listado Madrid),NO,RTL-SDR; Escáner aéreo
1126,TWR TORREJON MB S,122.1,122.1,AM,AM,Banda Aérea (civil),Aeronáutica,Madrid/Nacional,,escanerfrecuencias (listado Madrid),NO,RTL-SDR; Escáner aéreo
1127,MIL F-18 MB,130.3,130.3,AM,AM,Banda Aérea (civil),Seguridad/Defensa,Madrid/Nacional,,escanerfrecuencias (listado Madrid),NO,RTL-SDR; Escáner aéreo
1128,MIL. MADRID APP C S,141.7,141.7,AM,AM,Aeronáutica,Aeronáutica,Madrid/Nacional,,escanerfrecuencias (listado Madrid),NO,RTL-SDR
1129,POLICIA LOCAL ( ARROYOMOLINOS),148.14,148.14,NFM,NFM,Seguridad/Defensa,Seguridad/Defensa,Madrid/Nacional,,escanerfrecuencias (listado Madrid),NO,Baofeng/HT; RTL-SDR
1130,POLICIA MUNICIPAL DE TORRELODONES MB,150.725,150.725,NFM,NFM,Seguridad/Defensa,Seguridad/Defensa,Madrid/Nacional,,escanerfrecuencias (listado Madrid),NO,Baofeng/HT; RTL-SDR
1131,POLICIA MUNICIPAL LAS ROZAS MB,151.125,151.125,NFM,NFM,Seguridad/Defensa,Seguridad/Defensa,Madrid/Nacional,,escanerfrecuencias (listado Madrid),NO,Baofeng/HT; RTL-SDR
1132,POLICIA MUNICIPAL TORREJON DE ARDOZ MB S,151.2,151.2,NFM,NFM,Aeronáutica,Aeronáutica,Madrid/Nacional,,escanerfrecuencias (listado Madrid),NO,Baofeng/HT; RTL-SDR
1133,POLICIA MUNICIPAL LAS ROZAS MB,152.125,152.125,NFM,NFM,Seguridad/Defensa,Seguridad/Defensa,Madrid/Nacional,,escanerfrecuencias (listado Madrid),NO,Baofeng/HT; RTL-SDR
1134,POLICIA LOCAL (MOSTOLES) B S,152.735,152.735,NFM,NFM,Seguridad/Defensa,Seguridad/Defensa,Madrid/Nacional,,escanerfrecuencias (listado Madrid),NO,Baofeng/HT; RTL-SDR
1135,POLICIA LOCAL (MOSTOLES),152.74,152.74,NFM,NFM,Seguridad/Defensa,Seguridad/Defensa,Madrid/Nacional,,escanerfrecuencias (listado Madrid),NO,Baofeng/HT; RTL-SDR
1136,POLICIA LOCAL (MOSTOLES),153.475,153.475,NFM,NFM,Seguridad/Defensa,Seguridad/Defensa,Madrid/Nacional,,escanerfrecuencias (listado Madrid),NO,Baofeng/HT; RTL-SDR
1137,POLICIA LOCAL C B S,154.325,154.325,NFM,NFM,Seguridad/Defensa,Seguridad/Defensa,Madrid/Nacional,,escanerfrecuencias (listado Madrid),NO,Baofeng/HT; RTL-SDR
1138,GUARDIA CIVIL TRAFICO MB,158.0,158,NFM,NFM,Marítima VHF,Seguridad/Defensa,Madrid/Nacional,,escanerfrecuencias (listado Madrid),NO,Baofeng/HT; RTL-SDR
1139,POLICIA LOCAL ALCOBENDAS,160.125,160.125,NFM,NFM,Marítima VHF,Seguridad/Defensa,Madrid/Nacional,,escanerfrecuencias (listado Madrid),NO,Baofeng/HT; RTL-SDR
1140,POLICIA LOCAL MOSTOLES,160.575,160.575,NFM,NFM,Marítima VHF,Seguridad/Defensa,Madrid/Nacional,,escanerfrecuencias (listado Madrid),NO,Baofeng/HT; RTL-SDR
1141,GUARDIA CIVIL MB,163.325,163.325,NFM,NFM,VHF servicios,Seguridad/Defensa,Madrid/Nacional,,escanerfrecuencias (listado Madrid),NO,Baofeng/HT; RTL-SDR
1142,EMERGENCIA NUCLEAR,163.7,163.7,NFM,NFM,VHF servicios,Otros/Sin identificar,Madrid/Nacional,,escanerfrecuencias (listado Madrid),NO,Baofeng/HT; RTL-SDR
1143,POLICIA LOCAL ALCALA,164.5,164.5,NFM,NFM,VHF servicios,Seguridad/Defensa,Madrid/Nacional,,escanerfrecuencias (listado Madrid),NO,Baofeng/HT; RTL-SDR
1144,GUARDIA CIVIL COTA (REPETIDOR NORTE) MB S,164.625,164.625,NFM,NFM,VHF servicios,Seguridad/Defensa,Madrid/Nacional,,escanerfrecuencias (listado Madrid),NO,Baofeng/HT; RTL-SDR
1145,POLICIA MUNICIPAL LEGANES,164.925,164.925,NFM,NFM,VHF servicios,Seguridad/Defensa,Madrid/Nacional,,escanerfrecuencias (listado Madrid),NO,Baofeng/HT; RTL-SDR
1146,POLICIA MUNICIPAL POZUELO,165.1,165.1,NFM,NFM,VHF servicios,Seguridad/Defensa,Madrid/Nacional,,escanerfrecuencias (listado Madrid),NO,Baofeng/HT; RTL-SDR
1147,GUARDIA CIVIL CENTRAL,166.925,166.925,NFM,NFM,VHF servicios,Seguridad/Defensa,Madrid/Nacional,,escanerfrecuencias (listado Madrid),NO,Baofeng/HT; RTL-SDR
1148,GUARDIA CIVIL,166.95,166.95,NFM,NFM,VHF servicios,Seguridad/Defensa,Madrid/Nacional,,escanerfrecuencias (listado Madrid),NO,Baofeng/HT; RTL-SDR
1149,GUARDIA CIVIL,166.975,166.975,NFM,NFM,VHF servicios,Seguridad/Defensa,Madrid/Nacional,,escanerfrecuencias (listado Madrid),NO,Baofeng/HT; RTL-SDR
1150,GUARDIA CIVIL,167.0,167,NFM,NFM,VHF servicios,Seguridad/Defensa,Madrid/Nacional,,escanerfrecuencias (listado Madrid),NO,Baofeng/HT; RTL-SDR
1151,GUARDIA CIVIL,167.025,167.025,NFM,NFM,VHF servicios,Seguridad/Defensa,Madrid/Nacional,,escanerfrecuencias (listado Madrid),NO,Baofeng/HT; RTL-SDR
1152,GUARDIA CIVIL,167.05,167.05,NFM,NFM,VHF servicios,Seguridad/Defensa,Madrid/Nacional,,escanerfrecuencias (listado Madrid),NO,Baofeng/HT; RTL-SDR
1153,GUARDIA CIVIL,167.075,167.075,NFM,NFM,VHF servicios,Seguridad/Defensa,Madrid/Nacional,,escanerfrecuencias (listado Madrid),NO,Baofeng/HT; RTL-SDR
1154,GUARDIA CIVIL,167.1,167.1,NFM,NFM,VHF servicios,Seguridad/Defensa,Madrid/Nacional,,escanerfrecuencias (listado Madrid),NO,Baofeng/HT; RTL-SDR
1155,GUARDIA CIVIL,167.125,167.125,NFM,NFM,VHF servicios,Seguridad/Defensa,Madrid/Nacional,,escanerfrecuencias (listado Madrid),NO,Baofeng/HT; RTL-SDR
1156,GUARDIA CIVIL,167.15,167.15,NFM,NFM,VHF servicios,Seguridad/Defensa,Madrid/Nacional,,escanerfrecuencias (listado Madrid),NO,Baofeng/HT; RTL-SDR
1157,GUARDIA CIVIL,167.175,167.175,NFM,NFM,VHF servicios,Seguridad/Defensa,Madrid/Nacional,,escanerfrecuencias (listado Madrid),NO,Baofeng/HT; RTL-SDR
1158,GUARDIA CIVIL,167.2,167.2,NFM,NFM,VHF servicios,Seguridad/Defensa,Madrid/Nacional,,escanerfrecuencias (listado Madrid),NO,Baofeng/HT; RTL-SDR
1159,GUARDIA CIVIL,167.225,167.225,NFM,NFM,VHF servicios,Seguridad/Defensa,Madrid/Nacional,,escanerfrecuencias (listado Madrid),NO,Baofeng/HT; RTL-SDR
1160,GUARDIA CIVIL,167.25,167.25,NFM,NFM,VHF servicios,Seguridad/Defensa,Madrid/Nacional,,escanerfrecuencias (listado Madrid),NO,Baofeng/HT; RTL-SDR
1161,GUARDIA CIVIL,167.275,167.275,NFM,NFM,VHF servicios,Seguridad/Defensa,Madrid/Nacional,,escanerfrecuencias (listado Madrid),NO,Baofeng/HT; RTL-SDR
1162,GUARDIA CIVIL,167.3,167.3,NFM,NFM,VHF servicios,Seguridad/Defensa,Madrid/Nacional,,escanerfrecuencias (listado Madrid),NO,Baofeng/HT; RTL-SDR
1163,GUARDIA CIVIL,167.325,167.325,NFM,NFM,VHF servicios,Seguridad/Defensa,Madrid/Nacional,,escanerfrecuencias (listado Madrid),NO,Baofeng/HT; RTL-SDR
1164,GUARDIA CIVIL,167.35,167.35,NFM,NFM,VHF servicios,Seguridad/Defensa,Madrid/Nacional,,escanerfrecuencias (listado Madrid),NO,Baofeng/HT; RTL-SDR
1165,GUARDIA CIVIL,167.375,167.375,NFM,NFM,VHF servicios,Seguridad/Defensa,Madrid/Nacional,,escanerfrecuencias (listado Madrid),NO,Baofeng/HT; RTL-SDR
1166,GUARDIA CIVIL,167.4,167.4,NFM,NFM,VHF servicios,Seguridad/Defensa,Madrid/Nacional,,escanerfrecuencias (listado Madrid),NO,Baofeng/HT; RTL-SDR
1167,GUARDIA CIVIL,167.425,167.425,NFM,NFM,VHF servicios,Seguridad/Defensa,Madrid/Nacional,,escanerfrecuencias (listado Madrid),NO,Baofeng/HT; RTL-SDR
1168,GUARDIA CIVIL,167.45,167.45,NFM,NFM,VHF servicios,Seguridad/Defensa,Madrid/Nacional,,escanerfrecuencias (listado Madrid),NO,Baofeng/HT; RTL-SDR
1169,GUARDIA CIVIL,167.475,167.475,NFM,NFM,VHF servicios,Seguridad/Defensa,Madrid/Nacional,,escanerfrecuencias (listado Madrid),NO,Baofeng/HT; RTL-SDR
1170,GUARDIA CIVIL,167.5,167.5,NFM,NFM,VHF servicios,Seguridad/Defensa,Madrid/Nacional,,escanerfrecuencias (listado Madrid),NO,Baofeng/HT; RTL-SDR
1171,GUARDIA CIVIL,167.625,167.625,NFM,NFM,VHF servicios,Seguridad/Defensa,Madrid/Nacional,,escanerfrecuencias (listado Madrid),NO,Baofeng/HT; RTL-SDR
1172,GUARDIA CIVIL,167.65,167.65,NFM,NFM,VHF servicios,Seguridad/Defensa,Madrid/Nacional,,escanerfrecuencias (listado Madrid),NO,Baofeng/HT; RTL-SDR
1173,GUARDIA CIVIL,167.675,167.675,NFM,NFM,VHF servicios,Seguridad/Defensa,Madrid/Nacional,,escanerfrecuencias (listado Madrid),NO,Baofeng/HT; RTL-SDR
1174,GUARDIA CIVIL,167.7,167.7,NFM,NFM,VHF servicios,Seguridad/Defensa,Madrid/Nacional,,escanerfrecuencias (listado Madrid),NO,Baofeng/HT; RTL-SDR
1175,GUARDIA CIVIL,167.725,167.725,NFM,NFM,VHF servicios,Seguridad/Defensa,Madrid/Nacional,,escanerfrecuencias (listado Madrid),NO,Baofeng/HT; RTL-SDR
1176,GUARDIA CIVIL,167.75,167.75,NFM,NFM,VHF servicios,Seguridad/Defensa,Madrid/Nacional,,escanerfrecuencias (listado Madrid),NO,Baofeng/HT; RTL-SDR
1177,GUARDIA CIVIL,167.775,167.775,NFM,NFM,VHF servicios,Seguridad/Defensa,Madrid/Nacional,,escanerfrecuencias (listado Madrid),NO,Baofeng/HT; RTL-SDR
1178,GUARDIA CIVIL,167.8,167.8,NFM,NFM,VHF servicios,Seguridad/Defensa,Madrid/Nacional,,escanerfrecuencias (listado Madrid),NO,Baofeng/HT; RTL-SDR
1179,GUARDIA CIVIL,167.825,167.825,NFM,NFM,VHF servicios,Seguridad/Defensa,Madrid/Nacional,,escanerfrecuencias (listado Madrid),NO,Baofeng/HT; RTL-SDR
1180,GUARDIA CIVIL,167.85,167.85,NFM,NFM,VHF servicios,Seguridad/Defensa,Madrid/Nacional,,escanerfrecuencias (listado Madrid),NO,Baofeng/HT; RTL-SDR
1181,GUARDIA CIVIL,167.875,167.875,NFM,NFM,VHF servicios,Seguridad/Defensa,Madrid/Nacional,,escanerfrecuencias (listado Madrid),NO,Baofeng/HT; RTL-SDR
1182,GUARDIA CIVIL,167.9,167.9,NFM,NFM,VHF servicios,Seguridad/Defensa,Madrid/Nacional,,escanerfrecuencias (listado Madrid),NO,Baofeng/HT; RTL-SDR
1183,GUARDIA CIVIL,167.925,167.925,NFM,NFM,VHF servicios,Seguridad/Defensa,Madrid/Nacional,,escanerfrecuencias (listado Madrid),NO,Baofeng/HT; RTL-SDR
1184,GUARDIA CIVIL,167.95,167.95,NFM,NFM,VHF servicios,Seguridad/Defensa,Madrid/Nacional,,escanerfrecuencias (listado Madrid),NO,Baofeng/HT; RTL-SDR
1185,GUARDIA CIVIL,167.975,167.975,NFM,NFM,VHF servicios,Seguridad/Defensa,Madrid/Nacional,,escanerfrecuencias (listado Madrid),NO,Baofeng/HT; RTL-SDR
1186,GUARDIA CIVIL,168.0,168,NFM,NFM,VHF servicios,Seguridad/Defensa,Madrid/Nacional,,escanerfrecuencias (listado Madrid),NO,Baofeng/HT; RTL-SDR
1187,GUARDIA CIVIL,168.025,168.025,NFM,NFM,VHF servicios,Seguridad/Defensa,Madrid/Nacional,,escanerfrecuencias (listado Madrid),NO,Baofeng/HT; RTL-SDR
1188,GUARDIA CIVIL,168.05,168.05,NFM,NFM,VHF servicios,Seguridad/Defensa,Madrid/Nacional,,escanerfrecuencias (listado Madrid),NO,Baofeng/HT; RTL-SDR
1189,GUARDIA CIVIL,168.075,168.075,NFM,NFM,VHF servicios,Seguridad/Defensa,Madrid/Nacional,,escanerfrecuencias (listado Madrid),NO,Baofeng/HT; RTL-SDR
1190,GUARDIA CIVIL,168.1,168.1,NFM,NFM,VHF servicios,Seguridad/Defensa,Madrid/Nacional,,escanerfrecuencias (listado Madrid),NO,Baofeng/HT; RTL-SDR
1191,GUARDIA CIVIL MB S,168.125,168.125,NFM,NFM,VHF servicios,Seguridad/Defensa,Madrid/Nacional,,escanerfrecuencias (listado Madrid),NO,Baofeng/HT; RTL-SDR
1192,GUARDIA CIVIL,168.15,168.15,NFM,NFM,VHF servicios,Seguridad/Defensa,Madrid/Nacional,,escanerfrecuencias (listado Madrid),NO,Baofeng/HT; RTL-SDR
1193,GUARDIA CIVIL - COTA SUR MB S,168.175,168.175,NFM,NFM,VHF servicios,Seguridad/Defensa,Madrid/Nacional,,escanerfrecuencias (listado Madrid),NO,Baofeng/HT; RTL-SDR
1194,GUARDIA CIVIL,168.2,168.2,NFM,NFM,VHF servicios,Seguridad/Defensa,Madrid/Nacional,,escanerfrecuencias (listado Madrid),NO,Baofeng/HT; RTL-SDR
1195,GUARDIA CIVIL,168.225,168.225,NFM,NFM,VHF servicios,Seguridad/Defensa,Madrid/Nacional,,escanerfrecuencias (listado Madrid),NO,Baofeng/HT; RTL-SDR
1196,GUARDIA CIVIL,168.25,168.25,NFM,NFM,VHF servicios,Seguridad/Defensa,Madrid/Nacional,,escanerfrecuencias (listado Madrid),NO,Baofeng/HT; RTL-SDR
1197,GUARDIA CIVIL,168.275,168.275,NFM,NFM,VHF servicios,Seguridad/Defensa,Madrid/Nacional,,escanerfrecuencias (listado Madrid),NO,Baofeng/HT; RTL-SDR
1198,"PARECEN TAXIS, GUARDIA CIVIL (NO) C MB S",168.3,168.3,NFM,NFM,VHF servicios,Seguridad/Defensa,Madrid/Nacional,,escanerfrecuencias (listado Madrid),NO,Baofeng/HT; RTL-SDR
1199,GUARDIA CIVIL (COTA) MB S,168.32,168.32,NFM,NFM,VHF servicios,Seguridad/Defensa,Madrid/Nacional,,escanerfrecuencias (listado Madrid),NO,Baofeng/HT; RTL-SDR
1200,GUARDIA CIVIL,168.325,168.325,NFM,NFM,VHF servicios,Seguridad/Defensa,Madrid/Nacional,,escanerfrecuencias (listado Madrid),NO,Baofeng/HT; RTL-SDR
1201,GUARDIA CIVIL,168.35,168.35,NFM,NFM,VHF servicios,Seguridad/Defensa,Madrid/Nacional,,escanerfrecuencias (listado Madrid),NO,Baofeng/HT; RTL-SDR
1202,GUARDIA CIVIL,168.375,168.375,NFM,NFM,VHF servicios,Seguridad/Defensa,Madrid/Nacional,,escanerfrecuencias (listado Madrid),NO,Baofeng/HT; RTL-SDR
1203,GUARDIA CIVIL,168.4,168.4,NFM,NFM,VHF servicios,Seguridad/Defensa,Madrid/Nacional,,escanerfrecuencias (listado Madrid),NO,Baofeng/HT; RTL-SDR
1204,GUARDIA CIVIL,168.425,168.425,NFM,NFM,VHF servicios,Seguridad/Defensa,Madrid/Nacional,,escanerfrecuencias (listado Madrid),NO,Baofeng/HT; RTL-SDR
1205,GUARDIA CIVIL,168.45,168.45,NFM,NFM,VHF servicios,Seguridad/Defensa,Madrid/Nacional,,escanerfrecuencias (listado Madrid),NO,Baofeng/HT; RTL-SDR
1206,GUARDIA CIVIL,168.475,168.475,NFM,NFM,VHF servicios,Seguridad/Defensa,Madrid/Nacional,,escanerfrecuencias (listado Madrid),NO,Baofeng/HT; RTL-SDR
1207,GUARDIA CIVIL,168.5,168.5,NFM,NFM,VHF servicios,Seguridad/Defensa,Madrid/Nacional,,escanerfrecuencias (listado Madrid),NO,Baofeng/HT; RTL-SDR
1208,GUARDIA CIVIL,168.525,168.525,NFM,NFM,VHF servicios,Seguridad/Defensa,Madrid/Nacional,,escanerfrecuencias (listado Madrid),NO,Baofeng/HT; RTL-SDR
1209,GUARDIA CIVIL,168.55,168.55,NFM,NFM,VHF servicios,Seguridad/Defensa,Madrid/Nacional,,escanerfrecuencias (listado Madrid),NO,Baofeng/HT; RTL-SDR
1210,GUARDIA CIVIL,168.575,168.575,NFM,NFM,VHF servicios,Seguridad/Defensa,Madrid/Nacional,,escanerfrecuencias (listado Madrid),NO,Baofeng/HT; RTL-SDR
1211,GUARDIA CIVIL,168.6,168.6,NFM,NFM,VHF servicios,Seguridad/Defensa,Madrid/Nacional,,escanerfrecuencias (listado Madrid),NO,Baofeng/HT; RTL-SDR
1212,GUARDIA CIVIL,168.625,168.625,NFM,NFM,VHF servicios,Seguridad/Defensa,Madrid/Nacional,,escanerfrecuencias (listado Madrid),NO,Baofeng/HT; RTL-SDR
1213,GUARDIA CIVIL,168.65,168.65,NFM,NFM,VHF servicios,Seguridad/Defensa,Madrid/Nacional,,escanerfrecuencias (listado Madrid),NO,Baofeng/HT; RTL-SDR
1214,GUARDIA CIVIL,168.675,168.675,NFM,NFM,VHF servicios,Seguridad/Defensa,Madrid/Nacional,,escanerfrecuencias (listado Madrid),NO,Baofeng/HT; RTL-SDR
1215,GUARDIA CIVIL MB,168.7,168.7,NFM,NFM,VHF servicios,Seguridad/Defensa,Madrid/Nacional,,escanerfrecuencias (listado Madrid),NO,Baofeng/HT; RTL-SDR
1216,POLICIA LOCAL C MB S,168.72,168.72,NFM,NFM,VHF servicios,Seguridad/Defensa,Madrid/Nacional,,escanerfrecuencias (listado Madrid),NO,Baofeng/HT; RTL-SDR
1217,GUARDIA CIVIL B,168.725,168.725,NFM,NFM,VHF servicios,Seguridad/Defensa,Madrid/Nacional,,escanerfrecuencias (listado Madrid),NO,Baofeng/HT; RTL-SDR
1218,GUARDIA CIVIL,168.75,168.75,NFM,NFM,VHF servicios,Seguridad/Defensa,Madrid/Nacional,,escanerfrecuencias (listado Madrid),NO,Baofeng/HT; RTL-SDR
1219,GUARDIA CIVIL,168.775,168.775,NFM,NFM,VHF servicios,Seguridad/Defensa,Madrid/Nacional,,escanerfrecuencias (listado Madrid),NO,Baofeng/HT; RTL-SDR
1220,GUARDIA CIVIL,168.8,168.8,NFM,NFM,VHF servicios,Seguridad/Defensa,Madrid/Nacional,,escanerfrecuencias (listado Madrid),NO,Baofeng/HT; RTL-SDR
1221,GUARDIA CIVIL,168.825,168.825,NFM,NFM,VHF servicios,Seguridad/Defensa,Madrid/Nacional,,escanerfrecuencias (listado Madrid),NO,Baofeng/HT; RTL-SDR
1222,GUARDIA CIVIL,168.85,168.85,NFM,NFM,VHF servicios,Seguridad/Defensa,Madrid/Nacional,,escanerfrecuencias (listado Madrid),NO,Baofeng/HT; RTL-SDR
1223,GUARDIA CIVIL - REPETIDOR COTA SUR,168.875,168.875,NFM,NFM,VHF servicios,Seguridad/Defensa,Madrid/Nacional,,escanerfrecuencias (listado Madrid),NO,Baofeng/HT; RTL-SDR
1224,GUARDIA CIVIL,172.475,172.475,NFM,NFM,VHF servicios,Seguridad/Defensa,Madrid/Nacional,,escanerfrecuencias (listado Madrid),NO,Baofeng/HT; RTL-SDR
1225,GUARDIA CIVIL,172.5,172.5,NFM,NFM,VHF servicios,Seguridad/Defensa,Madrid/Nacional,,escanerfrecuencias (listado Madrid),NO,Baofeng/HT; RTL-SDR
1226,GUARDIA CIVIL,172.525,172.525,NFM,NFM,VHF servicios,Seguridad/Defensa,Madrid/Nacional,,escanerfrecuencias (listado Madrid),NO,Baofeng/HT; RTL-SDR
1227,GUARDIA CIVIL,172.55,172.55,NFM,NFM,VHF servicios,Seguridad/Defensa,Madrid/Nacional,,escanerfrecuencias (listado Madrid),NO,Baofeng/HT; RTL-SDR
1228,GUARDIA CIVIL,172.575,172.575,NFM,NFM,VHF servicios,Seguridad/Defensa,Madrid/Nacional,,escanerfrecuencias (listado Madrid),NO,Baofeng/HT; RTL-SDR
1229,GUARDIA CIVIL,172.6,172.6,NFM,NFM,VHF servicios,Seguridad/Defensa,Madrid/Nacional,,escanerfrecuencias (listado Madrid),NO,Baofeng/HT; RTL-SDR
1230,GUARDIA CIVIL,172.625,172.625,NFM,NFM,VHF servicios,Seguridad/Defensa,Madrid/Nacional,,escanerfrecuencias (listado Madrid),NO,Baofeng/HT; RTL-SDR
1231,GUARDIA CIVIL,172.65,172.65,NFM,NFM,VHF servicios,Seguridad/Defensa,Madrid/Nacional,,escanerfrecuencias (listado Madrid),NO,Baofeng/HT; RTL-SDR
1232,GUARDIA CIVIL,172.675,172.675,NFM,NFM,VHF servicios,Seguridad/Defensa,Madrid/Nacional,,escanerfrecuencias (listado Madrid),NO,Baofeng/HT; RTL-SDR
1233,GUARDIA CIVIL,172.7,172.7,NFM,NFM,VHF servicios,Seguridad/Defensa,Madrid/Nacional,,escanerfrecuencias (listado Madrid),NO,Baofeng/HT; RTL-SDR
1234,GUARDIA CIVIL C MB,172.725,172.725,NFM,NFM,VHF servicios,Seguridad/Defensa,Madrid/Nacional,,escanerfrecuencias (listado Madrid),NO,Baofeng/HT; RTL-SDR
1235,GUARDIA CIVIL C MB,172.75,172.75,NFM,NFM,VHF servicios,Seguridad/Defensa,Madrid/Nacional,,escanerfrecuencias (listado Madrid),NO,Baofeng/HT; RTL-SDR
1236,GUARDIA CIVIL C MB,172.775,172.775,NFM,NFM,VHF servicios,Seguridad/Defensa,Madrid/Nacional,,escanerfrecuencias (listado Madrid),NO,Baofeng/HT; RTL-SDR
1237,GUARDIA CIVIL C MB,172.825,172.825,NFM,NFM,VHF servicios,Seguridad/Defensa,Madrid/Nacional,,escanerfrecuencias (listado Madrid),NO,Baofeng/HT; RTL-SDR
1238,GUARDIA CIVIL,172.85,172.85,NFM,NFM,VHF servicios,Seguridad/Defensa,Madrid/Nacional,,escanerfrecuencias (listado Madrid),NO,Baofeng/HT; RTL-SDR
1239,POLICIA MUNICIPAL MOSTOLES,172.875,172.875,NFM,NFM,VHF servicios,Seguridad/Defensa,Madrid/Nacional,,escanerfrecuencias (listado Madrid),NO,Baofeng/HT; RTL-SDR
1240,GUARDIA CIVIL C B,172.925,172.925,NFM,NFM,VHF servicios,Seguridad/Defensa,Madrid/Nacional,,escanerfrecuencias (listado Madrid),NO,Baofeng/HT; RTL-SDR
1241,GUARDIA CIVIL o MOPU C MB S,172.95,172.95,NFM,NFM,VHF servicios,Seguridad/Defensa,Madrid/Nacional,,escanerfrecuencias (listado Madrid),NO,Baofeng/HT; RTL-SDR
1242,GUARDIA CIVIL,172.975,172.975,NFM,NFM,VHF servicios,Seguridad/Defensa,Madrid/Nacional,,escanerfrecuencias (listado Madrid),NO,Baofeng/HT; RTL-SDR
1243,GUARDIA CIVIL,173.0,173,NFM,NFM,VHF servicios,Seguridad/Defensa,Madrid/Nacional,,escanerfrecuencias (listado Madrid),NO,Baofeng/HT; RTL-SDR
1244,GUARDIA CIVIL,173.025,173.025,NFM,NFM,VHF servicios,Seguridad/Defensa,Madrid/Nacional,,escanerfrecuencias (listado Madrid),NO,Baofeng/HT; RTL-SDR
1245,GUARDIA CIVIL,173.05,173.05,NFM,NFM,VHF servicios,Seguridad/Defensa,Madrid/Nacional,,escanerfrecuencias (listado Madrid),NO,Baofeng/HT; RTL-SDR
1246,GUARDIA CIVIL,173.075,173.075,NFM,NFM,VHF servicios,Seguridad/Defensa,Madrid/Nacional,,escanerfrecuencias (listado Madrid),NO,Baofeng/HT; RTL-SDR
1247,GUARDIA CIVIL,173.1,173.1,NFM,NFM,VHF servicios,Seguridad/Defensa,Madrid/Nacional,,escanerfrecuencias (listado Madrid),NO,Baofeng/HT; RTL-SDR
1248,GUARDIA CIVIL,173.125,173.125,NFM,NFM,VHF servicios,Seguridad/Defensa,Madrid/Nacional,,escanerfrecuencias (listado Madrid),NO,Baofeng/HT; RTL-SDR
1249,GUARDIA CIVIL,173.15,173.15,NFM,NFM,VHF servicios,Seguridad/Defensa,Madrid/Nacional,,escanerfrecuencias (listado Madrid),NO,Baofeng/HT; RTL-SDR
1250,GUARDIA CIVIL,173.175,173.175,NFM,NFM,VHF servicios,Seguridad/Defensa,Madrid/Nacional,,escanerfrecuencias (listado Madrid),NO,Baofeng/HT; RTL-SDR
1251,GUARDIA CIVIL,173.2,173.2,NFM,NFM,VHF servicios,Seguridad/Defensa,Madrid/Nacional,,escanerfrecuencias (listado Madrid),NO,Baofeng/HT; RTL-SDR
1252,GUARDIA CIVIL,173.225,173.225,NFM,NFM,VHF servicios,Seguridad/Defensa,Madrid/Nacional,,escanerfrecuencias (listado Madrid),NO,Baofeng/HT; RTL-SDR
1253,GUARDIA CIVIL C B,173.25,173.25,NFM,NFM,VHF servicios,Seguridad/Defensa,Madrid/Nacional,,escanerfrecuencias (listado Madrid),NO,Baofeng/HT; RTL-SDR
1254,GUARDIA CIVIL C B,173.275,173.275,NFM,NFM,VHF servicios,Seguridad/Defensa,Madrid/Nacional,,escanerfrecuencias (listado Madrid),NO,Baofeng/HT; RTL-SDR
1255,GUARDIA CIVIL,173.3,173.3,NFM,NFM,VHF servicios,Seguridad/Defensa,Madrid/Nacional,,escanerfrecuencias (listado Madrid),NO,Baofeng/HT; RTL-SDR
1256,GUARDIA CIVIL,173.325,173.325,NFM,NFM,VHF servicios,Seguridad/Defensa,Madrid/Nacional,,escanerfrecuencias (listado Madrid),NO,Baofeng/HT; RTL-SDR
1257,GUARDIA CIVIL,173.35,173.35,NFM,NFM,VHF servicios,Seguridad/Defensa,Madrid/Nacional,,escanerfrecuencias (listado Madrid),NO,Baofeng/HT; RTL-SDR
1258,GUARDIA CIVIL C B,173.375,173.375,NFM,NFM,VHF servicios,Seguridad/Defensa,Madrid/Nacional,,escanerfrecuencias (listado Madrid),NO,Baofeng/HT; RTL-SDR
1259,GUARDIA CIVIL,173.4,173.4,NFM,NFM,VHF servicios,Seguridad/Defensa,Madrid/Nacional,,escanerfrecuencias (listado Madrid),NO,Baofeng/HT; RTL-SDR
1260,GUARDIA CIVIL,173.425,173.425,NFM,NFM,VHF servicios,Seguridad/Defensa,Madrid/Nacional,,escanerfrecuencias (listado Madrid),NO,Baofeng/HT; RTL-SDR
1261,GUARDIA CIVIL,173.45,173.45,NFM,NFM,VHF servicios,Seguridad/Defensa,Madrid/Nacional,,escanerfrecuencias (listado Madrid),NO,Baofeng/HT; RTL-SDR
1262,GUARDIA CIVIL,173.475,173.475,NFM,NFM,VHF servicios,Seguridad/Defensa,Madrid/Nacional,,escanerfrecuencias (listado Madrid),NO,Baofeng/HT; RTL-SDR
1263,GUARDIA CIVIL,173.5,173.5,NFM,NFM,VHF servicios,Seguridad/Defensa,Madrid/Nacional,,escanerfrecuencias (listado Madrid),NO,Baofeng/HT; RTL-SDR
1264,GUARDIA CIVIL,173.525,173.525,NFM,NFM,VHF servicios,Seguridad/Defensa,Madrid/Nacional,,escanerfrecuencias (listado Madrid),NO,Baofeng/HT; RTL-SDR
1265,POLICIA LOCAL O TAXI C MB,230.195,230.195,NFM,NFM,Banda Aérea (militar),Seguridad/Defensa,Madrid/Nacional,,escanerfrecuencias (listado Madrid),NO,RTL-SDR; Escáner aéreo
1266,MIL ACC MADRID MB,242.0,242,AM,AM,Banda Aérea (militar),Aeronáutica,Madrid/Nacional,,escanerfrecuencias (listado Madrid),NO,RTL-SDR; Escáner aéreo
1267,MIL TORREJON Director (MADRID APP) MB,242.05,242.05,AM,AM,Banda Aérea (militar),Aeronáutica,Madrid/Nacional,,escanerfrecuencias (listado Madrid),NO,RTL-SDR; Escáner aéreo
1268,"Frecuencia de emergencia militar, posibles transmisiones de voz en emergencias.",243.0,243.0 MHz,NFM,—,Banda Aérea (militar),Defensa,Nacional,,Listado frecuencias radio España,NO,RTL-SDR; Escáner aéreo
1269,MIL APP MB,336.4,336.4,AM,AM,Banda Aérea (militar),Aeronáutica,Madrid/Nacional,,escanerfrecuencias (listado Madrid),NO,RTL-SDR; Escáner aéreo
1270,MIL ACC MADRID MB,357.4,357.4,AM,AM,Banda Aérea (militar),Aeronáutica,Madrid/Nacional,,escanerfrecuencias (listado Madrid),NO,RTL-SDR; Escáner aéreo
1271,MIL. PEGASO CH.15 (SEVILLA) MB S,364.2,364.2,AM,AM,Banda Aérea (militar),Seguridad/Defensa,Madrid/Nacional,,escanerfrecuencias (listado Madrid),NO,RTL-SDR; Escáner aéreo
1272,POLICIA LOCAL,373.45,373.45,NFM,NFM,Banda Aérea (militar),Seguridad/Defensa,Madrid/Nacional,,escanerfrecuencias (listado Madrid),NO,RTL-SDR; Escáner aéreo
1273,MIL RODADURA TORREJON MB,375.0,375,AM,AM,Banda Aérea (militar),Aeronáutica,Madrid/Nacional,,escanerfrecuencias (listado Madrid),NO,RTL-SDR; Escáner aéreo
1274,MIL ACC MADRID MB,379.55,379.55,AM,AM,Banda Aérea (militar),Aeronáutica,Madrid/Nacional,,escanerfrecuencias (listado Madrid),NO,RTL-SDR; Escáner aéreo
1275,"Frecuencia del TETRA, que es un sistema de comunicaciones encriptadas. Es utilizado por policía, ambulancias, bomberos,…",380.0,380-430 MHz,NFM,—,Banda Aérea (militar),Seguridad/Defensa,Nacional,,Listado frecuencias radio España,NO,RTL-SDR; Escáner aéreo
1276,POLICIA MUNICIPAL MAJADAHONDA MB,413.4,413.4,NFM,NFM,Seguridad/Defensa,Seguridad/Defensa,Madrid/Nacional,,escanerfrecuencias (listado Madrid),NO,Baofeng/HT; RTL-SDR
1277,SEG PRIVADA C MB,413.9,413.9,NFM,NFM,Seguridad/Defensa,Seguridad/Defensa,Madrid/Nacional,,escanerfrecuencias (listado Madrid),NO,Baofeng/HT; RTL-SDR
1278,POLICIA DE MAJADAHONDA MB S,423.9125,423.9125,NFM,NFM,Seguridad/Defensa,Seguridad/Defensa,Madrid/Nacional,,escanerfrecuencias (listado Madrid),NO,Baofeng/HT; RTL-SDR
1279,SELUR MB S,425.89,425.89,NFM,NFM,Seguridad/Defensa,Seguridad/Defensa,Madrid/Nacional,,escanerfrecuencias (listado Madrid),NO,Baofeng/HT; RTL-SDR
1280,GRUAS O POLICIA LOCAL,443.625,443.625,NFM,NFM,Seguridad/Defensa,Seguridad/Defensa,Madrid/Nacional,,escanerfrecuencias (listado Madrid),NO,Baofeng/HT; RTL-SDR
1281,ANTIGUA GUARDIA CIVIL,451.075,451.075,NFM,NFM,UHF servicios,Seguridad/Defensa,Madrid/Nacional,,escanerfrecuencias (listado Madrid),NO,Baofeng/HT; RTL-SDR
1282,POLI NA,451.325,451.325,NFM,NFM,UHF servicios,Otros/Sin identificar,Madrid/Nacional,,escanerfrecuencias (listado Madrid),NO,Baofeng/HT; RTL-SDR
1283,POLICIA LOCAL (ALCORCON),458.225,458.225,NFM,NFM,UHF servicios,Seguridad/Defensa,Madrid/Nacional,,escanerfrecuencias (listado Madrid),NO,Baofeng/HT; RTL-SDR
1284,POLICIA LOCAL PARLA,462.35,462.35,NFM,NFM,UHF servicios,Seguridad/Defensa,Madrid/Nacional,,escanerfrecuencias (listado Madrid),NO,Baofeng/HT; RTL-SDR
1285,POLICIA LOCAL (GETAFE) MB S,462.5,462.5,NFM,NFM,UHF servicios,Seguridad/Defensa,Madrid/Nacional,,escanerfrecuencias (listado Madrid),NO,Baofeng/HT; RTL-SDR
1286,POLICIA LOCAL MB,463.0875,463.0875,NFM,NFM,UHF servicios,Seguridad/Defensa,Madrid/Nacional,,escanerfrecuencias (listado Madrid),NO,Baofeng/HT; RTL-SDR
1287,POLICIA LOCAL,463.15,463.15,NFM,NFM,UHF servicios,Seguridad/Defensa,Madrid/Nacional,,escanerfrecuencias (listado Madrid),NO,Baofeng/HT; RTL-SDR
1288,POLICIA LOCAL FUENLABRADA MB S,463.3,463.3,NFM,NFM,UHF servicios,Seguridad/Defensa,Madrid/Nacional,,escanerfrecuencias (listado Madrid),NO,Baofeng/HT; RTL-SDR
1289,POLICIA LOCAL LEGANES MB S,463.55,463.55,NFM,NFM,UHF servicios,Seguridad/Defensa,Madrid/Nacional,,escanerfrecuencias (listado Madrid),NO,Baofeng/HT; RTL-SDR
1290,POLICIA LOCAL (GETAFE),464.3,464.3,NFM,NFM,UHF servicios,Seguridad/Defensa,Madrid/Nacional,,escanerfrecuencias (listado Madrid),NO,Baofeng/HT; RTL-SDR
1291,POLICIA LOCAL (ALCORCON) MB,468.125,468.125,NFM,NFM,UHF servicios,Seguridad/Defensa,Madrid/Nacional,,escanerfrecuencias (listado Madrid),NO,Baofeng/HT; RTL-SDR
1292,POLICIA LOCAL (ALCORCON) B,468.285,468.285,NFM,NFM,UHF servicios,Seguridad/Defensa,Madrid/Nacional,,escanerfrecuencias (listado Madrid),NO,Baofeng/HT; RTL-SDR
1293,POLICIA LOCAL (ALCORCON) B,468.8,468.8,NFM,NFM,UHF servicios,Seguridad/Defensa,Madrid/Nacional,,escanerfrecuencias (listado Madrid),NO,Baofeng/HT; RTL-SDR
1294,POLICIA LOCAL,474.95,474.95,NFM,NFM,Seguridad/Defensa,Seguridad/Defensa,Madrid/Nacional,,escanerfrecuencias (listado Madrid),NO,Baofeng/HT; RTL-SDR
1295,POLICIA LOCAL (LEGANES) B,484.95,484.95,NFM,NFM,Seguridad/Defensa,Seguridad/Defensa,Madrid/Nacional,,escanerfrecuencias (listado Madrid),NO,Baofeng/HT; RTL-SDR
1296,ED1YBQ Repetidor 28 MHz — Sierra de Bejar - La Covatilla Grupo Radiopaquete Salamanca,29.68,29.68,FM,FM,Radioaficionado 10 m,Radioaficionados,Nacional,-100 kHz · RH7 · IN70DI,URE (listado nacional oficial),SI,RTL-SDR; Receptor HF
1297,ED7YAM Repetidor 50 MHz — URE Córdoba,51.81,51.81,FM,FM,Radioaficionado 6 m,Radioaficionados,Nacional,-600 kHz · CTCSS 77.0 · RF81 · IM77OX,URE (listado nacional oficial),SI,RTL-SDR
1298,ED3YAI Repetidor 50 MHz — AMIRED,51.9,51.9,FM,FM,Radioaficionado 6 m,Radioaficionados,Nacional,-600 kHz · CTCSS 88.5 · RF90 · JN02WH,URE (listado nacional oficial),SI,RTL-SDR
1299,"ED4YAW Repetidor 50 MHz — Subtono: 88,5 Hz - URE Sierra de Guadarrama",51.95,51.95,FM,FM,Radioaficionado 6 m,Radioaficionados,Nacional,-600 kHz · CTCSS 88.5 · RF95 · IN70WR,URE (listado nacional oficial),SI,RTL-SDR
1300,ED4YAG Repetidor 144 MHz — URE Central,144.8,144.8,FM,FM,Radioaficionado 2 m,Radioaficionados,Nacional,IN80DJ,URE (listado nacional oficial),SI,Baofeng/HT; RTL-SDR
1301,ED7YAU Repetidor 144 MHz — 30 W - Antena omnidireccional - URE San Fernando,144.8,144.8,FM,FM,Radioaficionado 2 m,Radioaficionados,Nacional,IM76AT,URE (listado nacional oficial),SI,Baofeng/HT; RTL-SDR
1302,ED3ZAN Repetidor 144 MHz — Sección URE Alt Empordá,145.5875,145.5875,NFM,DMR,Radioaficionado 2 m,Radioaficionados,Nacional,-600 kHz · JN12LG,URE (listado nacional oficial),SI,Baofeng/HT; RTL-SDR
1303,ED1YAO Repetidor 144 MHz — R.C. Costa Lugo,145.6,145.6,FM,FM,Radioaficionado 2 m,Radioaficionados,Nacional,-600 kHz · RV48 - R0 · IN63GO,URE (listado nacional oficial),SI,Baofeng/HT; RTL-SDR
1304,ED1YBM Repetidor 144 MHz — URE Soria,145.6,145.6,FM,FM,Radioaficionado 2 m,Radioaficionados,Nacional,-600 kHz · RV48 - R0 · IN81UW,URE (listado nacional oficial),SI,Baofeng/HT; RTL-SDR
1305,"ED1YBX Repetidor 144 MHz — Subtono 88,5 Hz URE Rías Baixas",145.6,145.6,FM,FM,Radioaficionado 2 m,Radioaficionados,Nacional,-600 kHz · CTCSS 88.5 · RV48 - R0 · IN52UP,URE (listado nacional oficial),SI,Baofeng/HT; RTL-SDR
1306,ED2YAC Repetidor 144 MHz — URE Vizcaya,145.6,145.6,FM,FM,Radioaficionado 2 m,Radioaficionados,Nacional,-600 kHz · RV48 - R0 · IN83RF,URE (listado nacional oficial),SI,Baofeng/HT; RTL-SDR
1307,ED2YAL Repetidor 144 MHz — URE Teruel,145.6,145.6,FM,FM,Radioaficionado 2 m,Radioaficionados,Nacional,-600 kHz · RV48 - R0 · IN90LC,URE (listado nacional oficial),SI,Baofeng/HT; RTL-SDR
1308,ED2YAM Repetidor 144 MHz — URE Valle del Cinca,145.6,145.6,FM,FM,Radioaficionado 2 m,Radioaficionados,Nacional,-600 kHz · CTCSS 88.5 · RV48 - R0 · JN01EM,URE (listado nacional oficial),SI,Baofeng/HT; RTL-SDR
1309,ED3YAJ Repetidor 144 MHz — URE Catalunya,145.6,145.6,FM,FM,Radioaficionado 2 m,Radioaficionados,Nacional,-600 kHz · RV48 - R0 · JN11ES,URE (listado nacional oficial),SI,Baofeng/HT; RTL-SDR
1310,ED4YAD Repetidor 144 MHz — URE Alcorcón,145.6,145.6,FM,FM,Radioaficionado 2 m,Radioaficionados,Nacional,-600 kHz · CTCSS 82.5 · RV48 - R0 · IN80CI,URE (listado nacional oficial),SI,Baofeng/HT; RTL-SDR
1311,ED5YAK Repetidor 144 MHz — URE Murcia,145.6,145.6,FM,FM,Radioaficionado 2 m,Radioaficionados,Nacional,-600 kHz · CTCSS 77.0 · RV48 - R0 · IM97FU,URE (listado nacional oficial),SI,Baofeng/HT; RTL-SDR
1312,ED6YAD Repetidor 144 MHz — URE Menorca,145.6,145.6,FM,FM,Radioaficionado 2 m,Radioaficionados,Nacional,-600 kHz · RV48 - R0 · JM29BX,URE (listado nacional oficial),SI,Baofeng/HT; RTL-SDR
1313,ED8YAA Repetidor 144 MHz — URE Arrecife,145.6,145.6,FM,FM,Radioaficionado 2 m,Radioaficionados,Nacional,-600 kHz · RV48 - R0 · IL39FC,URE (listado nacional oficial),SI,Baofeng/HT; RTL-SDR
1314,ED1YBN Repetidor 144 MHz — Sección URE Torrelavega,145.6125,145.6125,FM,FM,Radioaficionado 2 m,Radioaficionados,Nacional,-600 kHz · RV49 · IN73WG,URE (listado nacional oficial),SI,Baofeng/HT; RTL-SDR
1315,ED1YBO Repetidor 144 MHz — URE El Bierzo,145.6125,145.6125,FM,FM,Radioaficionado 2 m,Radioaficionados,Nacional,-600 kHz · RV49 · IN62RJ,URE (listado nacional oficial),SI,Baofeng/HT; RTL-SDR
1316,ED1YAD Repetidor 144 MHz — URE Coruña,145.625,145.625,FM,FM,Radioaficionado 2 m,Radioaficionados,Nacional,-600 kHz · RV50 - R1 · IN63CO,URE (listado nacional oficial),SI,Baofeng/HT; RTL-SDR
1317,ED1YBT Repetidor 144 MHz — URE Burgos,145.625,145.625,FM,FM,Radioaficionado 2 m,Radioaficionados,Nacional,-600 kHz · CTCSS 77.0 · RV50 - R1 · IN82JG,URE (listado nacional oficial),SI,Baofeng/HT; RTL-SDR
1318,ED2YAF Repetidor 144 MHz — URE San Sebastián,145.625,145.625,FM,FM,Radioaficionado 2 m,Radioaficionados,Nacional,-600 kHz · RV50 - R1 · IN83XF,URE (listado nacional oficial),SI,Baofeng/HT; RTL-SDR
1319,ED2YAI Repetidor 144 MHz — URE Zaragoza,145.625,145.625,FM,FM,Radioaficionado 2 m,Radioaficionados,Nacional,-600 kHz · RV50 - R1 · IN91GJ,URE (listado nacional oficial),SI,Baofeng/HT; RTL-SDR
1320,ED3YBA Repetidor 144 MHz — URE Garrotxa,145.625,145.625,FM,FM,Radioaficionado 2 m,Radioaficionados,Nacional,-600 kHz · RV50 - R1 · JN12ED,URE (listado nacional oficial),SI,Baofeng/HT; RTL-SDR
1321,ED4YAS Repetidor 144 MHz — URE Badajoz,145.625,145.625,FM,FM,Radioaficionado 2 m,Radioaficionados,Nacional,-600 kHz · CTCSS 88.5 · RV50 - R1 · IM68PL,URE (listado nacional oficial),SI,Baofeng/HT; RTL-SDR
1322,ED4YAV Repetidor 144 MHz — URE Talavera de la Reina,145.625,145.625,FM,FM,Radioaficionado 2 m,Radioaficionados,Nacional,-600 kHz · CTCSS 67.0 · RV50 - R1 · IN70PD,URE (listado nacional oficial),SI,Baofeng/HT; RTL-SDR
1323,ED4YAZ Repetidor 144 MHz — URE Cuenca,145.625,145.625,FM,FM,Radioaficionado 2 m,Radioaficionados,Nacional,-600 kHz · RV50 - R1 · IM98NS,URE (listado nacional oficial),SI,Baofeng/HT; RTL-SDR
1324,ED5YAB Repetidor 144 MHz — URE Cartagena,145.625,145.625,FM,FM,Radioaficionado 2 m,Radioaficionados,Nacional,-600 kHz · RV50 - R1 · IM97MO,URE (listado nacional oficial),SI,Baofeng/HT; RTL-SDR
1325,ED5YAP Repetidor 144 MHz — URE Valencia,145.625,145.625,FM,FM,Radioaficionado 2 m,Radioaficionados,Nacional,-600 kHz · CTCSS 88.5 · RV50 - R1 · IM99TQ,URE (listado nacional oficial),SI,Baofeng/HT; RTL-SDR
1326,ED5YAT Repetidor 144 MHz — RC Águilas,145.625,145.625,FM,FM,Radioaficionado 2 m,Radioaficionados,Nacional,-600 kHz · CTCSS 127.3 · RV50 - R1 · IM97FJ,URE (listado nacional oficial),SI,Baofeng/HT; RTL-SDR
1327,ED6ZAC Repetidor 144 MHz — Digigrup,145.625,145.625,DV,D-Star,Radioaficionado 2 m,Radioaficionados,Nacional,-600 kHz · RV50-R1 · JM19IR,URE (listado nacional oficial),SI,Baofeng/HT; RTL-SDR
1328,ED7YAN Repetidor 144 MHz — URE Granada,145.625,145.625,FM,FM,Radioaficionado 2 m,Radioaficionados,Nacional,-600 kHz · CTCSS 88.5 · RV50 - R1 · IM87HB,URE (listado nacional oficial),SI,Baofeng/HT; RTL-SDR
1329,ED8YAE Repetidor 144 MHz — URE Las Palmas,145.625,145.625,FM,FM,Radioaficionado 2 m,Radioaficionados,Nacional,-600 kHz · RV50 - R1 · IL27FW,URE (listado nacional oficial),SI,Baofeng/HT; RTL-SDR
1330,ED1ZBG_C Repetidor 144 MHz — URE Ourense,145.6375,145.6375,DV,D-Star,Radioaficionado 2 m,Radioaficionados,Nacional,-600 kHz · RV51 · IN62EI,URE (listado nacional oficial),SI,Baofeng/HT; RTL-SDR
1331,ED1YAG Repetidor 144 MHz — R.C. SAR Santiago,145.65,145.65,FM,FM,Radioaficionado 2 m,Radioaficionados,Nacional,-600 kHz · RV52 - R2 · IN52QQ,URE (listado nacional oficial),SI,Baofeng/HT; RTL-SDR
1332,ED1YAL Repetidor 144 MHz — URE Zamora,145.65,145.65,FM,FM,Radioaficionado 2 m,Radioaficionados,Nacional,-600 kHz · CTCSS 67.0 · RV52 - R2 · IN71CM,URE (listado nacional oficial),SI,Baofeng/HT; RTL-SDR
1333,ED1YAS Repetidor 144 MHz — Radio Club Radioaficionados Montañeses,145.65,145.65,FM,FM,Radioaficionado 2 m,Radioaficionados,Nacional,-600 kHz · CTCSS 123 · RV52 - R2 · IN83GK,URE (listado nacional oficial),SI,Baofeng/HT; RTL-SDR
1334,ED1YBB Repetidor 144 MHz — URE Oviedo,145.65,145.65,FM,FM,Radioaficionado 2 m,Radioaficionados,Nacional,-600 kHz · RV52 - R2 · IN73BJ,URE (listado nacional oficial),SI,Baofeng/HT; RTL-SDR
1335,ED2YAJ Repetidor 144 MHz — URE Zaragoza,145.65,145.65,FM,FM,Radioaficionado 2 m,Radioaficionados,Nacional,-600 kHz · RV52 - R2 · IN91NP,URE (listado nacional oficial),SI,Baofeng/HT; RTL-SDR
1336,ED2YAP Repetidor 144 MHz — RC Foronda,145.65,145.65,FM,FM,Radioaficionado 2 m,Radioaficionados,Nacional,-600 kHz · RV52 - R2 · IN82QU,URE (listado nacional oficial),SI,Baofeng/HT; RTL-SDR
1337,ED3YAK Repetidor 144 MHz — URE Barcelona,145.65,145.65,DV,D-Star,Radioaficionado 2 m,Radioaficionados,Nacional,-600 kHz · RV52 - R2 · JN11BJ,URE (listado nacional oficial),SI,Baofeng/HT; RTL-SDR
1338,ED3YAY Repetidor 144 MHz — Radio Club Lleida,145.65,145.65,FM,FM,Radioaficionado 2 m,Radioaficionados,Nacional,-600 kHz · RV52 - R2 · JN01HO,URE (listado nacional oficial),SI,Baofeng/HT; RTL-SDR
1339,ED4YAC Repetidor 144 MHz — Sección URE Madrid / Colaboradores Radio Club EIT EA4RCT,145.65,145.65,FM,FM,Radioaficionado 2 m,Radioaficionados,Nacional,-600 kHz · RV52 - R2 · IN80DK,URE (listado nacional oficial),SI,Baofeng/HT; RTL-SDR
1340,ED5YAG Repetidor 144 MHz — URE Alicante,145.65,145.65,FM,FM,Radioaficionado 2 m,Radioaficionados,Nacional,-600 kHz · CTCSS 88.5 · RV52 - R2 · IM98SI,URE (listado nacional oficial),SI,Baofeng/HT; RTL-SDR
1341,ED5YAN Repetidor 144 MHz — Radio Club Gandía,145.65,145.65,FM,FM,Radioaficionado 2 m,Radioaficionados,Nacional,-600 kHz · RV52 - R2 · IM98VW,URE (listado nacional oficial),SI,Baofeng/HT; RTL-SDR
1342,ED6YAC Repetidor 144 MHz — URE Llevant,145.65,145.65,FM,FM,Radioaficionado 2 m,Radioaficionados,Nacional,-600 kHz · CTCSS 88.5 · RV52 - R2 · JM19ON,URE (listado nacional oficial),SI,Baofeng/HT; RTL-SDR
1343,ED7YAJ Repetidor 144 MHz — URE Almería,145.65,145.65,FM,FM,Radioaficionado 2 m,Radioaficionados,Nacional,-600 kHz · RV52 - R2 · IM86SU,URE (listado nacional oficial),SI,Baofeng/HT; RTL-SDR
1344,ED7YAP Repetidor 144 MHz — R.C. Sevilla,145.65,145.65,FM,FM,Radioaficionado 2 m,Radioaficionados,Nacional,-600 kHz · RV52 - R2 · IM77AJ,URE (listado nacional oficial),SI,Baofeng/HT; RTL-SDR
1345,ED7YAT Repetidor 144 MHz — URE Jaén,145.65,145.65,FM,FM,Radioaficionado 2 m,Radioaficionados,Nacional,-600 kHz · RV52 - R2 · IM87CP,URE (listado nacional oficial),SI,Baofeng/HT; RTL-SDR
1346,ED8YAH Repetidor 144 MHz — URE S.C. La Palma,145.65,145.65,FM,FM,Radioaficionado 2 m,Radioaficionados,Nacional,-600 kHz · RV52 - R2 · IL18CP,URE (listado nacional oficial),SI,Baofeng/HT; RTL-SDR
1347,ED1YAM Repetidor 144 MHz — URE Cantabria,145.675,145.675,FM,FM,Radioaficionado 2 m,Radioaficionados,Nacional,-600 kHz · CTCSS 67.0 · RV54 - R3 · IN83CK,URE (listado nacional oficial),SI,Baofeng/HT; RTL-SDR
1348,ED1YAW Repetidor 144 MHz — Club Bergantiños de Radio,145.675,145.675,FM,FM,Radioaficionado 2 m,Radioaficionados,Nacional,-600 kHz · RV54 - R3 · IN53PG,URE (listado nacional oficial),SI,Baofeng/HT; RTL-SDR
1349,ED1YAZ Repetidor 144 MHz — URE León,145.675,145.675,NFM,FM-N,Radioaficionado 2 m,Radioaficionados,Nacional,-600 kHz · CTCSS 88.5 · RV54 - R3 · IN72EU,URE (listado nacional oficial),SI,Baofeng/HT; RTL-SDR
1350,ED1YBG Repetidor 144 MHz — URE Baixo Miño,145.675,145.675,FM,FM,Radioaficionado 2 m,Radioaficionados,Nacional,-600 kHz · CTCSS 88.5 · RV54 - R3 · IN52PC,URE (listado nacional oficial),SI,Baofeng/HT; RTL-SDR
1351,ED2YAR Repetidor 144 MHz — URE Navarra,145.675,145.675,FM,FM,Radioaficionado 2 m,Radioaficionados,Nacional,-600 kHz · CTCSS 77.0 · RV54 - R3 · IN93FQ,URE (listado nacional oficial),SI,Baofeng/HT; RTL-SDR
1352,ED3YAH Repetidor 144 MHz — AMIRED,145.675,145.675,FM,FM,Radioaficionado 2 m,Radioaficionados,Nacional,-600 kHz · CTCSS 88.5 · RV54 - R3 · JN00ET,URE (listado nacional oficial),SI,Baofeng/HT; RTL-SDR
1353,ED3YAU Repetidor 144 MHz — URE Valle de Arán,145.675,145.675,FM,FM,Radioaficionado 2 m,Radioaficionados,Nacional,-600 kHz · CTCSS 77.0 · RV54 - R3 · JN02IP,URE (listado nacional oficial),SI,Baofeng/HT; RTL-SDR
1354,ED3YAZ Repetidor 144 MHz — URE Gironés,145.675,145.675,FM,FM,Radioaficionado 2 m,Radioaficionados,Nacional,-600 kHz · RV54 - R3 · JN12GA,URE (listado nacional oficial),SI,Baofeng/HT; RTL-SDR
1355,ED4YAE Repetidor 144 MHz — URE Sierra Guadarrama,145.675,145.675,FM,FM,Radioaficionado 2 m,Radioaficionados,Nacional,-600 kHz · CTCSS 97.4 · RV54 - R3 · IN70WR,URE (listado nacional oficial),SI,Baofeng/HT; RTL-SDR
1356,ED4YAO Repetidor 144 MHz — URE Plasencia,145.675,145.675,FM,FM,Radioaficionado 2 m,Radioaficionados,Nacional,-600 kHz · CTCSS 67.0 · RV54 - R3 · IN60XA,URE (listado nacional oficial),SI,Baofeng/HT; RTL-SDR
1357,ED5YAW Repetidor 144 MHz — URE Albacete,145.675,145.675,FM,FM,Radioaficionado 2 m,Radioaficionados,Nacional,-600 kHz · CTCSS 123.0 · RV54-R3 · IM88XR,URE (listado nacional oficial),SI,Baofeng/HT; RTL-SDR
1358,"ED6YAE Repetidor 144 MHz — Subtono 173,8 Hz URE Ibiza",145.675,145.675,FM,FM,Radioaficionado 2 m,Radioaficionados,Nacional,-600 kHz · CTCSS 173.8 · RV54 - R3 · JM08PV,URE (listado nacional oficial),SI,Baofeng/HT; RTL-SDR
1359,ED7YAC Repetidor 144 MHz — URE Córdoba,145.675,145.675,FM,FM,Radioaficionado 2 m,Radioaficionados,Nacional,-600 kHz · CTCSS 77.0 · RV54 - R3 · IM77OX,URE (listado nacional oficial),SI,Baofeng/HT; RTL-SDR
1360,ED7YAH Repetidor 144 MHz — URE Cuanca del Almanzora,145.675,145.675,FM,FM,Radioaficionado 2 m,Radioaficionados,Nacional,-600 kHz · RV54 - R3 · IM87SF,URE (listado nacional oficial),SI,Baofeng/HT; RTL-SDR
1361,ED7YAK Repetidor 144 MHz — URE Huelva,145.675,145.675,FM,FM,Radioaficionado 2 m,Radioaficionados,Nacional,-600 kHz · RV54 - R3 · IM67OV,URE (listado nacional oficial),SI,Baofeng/HT; RTL-SDR
1362,ED8YAF Repetidor 144 MHz — URE Fuerteventura,145.675,145.675,FM,FM,Radioaficionado 2 m,Radioaficionados,Nacional,-600 kHz · RV54 - R3 · IL38BM,URE (listado nacional oficial),SI,Baofeng/HT; RTL-SDR
1363,ED2YAS Repetidor 144 MHz — Radioaficionados del Bidasoa,145.6875,145.6875,FM,FM,Radioaficionado 2 m,Radioaficionados,Nacional,-600 kHz · RV55 · IN83CH,URE (listado nacional oficial),SI,Baofeng/HT; RTL-SDR
1364,ED5ZAC Repetidor 144 MHz — RC Denia,145.6875,145.6875,DV,D-Star,Radioaficionado 2 m,Radioaficionados,Nacional,-600 kHz · RV55 · JM08BU,URE (listado nacional oficial),SI,Baofeng/HT; RTL-SDR
1365,ED1YAF Repetidor 144 MHz — Club Radioaficionados Abulenses,145.7,145.7,FM,FM,Radioaficionado 2 m,Radioaficionados,Nacional,-600 kHz · CTCSS 71.9 · RV56 - R4 · IN70OM,URE (listado nacional oficial),SI,Baofeng/HT; RTL-SDR
1366,ED1YAI Repetidor 144 MHz — R.C. Lugo,145.7,145.7,FM,FM,Radioaficionado 2 m,Radioaficionados,Nacional,-600 kHz · RV56 - R4 · IN62JR,URE (listado nacional oficial),SI,Baofeng/HT; RTL-SDR
1367,ED1YAQ Repetidor 144 MHz — Radio Club Radioaficionados Montañeses,145.7,145.7,FM,FM,Radioaficionado 2 m,Radioaficionados,Nacional,-600 kHz · RV56 - R4 · IN73TA,URE (listado nacional oficial),SI,Baofeng/HT; RTL-SDR
1368,ED2YAA Repetidor 144 MHz — Radio Club Unzueta,145.7,145.7,FM,FM,Radioaficionado 2 m,Radioaficionados,Nacional,-600 kHz · RV56 - R4 · IN83ND,URE (listado nacional oficial),SI,Baofeng/HT; RTL-SDR
1369,ED2YAH Repetidor 144 MHz — URE Zaragoza,145.7,145.7,FM,FM,Radioaficionado 2 m,Radioaficionados,Nacional,-600 kHz · RV56 - R4 · IN91SR,URE (listado nacional oficial),SI,Baofeng/HT; RTL-SDR
1370,ED3YAB Repetidor 144 MHz — AMIRED,145.7,145.7,FM,FM,Radioaficionado 2 m,Radioaficionados,Nacional,-600 kHz · CTCSS 88.5 · RV56 - R4 · JN01VO,URE (listado nacional oficial),SI,Baofeng/HT; RTL-SDR
1371,ED3YAP Repetidor 144 MHz — URE Alt Empordá,145.7,145.7,FM,FM,Radioaficionado 2 m,Radioaficionados,Nacional,-600 kHz · RV56 - R4 · JN12LG,URE (listado nacional oficial),SI,Baofeng/HT; RTL-SDR
1372,ED4YAT Repetidor 144 MHz — Subtono 88.5 URE Mérida,145.7,145.7,FM,FM,Radioaficionado 2 m,Radioaficionados,Nacional,-600 kHz · CTCSS 88.5 · RV56 - R4 · IM68SU,URE (listado nacional oficial),SI,Baofeng/HT; RTL-SDR
1373,ED5YAA Repetidor 144 MHz — URAB,145.7,145.7,FM,FM,Radioaficionado 2 m,Radioaficionados,Nacional,-600 kHz · RV56 - R4 · IM88TP,URE (listado nacional oficial),SI,Baofeng/HT; RTL-SDR
1374,ED5YAF Repetidor 144 MHz — URE Elda,145.7,145.7,FM,FM,Radioaficionado 2 m,Radioaficionados,Nacional,-600 kHz · CTCSS 77.0 · RV56 - R4 · IM98OL,URE (listado nacional oficial),SI,Baofeng/HT; RTL-SDR
1375,ED5YAH Repetidor 144 MHz — URE Castellón,145.7,145.7,FM,FM,Radioaficionado 2 m,Radioaficionados,Nacional,-600 kHz · RV56 - R4 · JN00AC,URE (listado nacional oficial),SI,Baofeng/HT; RTL-SDR
1376,ED6YAA Repetidor 144 MHz — Unión Radioaficionados Islas Baleares,145.7,145.7,FM,FM,Radioaficionado 2 m,Radioaficionados,Nacional,-600 kHz · RV56 - R4 · JM19HO,URE (listado nacional oficial),SI,Baofeng/HT; RTL-SDR
1377,ED7YAD Repetidor 144 MHz — URE Málaga,145.7,145.7,FM,FM,Radioaficionado 2 m,Radioaficionados,Nacional,-600 kHz · CTCSS 82.5 · RV56 - R4 · IM76QO,URE (listado nacional oficial),SI,Baofeng/HT; RTL-SDR
1378,ED7YAQ Repetidor 144 MHz — Subtono 77.0 Hz R.C. Sevilla,145.7,145.7,FM,FM,Radioaficionado 2 m,Radioaficionados,Nacional,-600 kHz · CTCSS 77.0 · RV56 - R4 · IM77EU,URE (listado nacional oficial),SI,Baofeng/HT; RTL-SDR
1379,ED7YAS Repetidor 144 MHz — URE Baza,145.7,145.7,FM,FM,Radioaficionado 2 m,Radioaficionados,Nacional,-600 kHz · RV56 - R4 · IM87ON,URE (listado nacional oficial),SI,Baofeng/HT; RTL-SDR
1380,ED8YAC Repetidor 144 MHz — URE Aridane,145.7,145.7,FM,FM,Radioaficionado 2 m,Radioaficionados,Nacional,-600 kHz · RV56 - R4 · IL07XR,URE (listado nacional oficial),SI,Baofeng/HT; RTL-SDR
1381,ED1ZBG Repetidor 144 MHz — URE Ourense,145.7125,145.7125,NFM,C4FM,Radioaficionado 2 m,Radioaficionados,Nacional,-600 kHz · RV46 · IN62EI,URE (listado nacional oficial),SI,Baofeng/HT; RTL-SDR
1382,ED6YAF Repetidor 144 MHz — URE Palma,145.7125,145.7125,FM,FM,Radioaficionado 2 m,Radioaficionados,Nacional,-600 kHz · RV57 · JM19JR,URE (listado nacional oficial),SI,Baofeng/HT; RTL-SDR
1383,ED1YAB Repetidor 144 MHz — Radio Club Rioja,145.725,145.725,FM,FM,Radioaficionado 2 m,Radioaficionados,Nacional,-600 kHz · CTCSS 77.0 · RV58 - R5 · IN82PO,URE (listado nacional oficial),SI,Baofeng/HT; RTL-SDR
1384,ED1YAH Repetidor 144 MHz — URE Terracha,145.725,145.725,FM,FM,Radioaficionado 2 m,Radioaficionados,Nacional,-600 kHz · RV58 - R5 · IN63FK,URE (listado nacional oficial),SI,Baofeng/HT; RTL-SDR
1385,ED1YBH Repetidor 144 MHz — Cuitu Negru (1850 m.) - URE Asturias,145.725,145.725,FM,FM,Radioaficionado 2 m,Radioaficionados,Nacional,-600 kHz · RV58 - R5 · IN72CX · 1850 m,URE (listado nacional oficial),SI,Baofeng/HT; RTL-SDR
1386,ED1YBU Repetidor 144 MHz — URE Valladolid,145.725,145.725,FM,FM,Radioaficionado 2 m,Radioaficionados,Nacional,-600 kHz · CTCSS 67.0 · RV58 - R5 · IN71QO,URE (listado nacional oficial),SI,Baofeng/HT; RTL-SDR
1387,ED1YBW Repetidor 144 MHz — URE Vigo,145.725,145.725,FM,FM,Radioaficionado 2 m,Radioaficionados,Nacional,-600 kHz · RV58 - R5 · IN52PH,URE (listado nacional oficial),SI,Baofeng/HT; RTL-SDR
1388,ED2YAD Repetidor 144 MHz — URE Vizcaya,145.725,145.725,FM,FM,Radioaficionado 2 m,Radioaficionados,Nacional,-600 kHz · RV58 - R5 · IN83JE,URE (listado nacional oficial),SI,Baofeng/HT; RTL-SDR
1389,ED2YAG Repetidor 144 MHz — URE San Sebastián,145.725,145.725,FM,FM,Radioaficionado 2 m,Radioaficionados,Nacional,-600 kHz · RV58 - R5 · IN93BH,URE (listado nacional oficial),SI,Baofeng/HT; RTL-SDR
1390,ED2YAK Repetidor 144 MHz — URE Huesca,145.725,145.725,FM,FM,Radioaficionado 2 m,Radioaficionados,Nacional,-600 kHz · RV58 - R5 · IN92RI,URE (listado nacional oficial),SI,Baofeng/HT; RTL-SDR
1391,ED3YAL Repetidor 144 MHz — URE Bages,145.725,145.725,FM,FM,Radioaficionado 2 m,Radioaficionados,Nacional,-600 kHz · RV58 - R5 · JN01WU,URE (listado nacional oficial),SI,Baofeng/HT; RTL-SDR
1392,ED4YAI Repetidor 144 MHz — URE Ciudad Real,145.725,145.725,FM,FM,Radioaficionado 2 m,Radioaficionados,Nacional,-600 kHz · CTCSS 85.4 · RV58 - R5 · IN79VA,URE (listado nacional oficial),SI,Baofeng/HT; RTL-SDR
1393,ED4YAL Repetidor 144 MHz — URE Cifuentes,145.725,145.725,FM,FM,Radioaficionado 2 m,Radioaficionados,Nacional,-600 kHz · RV58 - R5 · IN80QT · Fuera de servicio,URE (listado nacional oficial),SI,Baofeng/HT; RTL-SDR
1394,ED4YAP Repetidor 144 MHz — URE Cáceres,145.725,145.725,FM,FM,Radioaficionado 2 m,Radioaficionados,Nacional,-600 kHz · RV58 - R5 · IM69TL,URE (listado nacional oficial),SI,Baofeng/HT; RTL-SDR
1395,ED4YAY Repetidor 144 MHz — URE Toledo,145.725,145.725,FM,FM,Radioaficionado 2 m,Radioaficionados,Nacional,-600 kHz · RV58 - R5 · IM79XV,URE (listado nacional oficial),SI,Baofeng/HT; RTL-SDR
1396,ED5YAI Repetidor 144 MHz — URE Alcoy,145.725,145.725,FM,FM,Radioaficionado 2 m,Radioaficionados,Nacional,-600 kHz · CTCSS 77.0 · RV58 - R5 · IM98RP,URE (listado nacional oficial),SI,Baofeng/HT; RTL-SDR
1397,ED7YAG Repetidor 144 MHz — Subtono 100 Hz - Asociación Radioaficionados Poniente Almería,145.725,145.725,FM,FM,Radioaficionado 2 m,Radioaficionados,Nacional,-600 kHz · RV58 - R5 · IM86OV,URE (listado nacional oficial),SI,Baofeng/HT; RTL-SDR
1398,ED7YAO Repetidor 144 MHz — R.C. Romeo Alfa Charlie,145.725,145.725,FM,FM,Radioaficionado 2 m,Radioaficionados,Nacional,-600 kHz · CTCSS 82.5 · RV58 - R5 · IM76RW,URE (listado nacional oficial),SI,Baofeng/HT; RTL-SDR
1399,ED8YAI Repetidor 144 MHz — URE La Gomera,145.725,145.725,FM,FM,Radioaficionado 2 m,Radioaficionados,Nacional,-600 kHz · RV58 - R5 · IL18JC,URE (listado nacional oficial),SI,Baofeng/HT; RTL-SDR
1400,ED3YAQ Repetidor 144 MHz — Unión Radioaficionados Osona (URO),145.7375,145.7375,DV,D-Star,Radioaficionado 2 m,Radioaficionados,Nacional,-600 kHz · RV59 · JN01CT,URE (listado nacional oficial),SI,Baofeng/HT; RTL-SDR
1401,ED1YAC Repetidor 144 MHz — Radio Club Rioja,145.75,145.75,FM,FM,Radioaficionado 2 m,Radioaficionados,Nacional,-600 kHz · CTCSS 77.0 · RV60 - R6 · IN92AD,URE (listado nacional oficial),SI,Baofeng/HT; RTL-SDR
1402,ED1YBI Repetidor 144 MHz — (Pico Pienzu 1.161 m.) - URE Asturias,145.75,145.75,FM,FM,Radioaficionado 2 m,Radioaficionados,Nacional,-600 kHz · RV60 - R6 · IN73JK · 1161 m,URE (listado nacional oficial),SI,Baofeng/HT; RTL-SDR
1403,ED1YBJ Repetidor 144 MHz — URE Segovia,145.75,145.75,FM,FM,Radioaficionado 2 m,Radioaficionados,Nacional,-600 kHz · RV60 - R6 · IN70WW,URE (listado nacional oficial),SI,Baofeng/HT; RTL-SDR
1404,ED1YBY Repetidor 144 MHz — URE Ourense,145.75,145.75,FM,FM,Radioaficionado 2 m,Radioaficionados,Nacional,-600 kHz · RV60 - R6 · IN62IG,URE (listado nacional oficial),SI,Baofeng/HT; RTL-SDR
1405,ED1YCB Repetidor 144 MHz — Asociación Palentina de Radioaficionados,145.75,145.75,FM,FM,Radioaficionado 2 m,Radioaficionados,Nacional,-600 kHz · CTCSS 74.4 · RV60 - R6 · IN72ST,URE (listado nacional oficial),SI,Baofeng/HT; RTL-SDR
1406,ED2YAN Repetidor 144 MHz — As. Euskobite Elkarte,145.75,145.75,FM,FM,Radioaficionado 2 m,Radioaficionados,Nacional,-600 kHz · RV60 - R6 · IN83PI,URE (listado nacional oficial),SI,Baofeng/HT; RTL-SDR
1407,ED3YAG Repetidor 144 MHz — Asoc. Radioaf. Solsonés,145.75,145.75,FM,FM,Radioaficionado 2 m,Radioaficionados,Nacional,-600 kHz · CTCSS 123.0 · RV60 - R6 · JN01SU,URE (listado nacional oficial),SI,Baofeng/HT; RTL-SDR
1408,ED3YBB Repetidor 144 MHz — URE Baix Empordà,145.75,145.75,FM,FM,Radioaficionado 2 m,Radioaficionados,Nacional,-600 kHz · RV60 - R6 · JN11MT,URE (listado nacional oficial),SI,Baofeng/HT; RTL-SDR
1409,ED4YAM Repetidor 144 MHz — R.C. Puertollano,145.75,145.75,FM,FM,Radioaficionado 2 m,Radioaficionados,Nacional,-600 kHz · RV60 - R6 · IM78WO,URE (listado nacional oficial),SI,Baofeng/HT; RTL-SDR
1410,ED4YBA Repetidor 144 MHz — URE Cuenca,145.75,145.75,FM,FM,Radioaficionado 2 m,Radioaficionados,Nacional,-600 kHz · CTCSS 67.0 · RV60 - R6 · IN80WC,URE (listado nacional oficial),SI,Baofeng/HT; RTL-SDR
1411,"ED5YAC Repetidor 144 MHz — Subtono 118,8 Hz - Radio Club Montgó Denia",145.75,145.75,FM,FM,Radioaficionado 2 m,Radioaficionados,Nacional,-600 kHz · CTCSS 118.8 · RV60 - R6 · JM08BU,URE (listado nacional oficial),SI,Baofeng/HT; RTL-SDR
1412,ED5YAO Repetidor 144 MHz — URE Játiva,145.75,145.75,FM,FM,Radioaficionado 2 m,Radioaficionados,Nacional,-600 kHz · RV60 - R6 · IM98RX,URE (listado nacional oficial),SI,Baofeng/HT; RTL-SDR
1413,ED5YAR Repetidor 144 MHz — RC Carthago,145.75,145.75,FM,FM,Radioaficionado 2 m,Radioaficionados,Nacional,-600 kHz · RV60 - R6 · IM97NO,URE (listado nacional oficial),SI,Baofeng/HT; RTL-SDR
1414,ED6YAB Repetidor 144 MHz — URE Palma,145.75,145.75,FM,FM,Radioaficionado 2 m,Radioaficionados,Nacional,-600 kHz · RV60 - R6 · JM19KM,URE (listado nacional oficial),SI,Baofeng/HT; RTL-SDR
1415,ED7YAF Repetidor 144 MHz — Subtono 82.5 Hz URE Estepona,145.75,145.75,FM,FM,Radioaficionado 2 m,Radioaficionados,Nacional,-600 kHz · CTCSS 82.5 · RV60 - R6 · IM76JL,URE (listado nacional oficial),SI,Baofeng/HT; RTL-SDR
1416,ED8YAG Repetidor 144 MHz — URE S.C. Tenerife - La Laguna,145.75,145.75,FM,FM,Radioaficionado 2 m,Radioaficionados,Nacional,-600 kHz · RV60 - R6 · IL18UM,URE (listado nacional oficial),SI,Baofeng/HT; RTL-SDR
1417,ED1YAE Repetidor 144 MHz — Radio Club Fene EA1RKF,145.775,145.775,FM,FM,Radioaficionado 2 m,Radioaficionados,Nacional,-600 kHz · CTCSS 88.5 · RV62 - R7 · IN53UK,URE (listado nacional oficial),SI,Baofeng/HT; RTL-SDR
1418,ED1YAN Repetidor 144 MHz — Asociación Palentina de Radioaficionados,145.775,145.775,FM,FM,Radioaficionado 2 m,Radioaficionados,Nacional,-600 kHz · CTCSS 88.5 · RV62 - R7 · IN71QX,URE (listado nacional oficial),SI,Baofeng/HT; RTL-SDR
1419,ED1YBC Repetidor 144 MHz — (PEÑAS MIRO TAURO 1.049 m.) - URE Asturias,145.775,145.775,FM,FM,Radioaficionado 2 m,Radioaficionados,Nacional,-600 kHz · RV62 - R7 · IN63TI · 1049 m,URE (listado nacional oficial),SI,Baofeng/HT; RTL-SDR
1420,ED1YBK Repetidor 144 MHz — URE Ourense,145.775,145.775,FM,FM,Radioaficionado 2 m,Radioaficionados,Nacional,-600 kHz · CTCSS 77.0 · RV62 - R7 · IN62CI,URE (listado nacional oficial),SI,Baofeng/HT; RTL-SDR
1421,ED1YBZ Repetidor 144 MHz — URE Salamanca,145.775,145.775,FM,FM,Radioaficionado 2 m,Radioaficionados,Nacional,-600 kHz · CTCSS 77.0 · RV62 - R7 · IN60VM,URE (listado nacional oficial),SI,Baofeng/HT; RTL-SDR
1422,ED2YAQ Repetidor 144 MHz — RC Foronda,145.775,145.775,FM,FM,Radioaficionado 2 m,Radioaficionados,Nacional,-600 kHz · RV62 - R7 · IN82RX,URE (listado nacional oficial),SI,Baofeng/HT; RTL-SDR
1423,ED2ZAB Repetidor 144 MHz — Radioaficionados del Bidasoa,145.775,145.775,DV,D-Star,Radioaficionado 2 m,Radioaficionados,Nacional,-600 kHz · RV62 - R7 · IN83CH,URE (listado nacional oficial),SI,Baofeng/HT; RTL-SDR
1424,ED3YAF Repetidor 144 MHz — R.C. Ripollés,145.775,145.775,FM,FM,Radioaficionado 2 m,Radioaficionados,Nacional,-600 kHz · CTCSS 77.0 · RV62 - R7 · JN12BE,URE (listado nacional oficial),SI,Baofeng/HT; RTL-SDR
1425,ED3YAW Repetidor 144 MHz — Radio Club Lleida,145.775,145.775,FM,FM,Radioaficionado 2 m,Radioaficionados,Nacional,-600 kHz · RV62 - R7 · JN02JA,URE (listado nacional oficial),SI,Baofeng/HT; RTL-SDR
1426,ED4YAH Repetidor 144 MHz — URE Ciudad Real,145.775,145.775,FM,FM,Radioaficionado 2 m,Radioaficionados,Nacional,-600 kHz · RV62 - R7 · IM88JO,URE (listado nacional oficial),SI,Baofeng/HT; RTL-SDR
1427,ED4YAR Repetidor 144 MHz — RC Francisco de Orellana,145.775,145.775,FM,FM,Radioaficionado 2 m,Radioaficionados,Nacional,-600 kHz · CTCSS 88.5 · RV62 - R7 · IM79GA,URE (listado nacional oficial),SI,Baofeng/HT; RTL-SDR
1428,ED5YAQ Repetidor 144 MHz — URE Oeste de Valencia,145.775,145.775,FM,FM,Radioaficionado 2 m,Radioaficionados,Nacional,-600 kHz · RV62 - R7 · IM99NJ,URE (listado nacional oficial),SI,Baofeng/HT; RTL-SDR
1429,ED6YAG Repetidor 144 MHz — URE Llevant,145.775,145.775,FM,FM,Radioaficionado 2 m,Radioaficionados,Nacional,-600 kHz · CTCSS 88.5 · RV62 - R7 · JM19ON,URE (listado nacional oficial),SI,Baofeng/HT; RTL-SDR
1430,ED7YAA Repetidor 144 MHz — Andalucia Unida por la Radio (AUR),145.775,145.775,FM,FM,Radioaficionado 2 m,Radioaficionados,Nacional,-600 kHz · CTCSS 82.5 · RV62 - R7 · IM76DT,URE (listado nacional oficial),SI,Baofeng/HT; RTL-SDR
1431,ED8YAD Repetidor 144 MHz — URE Las Palmas,145.775,145.775,FM,FM,Radioaficionado 2 m,Radioaficionados,Nacional,-600 kHz · RV62 - R7 · IL28HD,URE (listado nacional oficial),SI,Baofeng/HT; RTL-SDR
1432,ED9YAA Repetidor 144 MHz — URE Melilla,145.775,145.775,FM,FM,Radioaficionado 2 m,Radioaficionados,Nacional,-600 kHz · RV62 - R7 · IM85MH,URE (listado nacional oficial),SI,Baofeng/HT; RTL-SDR
1433,ED5YAJ Repetidor 1200 MHz — URE Valencia,1298.1,1298.1,FM,FM,Radioaficionado 23 cm,Radioaficionados,Nacional,-28 MHz · RS4 · IM99TQ,URE (listado nacional oficial),SI,RTL-SDR
1434,ED4YAE Repetidor 1200 MHz — 4 W potencia - URE Sierra de Guadarrama,1298.5,1298.5,FM,FM,Radioaficionado 23 cm,Radioaficionados,Nacional,-28 MHz · RS20 · IN70WR,URE (listado nacional oficial),SI,RTL-SDR
1435,ED5ZAC Repetidor 1200 MHz — RC Denia,1298.5,1298.5,DV,D-Star,Radioaficionado 23 cm,Radioaficionados,Nacional,-28 MHz · RS20 · JM08BU,URE (listado nacional oficial),SI,RTL-SDR
1436,ED1YCA Baliza 28 MHz — URE CT Asturias 10W - Antena: 5/8 Omni (3dBd),28.226,28.226,CW,CW,Radioaficionado 10 m,Radioaficionados,Nacional,IN73AL,URE (listado nacional oficial),SI,RTL-SDR; Receptor HF
1437,ED4YAK Baliza 28 MHz — Radio Club Henares,28.251,28.251,CW,CW,Radioaficionado 10 m,Radioaficionados,Nacional,IN80FK,URE (listado nacional oficial),SI,RTL-SDR; Receptor HF
1438,ED4YBA Baliza 28 MHz — URE Cuenca 5W + vertical,28.263,28.263,CW,CW,Radioaficionado 10 m,Radioaficionados,Nacional,IN80WC,URE (listado nacional oficial),SI,RTL-SDR; Receptor HF
1439,ED6YAI Baliza 50 MHz — URE Manacor 5W + omni horizontal,50.042,50.042,CW,CW,Radioaficionado 6 m,Radioaficionados,Nacional,JM19NL,URE (listado nacional oficial),SI,RTL-SDR
1440,ED4YBA Baliza 50 MHz — URE Cuenca 5W + vertical,50.061,50.061,CW,CW,Radioaficionado 6 m,Radioaficionados,Nacional,IN80WC,URE (listado nacional oficial),SI,RTL-SDR
1441,ED7YAD Baliza 50 MHz — URE Málaga 15W + omni horizontal,50.0745,50.0745,CW,CW,Radioaficionado 6 m,Radioaficionados,Nacional,IM76QO,URE (listado nacional oficial),SI,RTL-SDR
1442,ED1YBR Baliza 50 MHz — URE Vigo,50.409,50.409,CW,CW,Radioaficionado 6 m,Radioaficionados,Nacional,IN52PF,URE (listado nacional oficial),SI,RTL-SDR
1443,ED8YAK Baliza 50 MHz — URE La Palma,50.415,50.415,CW,CW,Radioaficionado 6 m,Radioaficionados,Nacional,IL18SJ,URE (listado nacional oficial),SI,RTL-SDR
1444,ED1YCA Baliza 50 MHz — Antena: HO-Loop URE Asturias,50.445,50.445,CW,CW,Radioaficionado 6 m,Radioaficionados,Nacional,IN73AL,URE (listado nacional oficial),SI,RTL-SDR
1445,ED1ZAG Baliza 144 MHz — URE Coruña - 25W + omni,144.404,144.404,CW,CW,Radioaficionado 2 m,Radioaficionados,Nacional,IN53RE,URE (listado nacional oficial),SI,RTL-SDR
1446,ED7YAD Baliza 144 MHz — URE Málaga - 15W + 2xloop horizontal,144.415,144.415,CW,CW,Radioaficionado 2 m,Radioaficionados,Nacional,IM76QO,URE (listado nacional oficial),SI,RTL-SDR
1447,EA6VHF Baliza 144 MHz — URE Ibiza - 10W + omni,144.426,144.426,CW,CW,Radioaficionado 2 m,Radioaficionados,Nacional,JM09TA,URE (listado nacional oficial),SI,RTL-SDR
1448,ED1YCA Baliza 144 MHz — URE Asturias,144.445,144.445,CW,CW,Radioaficionado 2 m,Radioaficionados,Nacional,IN73AL,URE (listado nacional oficial),SI,RTL-SDR
1449,ED8YAQ Baliza 144 MHz — URVAG - 10W + omni - Altitud 625 m.,144.4845,144.4845,CW,CW,Radioaficionado 2 m,Radioaficionados,Nacional,IL18UL · 625 m,URE (listado nacional oficial),SI,RTL-SDR
1450,ED3YBF Baliza 432 MHz — Unio de Radioaficionats de Catalunya,432.405,432.405,CW,CW,Radioaficionado 70 cm,Radioaficionados,Nacional,JN11CL,URE (listado nacional oficial),SI,RTL-SDR
1451,ED8YAJ Baliza 432 MHz — URE La Palma,432.415,432.415,CW,CW,Radioaficionado 70 cm,Radioaficionados,Nacional,IL18UM,URE (listado nacional oficial),SI,RTL-SDR
1452,ED6YAE Baliza 432 MHz — URE Ibiza,432.4255,432.4255,CW,CW,Radioaficionado 70 cm,Radioaficionados,Nacional,JM08PV,URE (listado nacional oficial),SI,RTL-SDR
1453,ED8YAJ Baliza 1200 MHz — URE La Palma,1296.814,1296.814,CW,CW,Radioaficionado 23 cm,Radioaficionados,Nacional,IL18UM,URE (listado nacional oficial),SI,RTL-SDR
1454,ED3YAR Baliza 1200 MHz — URE Bages,1296.936,1296.936,CW,CW,Radioaficionado 23 cm,Radioaficionados,Nacional,JN01WU,URE (listado nacional oficial),SI,RTL-SDR
1455,ED1YAK Repetidor 432 MHz — URE El Ferrol,438.725,438.725,FM,FM,Radioaficionado 70 cm,Radioaficionados,Nacional,-7.6 MHz · IN53VL,URE (listado nacional oficial),SI,Baofeng/HT; RTL-SDR
1456,ED1YAN Repetidor 432 MHz — Asociación Palentina de Radioaficionados,438.775,438.775,FM,FM,Radioaficionado 70 cm,Radioaficionados,Nacional,-7.6 MHz · CTCSS 88.5 · IN71QX,URE (listado nacional oficial),SI,Baofeng/HT; RTL-SDR
1457,ED1YAP Repetidor 432 MHz — R.C. Lugo,438.775,438.775,FM,FM,Radioaficionado 70 cm,Radioaficionados,Nacional,-7.6 MHz · IN62BO,URE (listado nacional oficial),SI,Baofeng/HT; RTL-SDR
1458,ED1YAT Repetidor 432 MHz — R.C. Radioaficionados Montañeses,438.65,438.65,FM,FM,Radioaficionado 70 cm,Radioaficionados,Nacional,-7.6 MHz · IN83AJ,URE (listado nacional oficial),SI,Baofeng/HT; RTL-SDR
1459,ED1YAU Repetidor 432 MHz — R.C. Radioaficionados Montañeses,438.85,438.85,FM,FM,Radioaficionado 70 cm,Radioaficionados,Nacional,-7.6 MHz · IN73TA,URE (listado nacional oficial),SI,Baofeng/HT; RTL-SDR
1460,ED1YAV Repetidor 432 MHz — Grupo Radiopaquete Salamanca,438.7,438.7,FM,FM,Radioaficionado 70 cm,Radioaficionados,Nacional,-7.6 MHz · IN70EX,URE (listado nacional oficial),SI,Baofeng/HT; RTL-SDR
1461,ED1YAX Repetidor 432 MHz — RC Fene,438.9,438.9,FM,FM,Radioaficionado 70 cm,Radioaficionados,Nacional,-7.6 MHz · CTCSS 77.0 · IN63AK,URE (listado nacional oficial),SI,Baofeng/HT; RTL-SDR
1462,ED1YAY Repetidor 432 MHz — URE A Coruña,438.8,438.8,FM,FM,Radioaficionado 70 cm,Radioaficionados,Nacional,-7.6 MHz · IN53XH,URE (listado nacional oficial),SI,Baofeng/HT; RTL-SDR
1463,ED1YAZ Repetidor 432 MHz — URE León,439.225,439.225,NFM,FM-N,Radioaficionado 70 cm,Radioaficionados,Nacional,-7.6 MHz · CTCSS 88.5 · IN72EU · FM-N,URE (listado nacional oficial),SI,Baofeng/HT; RTL-SDR
1464,ED1YBA Repetidor 432 MHz — Club de Radioaficionados Abulenses,438.85,438.85,FM,FM,Radioaficionado 70 cm,Radioaficionados,Nacional,-7.6 MHz · CTCSS 71.9 · IN70PP,URE (listado nacional oficial),SI,Baofeng/HT; RTL-SDR
1465,ED1YBD Repetidor 432 MHz — (Alto Acebo 1.174 m.) - URE Narcea,438.975,438.975,FM,FM,Radioaficionado 70 cm,Radioaficionados,Nacional,-7.6 MHz · CTCSS 100.0 · IN63SD · 1174 m,URE (listado nacional oficial),SI,Baofeng/HT; RTL-SDR
1466,ED1YBE Repetidor 432 MHz — URE Asturias,439.125,439.125,FM,FM,Radioaficionado 70 cm,Radioaficionados,Nacional,-7.6 MHz · CTCSS 88.5 · IN63QL,URE (listado nacional oficial),SI,Baofeng/HT; RTL-SDR
1467,ED1YBF Repetidor 432 MHz — URE Asturias,439.075,439.075,FM,FM,Radioaficionado 70 cm,Radioaficionados,Nacional,-7.6 MHz · IN73EK,URE (listado nacional oficial),SI,Baofeng/HT; RTL-SDR
1468,ED1YBL-R Repetidor 432 MHz — URE Ourense,438.75,438.75,FM,FM,Radioaficionado 70 cm,Radioaficionados,Nacional,-7.6 MHz · CTCSS 77.0 · IN62EI,URE (listado nacional oficial),SI,Baofeng/HT; RTL-SDR
1469,ED1YBM Repetidor 432 MHz — URE Soria,439.3,439.3,FM,FM,Radioaficionado 70 cm,Radioaficionados,Nacional,-7.6 MHz · CTCSS 71.9 · IN81UW,URE (listado nacional oficial),SI,Baofeng/HT; RTL-SDR
1470,ED1YBO Repetidor 432 MHz — URE El Bierzo,439.175,439.175,FM,FM,Radioaficionado 70 cm,Radioaficionados,Nacional,-7.6 MHz · IN62RJ,URE (listado nacional oficial),SI,Baofeng/HT; RTL-SDR
1471,ED1YBP Repetidor 432 MHz — RC Fene,439.0,439,FM,FM,Radioaficionado 70 cm,Radioaficionados,Nacional,-7.6 MHz · CTCSS 77.0 · IN52PO,URE (listado nacional oficial),SI,Baofeng/HT; RTL-SDR
1472,ED1YBS Repetidor 432 MHz — URE Rías Baixas,438.875,438.875,FM,FM,Radioaficionado 70 cm,Radioaficionados,Nacional,-7.6 MHz · CTCSS 88.5 · IN52QJ,URE (listado nacional oficial),SI,Baofeng/HT; RTL-SDR
1473,ED1YBV Repetidor 432 MHz — URE Valladolid,439.05,439.05,FM,FM,Radioaficionado 70 cm,Radioaficionados,Nacional,-7.6 MHz · IN71PP,URE (listado nacional oficial),SI,Baofeng/HT; RTL-SDR
1474,ED1YCD Repetidor 432 MHz — URE Miranda de Ebro,439.4,439.4,FM,FM,Radioaficionado 70 cm,Radioaficionados,Nacional,-7.6 MHz · IN82MQ,URE (listado nacional oficial),SI,Baofeng/HT; RTL-SDR
1475,ED1YCF Repetidor 432 MHz — CT URE Asturias,439.025,439.025,FM,FM,Radioaficionado 70 cm,Radioaficionados,Nacional,-7.6 MHz · IN73OJ,URE (listado nacional oficial),SI,Baofeng/HT; RTL-SDR
1476,ED1ZAB Repetidor 432 MHz — URE Salamanca,438.3,438.3,DV,D-Star,Radioaficionado 70 cm,Radioaficionados,Nacional,-7.6 MHz · IN70DW · D-Star,URE (listado nacional oficial),SI,Baofeng/HT; RTL-SDR
1477,ED1ZAJ Repetidor 432 MHz — Comunicaciones Digitales de Galicia,438.325,438.325,DV,D-Star,Radioaficionado 70 cm,Radioaficionados,Nacional,-7.6 MHz · IN61GV · D-Star,URE (listado nacional oficial),SI,Baofeng/HT; RTL-SDR
1478,ED1ZAK Repetidor 432 MHz — Burgos HAM Radio,438.65,438.65,FM,FM,Radioaficionado 70 cm,Radioaficionados,Nacional,-7.6 MHz · CTCSS 131.8 · IN82EH,URE (listado nacional oficial),SI,Baofeng/HT; RTL-SDR
1479,ED1ZAT Repetidor 432 MHz — Radio Club Estrada - EA1RKE,438.325,438.325,DV,D-Star,Radioaficionado 70 cm,Radioaficionados,Nacional,-7.6 MHz · IN52TQ · D-Star,URE (listado nacional oficial),SI,Baofeng/HT; RTL-SDR
1480,ED1ZAV Repetidor 432 MHz — CTCA URE Asturias,438.625,438.625,NFM,C4FM,Radioaficionado 70 cm,Radioaficionados,Nacional,-7.6 MHz · IN73CH · C4FM,URE (listado nacional oficial),SI,Baofeng/HT; RTL-SDR
1481,ED1ZAW Repetidor 432 MHz — URE León,438.4,438.4,NFM,DMR,Radioaficionado 70 cm,Radioaficionados,Nacional,-7.6 MHz · IN72JU · DMR,URE (listado nacional oficial),SI,Baofeng/HT; RTL-SDR
1482,ED1ZAX Repetidor 432 MHz — Radio Club Fene (EA1RKF),438.525,438.525,NFM,DMR,Radioaficionado 70 cm,Radioaficionados,Nacional,-7.6 MHz · IN52PO · DMR,URE (listado nacional oficial),SI,Baofeng/HT; RTL-SDR
1483,ED1ZBG Repetidor 432 MHz — URE Ourense,438.55,438.55,NFM,DMR,Radioaficionado 70 cm,Radioaficionados,Nacional,-7.6 MHz · IN62EI · DMR,URE (listado nacional oficial),SI,Baofeng/HT; RTL-SDR
1484,ED1ZBH Repetidor 432 MHz — URE Ourense,438.575,438.575,NFM,DMR,Radioaficionado 70 cm,Radioaficionados,Nacional,-7.6 MHz · IN62IG · DMR,URE (listado nacional oficial),SI,Baofeng/HT; RTL-SDR
1485,ED1ZBI Repetidor 432 MHz — URE Ourense,438.5,438.5,NFM,DMR,Radioaficionado 70 cm,Radioaficionados,Nacional,-7.6 MHz · IN62CI · DMR,URE (listado nacional oficial),SI,Baofeng/HT; RTL-SDR
1486,ED1ZBI_B Repetidor 432 MHz — URE Ourense,438.25,438.25,DV,D-Star,Radioaficionado 70 cm,Radioaficionados,Nacional,-7.6 MHz · IN62CI · D-Star,URE (listado nacional oficial),SI,Baofeng/HT; RTL-SDR
1487,ED1ZBJ Repetidor 432 MHz — URE León,438.225,438.225,NFM,DMR,Radioaficionado 70 cm,Radioaficionados,Nacional,-7.6 MHz · IN72FN · DMR,URE (listado nacional oficial),SI,Baofeng/HT; RTL-SDR
1488,ED2YAB Repetidor 432 MHz — R.C. Unzueta de Laudio,438.7,438.7,FM,FM,Radioaficionado 70 cm,Radioaficionados,Nacional,-7.6 MHz · IN83ND,URE (listado nacional oficial),SI,Baofeng/HT; RTL-SDR
1489,ED2YAE Repetidor 432 MHz — URE Vizcaya,439.0,439,FM,FM,Radioaficionado 70 cm,Radioaficionados,Nacional,-7.6 MHz · CTCSS 77.0 · IN83RF,URE (listado nacional oficial),SI,Baofeng/HT; RTL-SDR
1490,ED2YAG Repetidor 432 MHz — URE San Sebastián,438.925,438.925,FM,FM,Radioaficionado 70 cm,Radioaficionados,Nacional,-7.6 MHz · IN93BH,URE (listado nacional oficial),SI,Baofeng/HT; RTL-SDR
1491,ED2YAH Repetidor 432 MHz — URE Zaragoza,438.7,438.7,FM,FM,Radioaficionado 70 cm,Radioaficionados,Nacional,-7.6 MHz · IN91SR,URE (listado nacional oficial),SI,Baofeng/HT; RTL-SDR
1492,ED2YAJ Repetidor 432 MHz — URE Zaragoza,438.65,438.65,FM,FM,Radioaficionado 70 cm,Radioaficionados,Nacional,-7.6 MHz · IN91NP,URE (listado nacional oficial),SI,Baofeng/HT; RTL-SDR
1493,"ED2YAL Repetidor 432 MHz — Subtono 71,9 Hz URE Teruel",439.325,439.325,FM,FM,Radioaficionado 70 cm,Radioaficionados,Nacional,-7.6 MHz · CTCSS 71.9 · IN90LC,URE (listado nacional oficial),SI,Baofeng/HT; RTL-SDR
1494,ED2YAN Repetidor 432 MHz — As. Euskobite Elkarte,438.2,438.2,DV,D-Star,Radioaficionado 70 cm,Radioaficionados,Nacional,-7.6 MHz · IN83PI · D-Star,URE (listado nacional oficial),SI,Baofeng/HT; RTL-SDR
1495,ED2YAO Repetidor 432 MHz — As. Euskobyte Elkarte,438.95,438.95,FM,FM,Radioaficionado 70 cm,Radioaficionados,Nacional,-7.6 MHz · IN83MF,URE (listado nacional oficial),SI,Baofeng/HT; RTL-SDR
1496,ED2YAP Repetidor 432 MHz — RC Foronda,438.675,438.675,DV,D-Star,Radioaficionado 70 cm,Radioaficionados,Nacional,-7.6 MHz · IN82QU · D-Star,URE (listado nacional oficial),SI,Baofeng/HT; RTL-SDR
1497,ED2YAX Repetidor 432 MHz — RadioClub Fragatí,439.0,439,FM,FM,Radioaficionado 70 cm,Radioaficionados,Nacional,-7.6 MHz · CTCSS 123.0 · JN01EM,URE (listado nacional oficial),SI,Baofeng/HT; RTL-SDR
1498,ED2ZAA Repetidor 432 MHz — URE Zaragoza,438.35,438.35,DV,D-Star,Radioaficionado 70 cm,Radioaficionados,Nacional,-7.6 MHz · IN91NP · D-Star,URE (listado nacional oficial),SI,Baofeng/HT; RTL-SDR
1499,ED3YAB Repetidor 432 MHz — AMIRED,439.425,439.425,FM,FM,Radioaficionado 70 cm,Radioaficionados,Nacional,-7.6 MHz · CTCSS 88.5 · JN01VO,URE (listado nacional oficial),SI,Baofeng/HT; RTL-SDR
1500,ED3YAC Repetidor 432 MHz — R.C. Castellar,438.8,438.8,FM,FM,Radioaficionado 70 cm,Radioaficionados,Nacional,-7.6 MHz · CTCSS 110.9 · JN11AQ,URE (listado nacional oficial),SI,Baofeng/HT; RTL-SDR
1501,ED3YAD Repetidor 432 MHz — Radio Club Sabadell,438.975,438.975,FM,FM,Radioaficionado 70 cm,Radioaficionados,Nacional,-7.6 MHz · JN11BN,URE (listado nacional oficial),SI,Baofeng/HT; RTL-SDR
1502,ED3YAE Repetidor 432 MHz — Asociación de Radioaficionados Solsonés,438.675,438.675,FM,FM,Radioaficionado 70 cm,Radioaficionados,Nacional,-7.6 MHz · JN01SU,URE (listado nacional oficial),SI,Baofeng/HT; RTL-SDR
1503,ED3YAH Repetidor 432 MHz — AMIRED,439.275,439.275,FM,FM,Radioaficionado 70 cm,Radioaficionados,Nacional,-7.6 MHz · CTCSS 88.5 · JN00ET,URE (listado nacional oficial),SI,Baofeng/HT; RTL-SDR
1504,ED3YAI Repetidor 432 MHz — AMIRED,439.375,439.375,FM,FM,Radioaficionado 70 cm,Radioaficionados,Nacional,-7.6 MHz · CTCSS 88.5 · JN02WH,URE (listado nacional oficial),SI,Baofeng/HT; RTL-SDR
1505,ED3YAM Repetidor 432 MHz — URE Osona,438.775,438.775,FM,FM,Radioaficionado 70 cm,Radioaficionados,Nacional,-7.6 MHz · CTCSS 88.5 · JN11EW,URE (listado nacional oficial),SI,Baofeng/HT; RTL-SDR
1506,ED3YAN Repetidor 432 MHz — URE Barcelona,439.125,439.125,FM,FM,Radioaficionado 70 cm,Radioaficionados,Nacional,-7.6 MHz · CTCSS 114.8 · JN11BJ,URE (listado nacional oficial),SI,Baofeng/HT; RTL-SDR
1507,ED3YAO Repetidor 432 MHz — R.C. Quijotes Internacionales,438.875,438.875,FM,FM,Radioaficionado 70 cm,Radioaficionados,Nacional,-7.6 MHz · CTCSS 123.0 · JN11BI,URE (listado nacional oficial),SI,Baofeng/HT; RTL-SDR
1508,ED3YAP Repetidor 432 MHz — Sección URE Alt Empordá,438.9,438.9,FM,FM,Radioaficionado 70 cm,Radioaficionados,Nacional,-7.6 MHz · CTCSS 107.2 · JN12LG,URE (listado nacional oficial),SI,Baofeng/HT; RTL-SDR
1509,ED3YAS Repetidor 432 MHz — URE La Selva,438.95,438.95,FM,FM,Radioaficionado 70 cm,Radioaficionados,Nacional,-7.6 MHz · JN11JP,URE (listado nacional oficial),SI,Baofeng/HT; RTL-SDR
1510,ED3YAT Repetidor 432 MHz — URE Badalona,438.925,438.925,FM,FM,Radioaficionado 70 cm,Radioaficionados,Nacional,-7.6 MHz · CTCSS 79.7 · JN11CK,URE (listado nacional oficial),SI,Baofeng/HT; RTL-SDR
1511,ED3YAV Repetidor 432 MHz — R.C. Lleida,438.75,438.75,FM,FM,Radioaficionado 70 cm,Radioaficionados,Nacional,-7.6 MHz · JN02JA,URE (listado nacional oficial),SI,Baofeng/HT; RTL-SDR
1512,ED3YBC Repetidor 432 MHz — URE Baix Empordá,438.7,438.7,FM,FM,Radioaficionado 70 cm,Radioaficionados,Nacional,-7.6 MHz · JN11MU,URE (listado nacional oficial),SI,Baofeng/HT; RTL-SDR
1513,ED3YBH Repetidor 432 MHz — Associació de Radioaficionats Club La Baells,438.725,438.725,FM,FM,Radioaficionado 70 cm,Radioaficionados,Nacional,-7.6 MHz · CTCSS 77.0 · JN02VC,URE (listado nacional oficial),SI,Baofeng/HT; RTL-SDR
1514,ED4YAA Repetidor 432 MHz — Subtono 77.0 Hz URE Ciudad Real,438.7,438.7,FM,FM,Radioaficionado 70 cm,Radioaficionados,Nacional,-7.6 MHz · CTCSS 77.0 · IM89EF,URE (listado nacional oficial),SI,Baofeng/HT; RTL-SDR
1515,ED4YAB Repetidor 432 MHz — URE Leganés,438.65,438.65,FM,FM,Radioaficionado 70 cm,Radioaficionados,Nacional,-7.6 MHz · IN80CH,URE (listado nacional oficial),SI,Baofeng/HT; RTL-SDR
1516,ED4YAF Repetidor 432 MHz — URE Cuenca,439.025,439.025,FM,FM,Radioaficionado 70 cm,Radioaficionados,Nacional,-7.6 MHz · IN90CE,URE (listado nacional oficial),SI,Baofeng/HT; RTL-SDR
1517,ED4YAI Repetidor 432 MHz — URE Ciudad Real,439.3,439.3,FM,FM,Radioaficionado 70 cm,Radioaficionados,Nacional,-7.6 MHz · IN79VA,URE (listado nacional oficial),SI,Baofeng/HT; RTL-SDR
1518,ED4YAJ Repetidor 432 MHz — Sección URE Jarama,439.0,439,FM,FM,Radioaficionado 70 cm,Radioaficionados,Nacional,-7.6 MHz · CTCSS 67.0 · IN80HK,URE (listado nacional oficial),SI,Baofeng/HT; RTL-SDR
1519,ED4YAK Repetidor 432 MHz — Radio Club Henares,439.2,439.2,FM,FM,Radioaficionado 70 cm,Radioaficionados,Nacional,-7.6 MHz · CTCSS 82.5 · IN80FK,URE (listado nacional oficial),SI,Baofeng/HT; RTL-SDR
1520,ED4YAN Repetidor 432 MHz — URE Sección Local de Madrid,438.95,438.95,FM,FM,Radioaficionado 70 cm,Radioaficionados,Nacional,-7.6 MHz · IN80AS,URE (listado nacional oficial),SI,Baofeng/HT; RTL-SDR
1521,ED4YAQ Repetidor 432 MHz — RC Francisco de Orellana,439.2,439.2,FM,FM,Radioaficionado 70 cm,Radioaficionados,Nacional,-7.6 MHz · CTCSS 88.5 · IM69WF,URE (listado nacional oficial),SI,Baofeng/HT; RTL-SDR
1522,ED4YAR Repetidor 432 MHz — RC Francisco de Orellana,439.3,439.3,FM,FM,Radioaficionado 70 cm,Radioaficionados,Nacional,-7.6 MHz · CTCSS 88.5 · IM79GA,URE (listado nacional oficial),SI,Baofeng/HT; RTL-SDR
1523,ED4YAU Repetidor 432 MHz — URE Cuenca,439.425,439.425,FM,FM,Radioaficionado 70 cm,Radioaficionados,Nacional,-7.6 MHz · IN80WC,URE (listado nacional oficial),SI,Baofeng/HT; RTL-SDR
1524,ED4YAV Repetidor 432 MHz — URE Talavera de la Reina,438.75,438.75,FM,FM,Radioaficionado 70 cm,Radioaficionados,Nacional,-7.6 MHz · CTCSS 67.0 · IN70PD,URE (listado nacional oficial),SI,Baofeng/HT; RTL-SDR
1525,ED4YAW Repetidor 432 MHz — URE Sierra de Guadarrama,438.9,438.9,FM,FM,Radioaficionado 70 cm,Radioaficionados,Nacional,-7.6 MHz · IN70WR,URE (listado nacional oficial),SI,Baofeng/HT; RTL-SDR
1526,ED4YAY Repetidor 432 MHz — URE Toledo,438.725,438.725,FM,FM,Radioaficionado 70 cm,Radioaficionados,Nacional,-7.6 MHz · IM79XU,URE (listado nacional oficial),SI,Baofeng/HT; RTL-SDR
1527,ED4ZAA Repetidor 432 MHz — URE Alcorcón,438.475,438.475,NFM,DMR,Radioaficionado 70 cm,Radioaficionados,Nacional,-7.6 MHz · IN80EV · DMR,URE (listado nacional oficial),SI,Baofeng/HT; RTL-SDR
1528,ED4ZAB Repetidor 432 MHz — URE Alcorcón,438.325,438.325,NFM,DMR,Radioaficionado 70 cm,Radioaficionados,Nacional,-7.6 MHz · IM79DR · DMR,URE (listado nacional oficial),SI,Baofeng/HT; RTL-SDR
1529,ED4ZAD Repetidor 432 MHz — URE Cuenca,438.375,438.375,DV,D-Star,Radioaficionado 70 cm,Radioaficionados,Nacional,-7.6 MHz · IN80WC · D-Star,URE (listado nacional oficial),SI,Baofeng/HT; RTL-SDR
1530,ED4ZAG Repetidor 432 MHz — URE Alcorcón,438.3,438.3,NFM,DMR,Radioaficionado 70 cm,Radioaficionados,Nacional,-7.6 MHz · IN80DH · DMR,URE (listado nacional oficial),SI,Baofeng/HT; RTL-SDR
1531,ED4ZAH Repetidor 432 MHz — URE Sierra de Guadarrama,438.35,438.35,DV,D-Star,Radioaficionado 70 cm,Radioaficionados,Nacional,-7.6 MHz · IN70WR · D-Star,URE (listado nacional oficial),SI,Baofeng/HT; RTL-SDR
1532,ED4ZAH Repetidor 432 MHz — URE Sierra de Guadarrama,438.325,438.325,NFM,DMR,Radioaficionado 70 cm,Radioaficionados,Nacional,-7.6 MHz · IN70WR · DMR,URE (listado nacional oficial),SI,Baofeng/HT; RTL-SDR
1533,ED4ZAH Repetidor 432 MHz — URE Sierra de Guadarrama,438.375,438.375,NFM,C4FM,Radioaficionado 70 cm,Radioaficionados,Nacional,-7.6 MHz · IN70WR · C4FM,URE (listado nacional oficial),SI,Baofeng/HT; RTL-SDR
1534,ED4ZAL Repetidor 432 MHz — URE Mérida,438.475,438.475,NFM,DMR,Radioaficionado 70 cm,Radioaficionados,Nacional,-7.6 MHz · IM68SU · DMR,URE (listado nacional oficial),SI,Baofeng/HT; RTL-SDR
1535,ED5YAA Repetidor 432 MHz — Unión de Radioaficionados de Albacete,439.1,439.1,FM,FM,Radioaficionado 70 cm,Radioaficionados,Nacional,-7.6 MHz · IM88TP,URE (listado nacional oficial),SI,Baofeng/HT; RTL-SDR
1536,ED5YAD Repetidor 432 MHz — R.C. Montgó,438.8,438.8,FM,FM,Radioaficionado 70 cm,Radioaficionados,Nacional,-7.6 MHz · JM08BU,URE (listado nacional oficial),SI,Baofeng/HT; RTL-SDR
1537,ED5YAE Repetidor 432 MHz — URE Marina Baixa,438.725,438.725,FM,FM,Radioaficionado 70 cm,Radioaficionados,Nacional,-7.6 MHz · CTCSS 79.7 · IM98WR,URE (listado nacional oficial),SI,Baofeng/HT; RTL-SDR
1538,ED5YAF Repetidor 432 MHz — URE Elda,439.0,439,FM,FM,Radioaficionado 70 cm,Radioaficionados,Nacional,-7.6 MHz · CTCSS 77.0 · R720 - R84 · IM98OL,URE (listado nacional oficial),SI,Baofeng/HT; RTL-SDR
1539,ED5YAG Repetidor 432 MHz — URE Alicante,439.4,439.4,FM,FM,Radioaficionado 70 cm,Radioaficionados,Nacional,-7.6 MHz · CTCSS 114.8 · IM98SI,URE (listado nacional oficial),SI,Baofeng/HT; RTL-SDR
1540,ED5YAJ Repetidor 432 MHz — URE Valencia,439.425,439.425,FM,FM,Radioaficionado 70 cm,Radioaficionados,Nacional,-7.6 MHz · CTCSS 88.5 · IM99TQ,URE (listado nacional oficial),SI,Baofeng/HT; RTL-SDR
1541,ED5YAL Repetidor 432 MHz — URE Murcia,438.65,438.65,FM,FM,Radioaficionado 70 cm,Radioaficionados,Nacional,-7.6 MHz · CTCSS 77.0 · IM97FU,URE (listado nacional oficial),SI,Baofeng/HT; RTL-SDR
1542,ED5YAM Repetidor 432 MHz — RC Montgó,439.05,439.05,FM,FM,Radioaficionado 70 cm,Radioaficionados,Nacional,-7.6 MHz · IM98WR,URE (listado nacional oficial),SI,Baofeng/HT; RTL-SDR
1543,ED5YAS Repetidor 432 MHz — URE Maestrazgo,438.825,438.825,FM,FM,Radioaficionado 70 cm,Radioaficionados,Nacional,-7.6 MHz · CTCSS 71.9 · JN00BO,URE (listado nacional oficial),SI,Baofeng/HT; RTL-SDR
1544,ED5YAU Repetidor 432 MHz — URE Benidorm-Marina Baixa,438.7,438.7,FM,FM,Radioaficionado 70 cm,Radioaficionados,Nacional,-7.6 MHz · IN98WM,URE (listado nacional oficial),SI,Baofeng/HT; RTL-SDR
1545,ED5YAV Repetidor 432 MHz — RC Montgó,439.075,439.075,FM,FM,Radioaficionado 70 cm,Radioaficionados,Nacional,-7.6 MHz · JM08BT,URE (listado nacional oficial),SI,Baofeng/HT; RTL-SDR
1546,ED5YAY Repetidor 432 MHz — URE Oeste de Valencia,438.775,438.775,FM,FM,Radioaficionado 70 cm,Radioaficionados,Nacional,-7.6 MHz · CTCSS 77.0 · IM99NJ,URE (listado nacional oficial),SI,Baofeng/HT; RTL-SDR
1547,ED5YBA Repetidor 432 MHz — Radioclub El Campello - EA5RCK,439.15,439.15,FM,FM,Radioaficionado 70 cm,Radioaficionados,Nacional,-7.6 MHz · IM98TK,URE (listado nacional oficial),SI,Baofeng/HT; RTL-SDR
1548,ED5YBC Repetidor 432 MHz — URE San Vicente del Raspeig,438.875,438.875,FM,FM,Radioaficionado 70 cm,Radioaficionados,Nacional,-7.6 MHz · CTCSS 77.0 · IM98RJ,URE (listado nacional oficial),SI,Baofeng/HT; RTL-SDR
1549,ED5ZAB Repetidor 432 MHz — URE Valencia,438.2,438.2,DV,D-Star,Radioaficionado 70 cm,Radioaficionados,Nacional,-7.6 MHz · IM99TQ · D-Star,URE (listado nacional oficial),SI,Baofeng/HT; RTL-SDR
1550,ED5ZAB Repetidor 432 MHz — URE Valencia,438.35,438.35,NFM,C4FM,Radioaficionado 70 cm,Radioaficionados,Nacional,-7.6 MHz · IM99TQ · C4FM,URE (listado nacional oficial),SI,Baofeng/HT; RTL-SDR
1551,ED5ZAB Repetidor 432 MHz — URE Valencia,438.425,438.425,NFM,DMR,Radioaficionado 70 cm,Radioaficionados,Nacional,-7.6 MHz · IM99TQ · DMR,URE (listado nacional oficial),SI,Baofeng/HT; RTL-SDR
1552,ED5ZAC Repetidor 432 MHz — RC Denia,438.3,438.3,DV,D-Star,Radioaficionado 70 cm,Radioaficionados,Nacional,-7.6 MHz · JM08BU · D-Star,URE (listado nacional oficial),SI,Baofeng/HT; RTL-SDR
1553,ED6YAH Repetidor 432 MHz — URE Pla de Mallorca,439.2,439.2,FM,FM,Radioaficionado 70 cm,Radioaficionados,Nacional,-7.6 MHz · JM19LM,URE (listado nacional oficial),SI,Baofeng/HT; RTL-SDR
1554,ED6ZAA Repetidor 432 MHz — URE Pla de Mallorca,438.25,438.25,DV,D-Star,Radioaficionado 70 cm,Radioaficionados,Nacional,-7.6 MHz · JM19OK · D-Star,URE (listado nacional oficial),SI,Baofeng/HT; RTL-SDR
1555,ED6ZAB Repetidor 432 MHz — URE Pla de Mallorca,438.45,438.45,DV,D-Star,Radioaficionado 70 cm,Radioaficionados,Nacional,-7.6 MHz · JM19KM · D-Star,URE (listado nacional oficial),SI,Baofeng/HT; RTL-SDR
1556,ED7YAB Repetidor 432 MHz — URE Córdoba,439.425,439.425,FM,FM,Radioaficionado 70 cm,Radioaficionados,Nacional,-7.6 MHz · CTCSS 77.0 · IM77OX,URE (listado nacional oficial),SI,Baofeng/HT; RTL-SDR
1557,ED7YAE Repetidor 432 MHz — URE Málaga,438.65,438.65,FM,FM,Radioaficionado 70 cm,Radioaficionados,Nacional,-7.6 MHz · CTCSS 82.5 · IM76QO,URE (listado nacional oficial),SI,Baofeng/HT; RTL-SDR
1558,ED7YAL Repetidor 432 MHz — URE Jaen,438.65,438.65,FM,FM,Radioaficionado 70 cm,Radioaficionados,Nacional,-7.6 MHz · CTCSS 71.9 · IM87FR,URE (listado nacional oficial),SI,Baofeng/HT; RTL-SDR
1559,ED7YAM Repetidor 432 MHz — URE Córdoba,438.925,438.925,FM,FM,Radioaficionado 70 cm,Radioaficionados,Nacional,-7.6 MHz · IM77OX,URE (listado nacional oficial),SI,Baofeng/HT; RTL-SDR
1560,ED7YAN Repetidor 432 MHz — URE Granada,438.9,438.9,FM,FM,Radioaficionado 70 cm,Radioaficionados,Nacional,-7.6 MHz · CTCSS 88.5 · IM87HB,URE (listado nacional oficial),SI,Baofeng/HT; RTL-SDR
1561,ED7YAR Repetidor 432 MHz — Radio Club Sevilla,439.4,439.4,FM,FM,Radioaficionado 70 cm,Radioaficionados,Nacional,-7.6 MHz · IM77EU,URE (listado nacional oficial),SI,Baofeng/HT; RTL-SDR
1562,ED7YAU Repetidor 432 MHz — URE San Fernando,439.35,439.35,FM,FM,Radioaficionado 70 cm,Radioaficionados,Nacional,-7.6 MHz · IM76AT,URE (listado nacional oficial),SI,Baofeng/HT; RTL-SDR
1563,ED7YAV Repetidor 432 MHz — URE San Fernando,438.95,438.95,FM,FM,Radioaficionado 70 cm,Radioaficionados,Nacional,-7.6 MHz · CTCSS 77.0 · IM66VM,URE (listado nacional oficial),SI,Baofeng/HT; RTL-SDR
1564,ED7YAW Repetidor 432 MHz — Asociación Radioaficionados Poniente Almería,438.85,438.85,FM,FM,Radioaficionado 70 cm,Radioaficionados,Nacional,-7.6 MHz · IM86OV,URE (listado nacional oficial),SI,Baofeng/HT; RTL-SDR
1565,ED7YBC Repetidor 432 MHz — URE Sevilla,439.025,439.025,FM,FM,Radioaficionado 70 cm,Radioaficionados,Nacional,-7.6 MHz · CTCSS 88.5 · IM78CB,URE (listado nacional oficial),SI,Baofeng/HT; RTL-SDR
1566,ED7ZAD Repetidor 432 MHz — URE Córdoba,438.525,438.525,DV,D-Star,Radioaficionado 70 cm,Radioaficionados,Nacional,-7.6 MHz · IM77OW · D-Star,URE (listado nacional oficial),SI,Baofeng/HT; RTL-SDR
1567,ED7ZAE Repetidor 432 MHz — URE Granada,438.3,438.3,DV,D-Star,Radioaficionado 70 cm,Radioaficionados,Nacional,-7.6 MHz · IM87ED · D-Star,URE (listado nacional oficial),SI,Baofeng/HT; RTL-SDR
1568,ED7ZAF Repetidor 432 MHz — Asociación Radioaficionados Poniente Almería,438.3,438.3,NFM,DMR,Radioaficionado 70 cm,Radioaficionados,Nacional,-7.6 MHz · IM86OS · DMR,URE (listado nacional oficial),SI,Baofeng/HT; RTL-SDR
1569,ED7ZAH Repetidor 432 MHz — URE Almería,438.425,438.425,NFM,DMR,Radioaficionado 70 cm,Radioaficionados,Nacional,-7.6 MHz · IM86SU · DMR,URE (listado nacional oficial),SI,Baofeng/HT; RTL-SDR
1570,ED7ZAI Repetidor 432 MHz — URE Sevilla,439.0,439,FM,FM,Radioaficionado 70 cm,Radioaficionados,Nacional,-7.6 MHz · CTCSS 88.5 · IM77AJ,URE (listado nacional oficial),SI,Baofeng/HT; RTL-SDR
1571,ED7ZAJ Repetidor 432 MHz — URE San Fernando,438.3,438.3,DV,D-Star,Radioaficionado 70 cm,Radioaficionados,Nacional,-7.6 MHz · IM76AT · D-Star,URE (listado nacional oficial),SI,Baofeng/HT; RTL-SDR
1572,ED7ZAL Repetidor 432 MHz — URE Sevilla,438.425,438.425,NFM,DMR,Radioaficionado 70 cm,Radioaficionados,Nacional,-7.6 MHz · IM67XI · DMR,URE (listado nacional oficial),SI,Baofeng/HT; RTL-SDR
1573,ED7ZAM Repetidor 432 MHz — URE San Fernando,438.5,438.5,NFM,C4FM,Radioaficionado 70 cm,Radioaficionados,Nacional,-7.6 MHz · IM66WM · C4FM,URE (listado nacional oficial),SI,Baofeng/HT; RTL-SDR
1574,ED8YAB Repetidor 432 MHz — Unión Radioaficionados Aridane,439.0,439,FM,FM,Radioaficionado 70 cm,Radioaficionados,Nacional,-7.6 MHz · CTCSS 79.7 · IL18CP,URE (listado nacional oficial),SI,Baofeng/HT; RTL-SDR
1575,ED8YAM Repetidor 432 MHz — URE Las Palmas,438.8,438.8,FM,FM,Radioaficionado 70 cm,Radioaficionados,Nacional,-7.6 MHz · CTCSS 79.7 · IL28ED,URE (listado nacional oficial),SI,Baofeng/HT; RTL-SDR
1576,ED8YAN Repetidor 432 MHz — URE Valle de la Orotava,439.15,439.15,FM,FM,Radioaficionado 70 cm,Radioaficionados,Nacional,-7.6 MHz · CTCSS 79.7 · IL18SI,URE (listado nacional oficial),SI,Baofeng/HT; RTL-SDR
1577,ED8YAO Repetidor 432 MHz — URE Valle de la Orotava,439.3,439.3,FM,FM,Radioaficionado 70 cm,Radioaficionados,Nacional,-7.6 MHz · CTCSS 79.7 · IL18QJ,URE (listado nacional oficial),SI,Baofeng/HT; RTL-SDR
1578,ED8ZAB Repetidor 432 MHz — RC Tuhoco de Velhoco,438.4625,438.4625,DV,D-Star,Radioaficionado 70 cm,Radioaficionados,Nacional,-7.6 MHz · IL27FX · D-Star,URE (listado nacional oficial),SI,Baofeng/HT; RTL-SDR
1579,ED9YAB Repetidor 432 MHz — URE Sección Ceuta,438.675,438.675,FM,FM,Radioaficionado 70 cm,Radioaficionados,Nacional,-7.6 MHz · CTCSS 82.5 · IM75IV,URE (listado nacional oficial),SI,Baofeng/HT; RTL-SDR
