Frecuencia,Unidad,MHz (norm.),Modo,Descripción,Categoría,Zona,Fuente,Publicable,Motivo clasificación,Notas
"1,8 MHz (160 m)",kHz,0.0018,,"1,8 MHz (160 m)",Radioaficionados,Madrid/Nacional,LaRadioCB (plan bandas URE/IARU),SI,Plan de bandas de aficionado (público),
1.810 – 1.838,kHz,0.00181,CW,CW,Radioaficionados,Madrid/Nacional,LaRadioCB (plan bandas URE/IARU),SI,Plan de bandas de aficionado (público),CW
1.838 – 1.840,kHz,0.001838,Modos de banda estrecha,500,Radioaficionados,Madrid/Nacional,LaRadioCB (plan bandas URE/IARU),SI,Plan de bandas de aficionado (público),Modos de banda estrecha
1.840 – 1.843,kHz,0.00184,"Todos los modos, modos digitales",2.7,Radioaficionados,Madrid/Nacional,LaRadioCB (plan bandas URE/IARU),SI,Plan de bandas de aficionado (público),"Todos los modos, modos digitales"
1.843 – 2.000,kHz,0.001843,"Todos los modos (En España, de 1.850 a 2",2.700,Radioaficionados,Madrid/Nacional,LaRadioCB (plan bandas URE/IARU),SI,Plan de bandas de aficionado (público),"Todos los modos (En España, de 1.850 a 2"
"3,5 MHz (80 m)",kHz,0.0035,,"3,5 MHz (80 m)",Radioaficionados,Madrid/Nacional,LaRadioCB (plan bandas URE/IARU),SI,Plan de bandas de aficionado (público),
3.500 – 3.510,kHz,0.0035,"CW, prioridad para operaciones intercont",200,Radioaficionados,Madrid/Nacional,LaRadioCB (plan bandas URE/IARU),SI,Plan de bandas de aficionado (público),"CW, prioridad para operaciones intercont"
3.510 – 3.560,kHz,0.00351,"CW, preferido para concursos CW","CW, preferido para concursos CW",Radioaficionados,Madrid/Nacional,LaRadioCB (plan bandas URE/IARU),SI,Plan de bandas de aficionado (público),"CW, preferido para concursos CW"
3.560 – 3.570,kHz,0.00356,CW,CW,Radioaficionados,Madrid/Nacional,LaRadioCB (plan bandas URE/IARU),SI,Plan de bandas de aficionado (público),CW
3.570 – 3.580,kHz,0.00357,Modos de banda estrecha – Modos digitale,200,Radioaficionados,Madrid/Nacional,LaRadioCB (plan bandas URE/IARU),SI,Plan de bandas de aficionado (público),Modos de banda estrecha – Modos digitale
3.580 – 3.590,kHz,0.00358,Modos de banda estrecha – Modos digitale,500,Radioaficionados,Madrid/Nacional,LaRadioCB (plan bandas URE/IARU),SI,Plan de bandas de aficionado (público),Modos de banda estrecha – Modos digitale
3.590 – 3.600,kHz,0.00359,Modos de banda estrecha – Modos digitale,500,Radioaficionados,Madrid/Nacional,LaRadioCB (plan bandas URE/IARU),SI,Plan de bandas de aficionado (público),Modos de banda estrecha – Modos digitale
3.600 – 3.620,kHz,0.0036,"Todos los modos – Modos digitales, estac",2.7,Radioaficionados,Madrid/Nacional,LaRadioCB (plan bandas URE/IARU),SI,Plan de bandas de aficionado (público),"Todos los modos – Modos digitales, estac"
3.600 – 3.650,kHz,0.0036,Todos los modos Preferido para concursos,Todos los modos Preferido para concursos SSB,Radioaficionados,Madrid/Nacional,LaRadioCB (plan bandas URE/IARU),SI,Plan de bandas de aficionado (público),Todos los modos Preferido para concursos
3.650 – 3.700,kHz,0.00365,Todos los modos,Todos los modos,Radioaficionados,Madrid/Nacional,LaRadioCB (plan bandas URE/IARU),SI,Plan de bandas de aficionado (público),Todos los modos
3.700 – 3.775,kHz,0.0037,Todos los modos Preferido para concursos,Todos los modos Preferido para concursos SSB.,Radioaficionados,Madrid/Nacional,LaRadioCB (plan bandas URE/IARU),SI,Plan de bandas de aficionado (público),Todos los modos Preferido para concursos
3.775 – 3.800,kHz,0.003775,"Todos los modos, preferido para concurso",2.700,Radioaficionados,Madrid/Nacional,LaRadioCB (plan bandas URE/IARU),SI,Plan de bandas de aficionado (público),"Todos los modos, preferido para concurso"
5 MHz (60 m),kHz,0.005,,5 MHz (60 m),Radioaficionados,Madrid/Nacional,LaRadioCB (plan bandas URE/IARU),SI,Plan de bandas de aficionado (público),
"5.351,5 – 5.354,0",kHz,0.005351,"CW, banda estrecha – Modos digitales",500,Radioaficionados,Madrid/Nacional,LaRadioCB (plan bandas URE/IARU),SI,Plan de bandas de aficionado (público),"CW, banda estrecha – Modos digitales"
"5.354,0 – 5.366,0",kHz,0.005354,"Todos los modos, recomendado para operac",2.7,Radioaficionados,Madrid/Nacional,LaRadioCB (plan bandas URE/IARU),SI,Plan de bandas de aficionado (público),"Todos los modos, recomendado para operac"
"5.366,0 – 5.366,5",kHz,0.005366,Modos de banda estrecha de señal débil,Modos de banda estrecha de señal débil,Radioaficionados,Madrid/Nacional,LaRadioCB (plan bandas URE/IARU),SI,Plan de bandas de aficionado (público),Modos de banda estrecha de señal débil
7 MHz (40 m),kHz,0.007,,7 MHz (40 m),Radioaficionados,Madrid/Nacional,LaRadioCB (plan bandas URE/IARU),SI,Plan de bandas de aficionado (público),
7.000 – 7.040,kHz,0.007,CW,CW,Radioaficionados,Madrid/Nacional,LaRadioCB (plan bandas URE/IARU),SI,Plan de bandas de aficionado (público),CW
7.040 – 7.047,kHz,0.00704,Modos de banda estrecha – Modos digitale,500,Radioaficionados,Madrid/Nacional,LaRadioCB (plan bandas URE/IARU),SI,Plan de bandas de aficionado (público),Modos de banda estrecha – Modos digitale
7.047 – 7.050,kHz,0.007047,Modos de banda estrecha – Modos digitale,500,Radioaficionados,Madrid/Nacional,LaRadioCB (plan bandas URE/IARU),SI,Plan de bandas de aficionado (público),Modos de banda estrecha – Modos digitale
7.050 – 7.053,kHz,0.00705,"Todos los modos – Modos digitales, estac",2.7,Radioaficionados,Madrid/Nacional,LaRadioCB (plan bandas URE/IARU),SI,Plan de bandas de aficionado (público),"Todos los modos – Modos digitales, estac"
7.053 – 7.060,kHz,0.007053,Todos los modos – Modos digitales,2.7,Radioaficionados,Madrid/Nacional,LaRadioCB (plan bandas URE/IARU),SI,Plan de bandas de aficionado (público),Todos los modos – Modos digitales
7.060 – 7.100,kHz,0.00706,Todos los modos Preferido para concursos,Todos los modos Preferido para concursos SSB,Radioaficionados,Madrid/Nacional,LaRadioCB (plan bandas URE/IARU),SI,Plan de bandas de aficionado (público),Todos los modos Preferido para concursos
7.100 – 7.130,kHz,0.0071,Todos los modos,Todos los modos,Radioaficionados,Madrid/Nacional,LaRadioCB (plan bandas URE/IARU),SI,Plan de bandas de aficionado (público),Todos los modos
7.130 – 7.175,kHz,0.00713,Todos los modos Preferido para concursos,Todos los modos Preferido para concursos SSB,Radioaficionados,Madrid/Nacional,LaRadioCB (plan bandas URE/IARU),SI,Plan de bandas de aficionado (público),Todos los modos Preferido para concursos
7.175 – 7.200,kHz,0.007175,Todos los modos Preferido para concursos,2.700,Radioaficionados,Madrid/Nacional,LaRadioCB (plan bandas URE/IARU),SI,Plan de bandas de aficionado (público),Todos los modos Preferido para concursos
10 MHz (30 m),kHz,0.01,,10 MHz (30 m),Radioaficionados,Madrid/Nacional,LaRadioCB (plan bandas URE/IARU),SI,Plan de bandas de aficionado (público),
10.100 – 10.130,kHz,0.0101,CW,CW,Radioaficionados,Madrid/Nacional,LaRadioCB (plan bandas URE/IARU),SI,Plan de bandas de aficionado (público),CW
10.130 – 10.150,kHz,0.01013,Modos de banda estrecha – Modos digitale,500,Radioaficionados,Madrid/Nacional,LaRadioCB (plan bandas URE/IARU),SI,Plan de bandas de aficionado (público),Modos de banda estrecha – Modos digitale
14 MHz (20 m),kHz,0.014,,14 MHz (20 m),Radioaficionados,Madrid/Nacional,LaRadioCB (plan bandas URE/IARU),SI,Plan de bandas de aficionado (público),
14.000 – 14.060,kHz,0.014,"CW, preferido para concursos CW","CW, preferido para concursos CW",Radioaficionados,Madrid/Nacional,LaRadioCB (plan bandas URE/IARU),SI,Plan de bandas de aficionado (público),"CW, preferido para concursos CW"
14.060 – 14.070,kHz,0.01406,CW,CW,Radioaficionados,Madrid/Nacional,LaRadioCB (plan bandas URE/IARU),SI,Plan de bandas de aficionado (público),CW
14.070 – 14.089,kHz,0.01407,Modos de banda estrecha – Modos digitale,500,Radioaficionados,Madrid/Nacional,LaRadioCB (plan bandas URE/IARU),SI,Plan de bandas de aficionado (público),Modos de banda estrecha – Modos digitale
14.089 – 14.099,kHz,0.014089,Modos de banda estrecha – Modos digitale,500,Radioaficionados,Madrid/Nacional,LaRadioCB (plan bandas URE/IARU),SI,Plan de bandas de aficionado (público),Modos de banda estrecha – Modos digitale
14.099 – 14.101,kHz,0.014099,"Balizas internacionales, exclusivamente ","Balizas internacionales, exclusivamente ",Radioaficionados,Madrid/Nacional,LaRadioCB (plan bandas URE/IARU),SI,Plan de bandas de aficionado (público),"Balizas internacionales, exclusivamente "
14.101 – 14.112,kHz,0.014101,"Todos los modos – Modos digitales, estac",2.7,Radioaficionados,Madrid/Nacional,LaRadioCB (plan bandas URE/IARU),SI,Plan de bandas de aficionado (público),"Todos los modos – Modos digitales, estac"
14.112 – 14.125,kHz,0.014112,Todos los modos,Todos los modos,Radioaficionados,Madrid/Nacional,LaRadioCB (plan bandas URE/IARU),SI,Plan de bandas de aficionado (público),Todos los modos
14.125 – 14.300,kHz,0.014125,Todos los modos Preferido para concursos,Todos los modos Preferido para concursos SSB,Radioaficionados,Madrid/Nacional,LaRadioCB (plan bandas URE/IARU),SI,Plan de bandas de aficionado (público),Todos los modos Preferido para concursos
14.300 – 14.350,kHz,0.0143,Todos los modos,Todos los modos,Radioaficionados,Madrid/Nacional,LaRadioCB (plan bandas URE/IARU),SI,Plan de bandas de aficionado (público),Todos los modos
18 MHz (17 m),kHz,0.018,,18 MHz (17 m),Radioaficionados,Madrid/Nacional,LaRadioCB (plan bandas URE/IARU),SI,Plan de bandas de aficionado (público),
18.068 – 18.095,kHz,0.018068,CW,CW,Radioaficionados,Madrid/Nacional,LaRadioCB (plan bandas URE/IARU),SI,Plan de bandas de aficionado (público),CW
18.095 – 18.105,kHz,0.018095,Modos de banda estrecha – Modos digitale,500,Radioaficionados,Madrid/Nacional,LaRadioCB (plan bandas URE/IARU),SI,Plan de bandas de aficionado (público),Modos de banda estrecha – Modos digitale
18.105 – 18.109,kHz,0.018105,Modos de banda estrecha – Modos digitale,500,Radioaficionados,Madrid/Nacional,LaRadioCB (plan bandas URE/IARU),SI,Plan de bandas de aficionado (público),Modos de banda estrecha – Modos digitale
18.109 – 18.111,kHz,0.018109,"Balizas internacionales, exclusivamente ","Balizas internacionales, exclusivamente ",Radioaficionados,Madrid/Nacional,LaRadioCB (plan bandas URE/IARU),SI,Plan de bandas de aficionado (público),"Balizas internacionales, exclusivamente "
18.111 – 18.120,kHz,0.018111,"Todos los modos – Modos digitales, estac",2.7,Radioaficionados,Madrid/Nacional,LaRadioCB (plan bandas URE/IARU),SI,Plan de bandas de aficionado (público),"Todos los modos – Modos digitales, estac"
18.120 – 18.168,kHz,0.01812,Todos los modos,Todos los modos,Radioaficionados,Madrid/Nacional,LaRadioCB (plan bandas URE/IARU),SI,Plan de bandas de aficionado (público),Todos los modos
21 MHz (15 m),kHz,0.021,,21 MHz (15 m),Radioaficionados,Madrid/Nacional,LaRadioCB (plan bandas URE/IARU),SI,Plan de bandas de aficionado (público),
21.000 – 21.070,kHz,0.021,CW,CW,Radioaficionados,Madrid/Nacional,LaRadioCB (plan bandas URE/IARU),SI,Plan de bandas de aficionado (público),CW
21.070 – 21.090,kHz,0.02107,Modos de banda estrecha – Modos digitale,500,Radioaficionados,Madrid/Nacional,LaRadioCB (plan bandas URE/IARU),SI,Plan de bandas de aficionado (público),Modos de banda estrecha – Modos digitale
21.090 – 21.110,kHz,0.02109,Modos de banda estrecha – Modos digitale,500,Radioaficionados,Madrid/Nacional,LaRadioCB (plan bandas URE/IARU),SI,Plan de bandas de aficionado (público),Modos de banda estrecha – Modos digitale
21.110 – 21.120,kHz,0.02111,Todos los modos (no SSB) – Modos digital,2.7,Radioaficionados,Madrid/Nacional,LaRadioCB (plan bandas URE/IARU),SI,Plan de bandas de aficionado (público),Todos los modos (no SSB) – Modos digital
21.120 – 21.149,kHz,0.02112,Modos de banda estrecha,500,Radioaficionados,Madrid/Nacional,LaRadioCB (plan bandas URE/IARU),SI,Plan de bandas de aficionado (público),Modos de banda estrecha
21.149 – 21.151,kHz,0.021149,"Balizas internacionales, exclusivamente ","Balizas internacionales, exclusivamente ",Radioaficionados,Madrid/Nacional,LaRadioCB (plan bandas URE/IARU),SI,Plan de bandas de aficionado (público),"Balizas internacionales, exclusivamente "
21.151 – 21.450,kHz,0.021151,Todos los modos,Todos los modos,Radioaficionados,Madrid/Nacional,LaRadioCB (plan bandas URE/IARU),SI,Plan de bandas de aficionado (público),Todos los modos
24 MHz (12 m),kHz,0.024,,24 MHz (12 m),Radioaficionados,Madrid/Nacional,LaRadioCB (plan bandas URE/IARU),SI,Plan de bandas de aficionado (público),
24.890 – 24.915,kHz,0.02489,CW,CW,Radioaficionados,Madrid/Nacional,LaRadioCB (plan bandas URE/IARU),SI,Plan de bandas de aficionado (público),CW
24.915 – 24.925,kHz,0.024915,Modos de banda estrecha – Modos digitale,500,Radioaficionados,Madrid/Nacional,LaRadioCB (plan bandas URE/IARU),SI,Plan de bandas de aficionado (público),Modos de banda estrecha – Modos digitale
24.925 – 24.929,kHz,0.024925,Modos de banda estrecha – Modos digitale,500,Radioaficionados,Madrid/Nacional,LaRadioCB (plan bandas URE/IARU),SI,Plan de bandas de aficionado (público),Modos de banda estrecha – Modos digitale
24.929 – 24.931,kHz,0.024929,"Balizas internacionales, exclusivamente ","Balizas internacionales, exclusivamente ",Radioaficionados,Madrid/Nacional,LaRadioCB (plan bandas URE/IARU),SI,Plan de bandas de aficionado (público),"Balizas internacionales, exclusivamente "
24.931 – 24.940,kHz,0.024931,"Todos los modos – Modos digitales, estac",2.7,Radioaficionados,Madrid/Nacional,LaRadioCB (plan bandas URE/IARU),SI,Plan de bandas de aficionado (público),"Todos los modos – Modos digitales, estac"
24.940 – 24.990,kHz,0.02494,Todos los modos,Todos los modos,Radioaficionados,Madrid/Nacional,LaRadioCB (plan bandas URE/IARU),SI,Plan de bandas de aficionado (público),Todos los modos
28 MHz (10 m),kHz,0.028,,Segmento de banda de aficionado,Radioaficionados,Madrid/Nacional,LaRadioCB (plan bandas URE/IARU),SI,Plan de bandas de aficionado (público),
28.000 – 28.070,kHz,0.028,CW,CW,Radioaficionados,Madrid/Nacional,LaRadioCB (plan bandas URE/IARU),SI,Plan de bandas de aficionado (público),CW
28.070 – 28.120,kHz,0.02807,Modos de banda estrecha – Modos digitale,500,Radioaficionados,Madrid/Nacional,LaRadioCB (plan bandas URE/IARU),SI,Plan de bandas de aficionado (público),Modos de banda estrecha – Modos digitale
28.120 – 28.150,kHz,0.02812,Modos de banda estrecha – Modos digitale,500,Radioaficionados,Madrid/Nacional,LaRadioCB (plan bandas URE/IARU),SI,Plan de bandas de aficionado (público),Modos de banda estrecha – Modos digitale
28.150 – 28.190,kHz,0.02815,Modos de banda estrecha,500,Radioaficionados,Madrid/Nacional,LaRadioCB (plan bandas URE/IARU),SI,Plan de bandas de aficionado (público),Modos de banda estrecha
28.190 – 28.199,kHz,0.02819,"Balizas internacionales, balizas de la R","Balizas internacionales, balizas de la R",Radioaficionados,Madrid/Nacional,LaRadioCB (plan bandas URE/IARU),SI,Plan de bandas de aficionado (público),"Balizas internacionales, balizas de la R"
28.199 – 28.201,kHz,0.028199,"Balizas internacionales, balizas mundial","Balizas internacionales, balizas mundial",Radioaficionados,Madrid/Nacional,LaRadioCB (plan bandas URE/IARU),SI,Plan de bandas de aficionado (público),"Balizas internacionales, balizas mundial"
28.201 – 28.225,kHz,0.028201,"Balizas internacionales, balizas en serv","Balizas internacionales, balizas en serv",Radioaficionados,Madrid/Nacional,LaRadioCB (plan bandas URE/IARU),SI,Plan de bandas de aficionado (público),"Balizas internacionales, balizas en serv"
28.225 – 28.300,kHz,0.028225,Todos los modos – Balizas,2.7,Radioaficionados,Madrid/Nacional,LaRadioCB (plan bandas URE/IARU),SI,Plan de bandas de aficionado (público),Todos los modos – Balizas
28.300 – 28.320,kHz,0.0283,"Todos los modos – Modos digitales, estac",2.7,Radioaficionados,Madrid/Nacional,LaRadioCB (plan bandas URE/IARU),SI,Plan de bandas de aficionado (público),"Todos los modos – Modos digitales, estac"
28.320 – 29.000,kHz,0.02832,Todos los modos,Todos los modos,Radioaficionados,Madrid/Nacional,LaRadioCB (plan bandas URE/IARU),SI,Plan de bandas de aficionado (público),Todos los modos
29.000 – 29.100,kHz,0.029,Todos los modos,6,Radioaficionados,Madrid/Nacional,LaRadioCB (plan bandas URE/IARU),SI,Plan de bandas de aficionado (público),Todos los modos
29.100 – 29.200,kHz,0.0291,Todos los modos – FM simplex – Canales d,6,Radioaficionados,Madrid/Nacional,LaRadioCB (plan bandas URE/IARU),SI,Plan de bandas de aficionado (público),Todos los modos – FM simplex – Canales d
29.200 – 29.300,kHz,0.0292,"Todos los modos – Modos digitales, estac",6,Radioaficionados,Madrid/Nacional,LaRadioCB (plan bandas URE/IARU),SI,Plan de bandas de aficionado (público),"Todos los modos – Modos digitales, estac"
29.300 – 29.510,kHz,0.0293,Enlaces de satélites,6,Radioaficionados,Madrid/Nacional,LaRadioCB (plan bandas URE/IARU),SI,Plan de bandas de aficionado (público),Enlaces de satélites
29.510 – 29.520,kHz,0.02951,Canal de reserva,Canal de reserva,Radioaficionados,Madrid/Nacional,LaRadioCB (plan bandas URE/IARU),SI,Plan de bandas de aficionado (público),Canal de reserva
29.520 – 29.590,kHz,0.02952,Todos los modos – Entrada de repetidores,6,Radioaficionados,Madrid/Nacional,LaRadioCB (plan bandas URE/IARU),SI,Plan de bandas de aficionado (público),Todos los modos – Entrada de repetidores
29.6,kHz,0.0296,Todos los modos – Canal de llamada FM,6,Radioaficionados,Madrid/Nacional,LaRadioCB (plan bandas URE/IARU),SI,Plan de bandas de aficionado (público),Todos los modos – Canal de llamada FM
29.61,kHz,0.02961,Todos los modos – Repetidor FM simplex,6,Radioaficionados,Madrid/Nacional,LaRadioCB (plan bandas URE/IARU),SI,Plan de bandas de aficionado (público),Todos los modos – Repetidor FM simplex
29.620 – 29.700,kHz,0.02962,Todos los modos – Salida de repetidores ,6,Radioaficionados,Madrid/Nacional,LaRadioCB (plan bandas URE/IARU),SI,Plan de bandas de aficionado (público),Todos los modos – Salida de repetidores 
50.000 50.100,kHz,0.05,Telegrafía en ex- clusiva (excepto baliz,Reservado para el futuro Proyecto de Balizas Sincronizadas: (a) 50.000 – 50.010 Región 1 5,Radioaficionados,Madrid/Nacional,LaRadioCB (plan bandas URE/IARU),SI,Plan de bandas de aficionado (público),Telegrafía en ex- clusiva (excepto baliz
50.100 50.200,kHz,0.0501,SSB Telegrafía,Segmento preferente para contactos internacionales 50.100 – 50.130 Segmento intercontinent,Radioaficionados,Madrid/Nacional,LaRadioCB (plan bandas URE/IARU),SI,Plan de bandas de aficionado (público),SSB Telegrafía
50.200 50.300,kHz,0.0502,SSB Telegrafía,Uso general 50.285 Para uso en banda cruzada,Radioaficionados,Madrid/Nacional,LaRadioCB (plan bandas URE/IARU),SI,Plan de bandas de aficionado (público),SSB Telegrafía
50.300 50.400,kHz,0.0503,MGM Banda estrecha Telegrafía,50.305 Centro de actividad PSK 50.310 – 50.320 Centro de actividad EME 50.320 – 50.380 Cen,Radioaficionados,Madrid/Nacional,LaRadioCB (plan bandas URE/IARU),SI,Plan de bandas de aficionado (público),MGM Banda estrecha Telegrafía
50.400 50.500,kHz,0.0504,MGM Telegrafía,Balizas en exclusiva 50.401 Balizas WSPR (+/- 500 Hz),Radioaficionados,Madrid/Nacional,LaRadioCB (plan bandas URE/IARU),SI,Plan de bandas de aficionado (público),MGM Telegrafía
50.500 52.000,kHz,0.0505,Todos los modos,Todos los modos,Radioaficionados,Madrid/Nacional,LaRadioCB (plan bandas URE/IARU),SI,Plan de bandas de aficionado (público),Todos los modos
70.150 70.200,kHz,0.07015,Todos los modos,Todos los modos,Radioaficionados,Madrid/Nacional,LaRadioCB (plan bandas URE/IARU),SI,Plan de bandas de aficionado (público),Todos los modos
"135,7 – 137,8",kHz,0.1357,"CW, QRSS y modos digitales de banda estr",200,Radioaficionados,Madrid/Nacional,LaRadioCB (plan bandas URE/IARU),SI,Plan de bandas de aficionado (público),"CW, QRSS y modos digitales de banda estr"
137 kHz (2.200 m),kHz,0.137,,137 kHz (2.200 m),Radioaficionados,Madrid/Nacional,LaRadioCB (plan bandas URE/IARU),SI,Plan de bandas de aficionado (público),
144.000 144.110,kHz,0.144,Telegrafía (a) EME,Satélites Llamada CW MS sin cita previa,Radioaficionados,Madrid/Nacional,LaRadioCB (plan bandas URE/IARU),SI,Plan de bandas de aficionado (público),Telegrafía (a) EME
144.110 144.150,kHz,0.14411,Telegrafía MGM,"EME, MGM Centro de actividad PSK31",Radioaficionados,Madrid/Nacional,LaRadioCB (plan bandas URE/IARU),SI,Plan de bandas de aficionado (público),Telegrafía MGM
144.150 144.180,kHz,0.14415,"Telegrafía, SSB, MGM",Segmento alternativo MGM Llamada alternativa MGM,Radioaficionados,Madrid/Nacional,LaRadioCB (plan bandas URE/IARU),SI,Plan de bandas de aficionado (público),"Telegrafía, SSB, MGM"
144.180 144.360,kHz,0.14418,Telegrafía y SSB,MS SSB sin cita alternativa Llamada SSB,Radioaficionados,Madrid/Nacional,LaRadioCB (plan bandas URE/IARU),SI,Plan de bandas de aficionado (público),Telegrafía y SSB
144.360 144.399,kHz,0.14436,"Telegrafía, SSB, MGM",Llamada FSK441,Radioaficionados,Madrid/Nacional,LaRadioCB (plan bandas URE/IARU),SI,Plan de bandas de aficionado (público),"Telegrafía, SSB, MGM"
144.400 144.491,kHz,0.1444,Telegrafía MGM,Balizas WSPR,Radioaficionados,Madrid/Nacional,LaRadioCB (plan bandas URE/IARU),SI,Plan de bandas de aficionado (público),Telegrafía MGM
144.500 144.794,kHz,0.1445,Todos los modos (b),Llamada SSTV Llamada/respuesta ATV SSB Llamada RTTY Salida transpondedor lineal Entrada tr,Radioaficionados,Madrid/Nacional,LaRadioCB (plan bandas URE/IARU),SI,Plan de bandas de aficionado (público),Todos los modos (b)
144.794 144.9695,kHz,0.144794,MGM (c) Comunicaciones digitales,APRS DV – Pasarela de voz a Internet DV – Pasarela de voz a Internet DV – Pasarela de voz ,Radioaficionados,Madrid/Nacional,LaRadioCB (plan bandas URE/IARU),SI,Plan de bandas de aficionado (público),MGM (c) Comunicaciones digitales
144.975 145.194,kHz,0.144975,FM/Voz digital (DV),Entrada de repetidores DV Entrada de repetidores en exclusiva (d),Radioaficionados,Madrid/Nacional,LaRadioCB (plan bandas URE/IARU),SI,Plan de bandas de aficionado (público),FM/Voz digital (DV)
145.194 145.206,kHz,0.145194,FM/Voz digital (e),Comunicaciones espaciales (f),Radioaficionados,Madrid/Nacional,LaRadioCB (plan bandas URE/IARU),SI,Plan de bandas de aficionado (público),FM/Voz digital (e)
145.206 145.5625,kHz,0.145206,FM/Voz digital (e),Pasarela de voz a Internet en FM Pasarela de voz a Internet en FM RTTY local Pasarela de v,Radioaficionados,Madrid/Nacional,LaRadioCB (plan bandas URE/IARU),SI,Plan de bandas de aficionado (público),FM/Voz digital (e)
145.5750 145.7935,kHz,0.145575,FM/Voz digital,"Salida de repetidores de voz digital Salida de repetidores en exclusiva (d, g)",Radioaficionados,Madrid/Nacional,LaRadioCB (plan bandas URE/IARU),SI,Plan de bandas de aficionado (público),FM/Voz digital
145.794 145.806,kHz,0.145794,FM/Voz digital (e),Comunicaciones espaciales (f),Radioaficionados,Madrid/Nacional,LaRadioCB (plan bandas URE/IARU),SI,Plan de bandas de aficionado (público),FM/Voz digital (e)
145.806 146.000,kHz,0.145806,Todos los modos (h),Todos los modos (h),Radioaficionados,Madrid/Nacional,LaRadioCB (plan bandas URE/IARU),SI,Plan de bandas de aficionado (público),Todos los modos (h)
0.319,MHz,0.319,AM,NDB Colmenar Viejo (ECV),Utilidad,Madrid / Sierra,"RADIO://es (Notion, curado)",SI,Curado y verificado en el proyecto,"Radiofaro no direccional (319 kHz, CW 'ECV'). Objetivo clasico de escucha de NDBs con SDR."
0.371,MHz,0.371,AM,NDB Sintra (STR),Utilidad,Global,"RADIO://es (Notion, curado)",SI,Curado y verificado en el proyecto,"Radiofaro no direccional (371 kHz, CW 'STR'), Portugal. Recibible desde el oeste peninsular."
0.421,MHz,0.421,AM,NDB Getafe (GE),Utilidad,Madrid / Sierra,"RADIO://es (Notion, curado)",SI,Curado y verificado en el proyecto,"Radiofaro no direccional (421 kHz, CW 'GE'). Area de Madrid. Escucha de NDBs con SDR."
430.000 Plan de ban- da subregio- nal (nacional) (a) 431.975,kHz,0.43,Todos los modos,"430.025 – 430.375 Salida repetidores FM (F/PA/ON), canales de 12,5 kHz, desplazamiento de ",Radioaficionados,Madrid/Nacional,LaRadioCB (plan bandas URE/IARU),SI,Plan de bandas de aficionado (público),Todos los modos
0.4305,MHz,0.4305,Digital,NAVTEX 490/518 kHz,Utilidad,Global,"RADIO://es (Notion, curado)",SI,Curado y verificado en el proyecto,Boletines de seguridad maritima (FEC). 518 internacional / 490 nacional. SDR + software NAVTEX.
432.000 432.025,kHz,0.432,Telegrafía (g),Rebote lunar,Radioaficionados,Madrid/Nacional,LaRadioCB (plan bandas URE/IARU),SI,Plan de bandas de aficionado (público),Telegrafía (g)
432.025 432.100,kHz,0.432025,Telegrafía (b) MGM,432.050 Centro de actividad en telegrafía 432.088 Centro de actividad en PSK31,Radioaficionados,Madrid/Nacional,LaRadioCB (plan bandas URE/IARU),SI,Plan de bandas de aficionado (público),Telegrafía (b) MGM
432.100 432.400,kHz,0.4321,Telegrafía SSB MGM,432.200 Centro de actividad en SSB 432.350 Centro de actividad llamada-respuesta 432.370 L,Radioaficionados,Madrid/Nacional,LaRadioCB (plan bandas URE/IARU),SI,Plan de bandas de aficionado (público),Telegrafía SSB MGM
432.400 432.490,kHz,0.4324,Telegrafía MGM,Balizas en exclusiva (h),Radioaficionados,Madrid/Nacional,LaRadioCB (plan bandas URE/IARU),SI,Plan de bandas de aficionado (público),Telegrafía MGM
432.500 432.975,kHz,0.4325,Todos los modos,432.500 Frecuencia APRS alternativa 432.600 RTTY (ASK/PSK) 432.700 FAX (ASK) Entrada repet,Radioaficionados,Madrid/Nacional,LaRadioCB (plan bandas URE/IARU),SI,Plan de bandas de aficionado (público),Todos los modos
433.000 433.375,kHz,0.433,FM Voz digital Repetidores,"Entrada repetidores, canales de 25 kHz, desplaza- miento de 1,6 MHz (canales: 433.000-433.",Radioaficionados,Madrid/Nacional,LaRadioCB (plan bandas URE/IARU),SI,Plan de bandas de aficionado (público),FM Voz digital Repetidores
433.400 433.575,kHz,0.4334,FM Voz digital (j),433.400 SSTV (FM/AFSK) 433.450 Llamada voz digital 433.500 Llamada FM Canales simplex de 2,Radioaficionados,Madrid/Nacional,LaRadioCB (plan bandas URE/IARU),SI,Plan de bandas de aficionado (público),FM Voz digital (j)
433.600 434.000,kHz,0.4336,Todos los modos,"433.600 RTTY (AFSK/FM) 433.625 – 433.775 Comunicaciones digitales (c, k, l) 433.700 Fax (F",Radioaficionados,Madrid/Nacional,LaRadioCB (plan bandas URE/IARU),SI,Plan de bandas de aficionado (público),Todos los modos
434.000 434.594,kHz,0.434,Todos los modos y ATV (n),434.450 – 434.5475 Canales para comunicaciones digitales (excepcional- mente) (c),Radioaficionados,Madrid/Nacional,LaRadioCB (plan bandas URE/IARU),SI,Plan de bandas de aficionado (público),Todos los modos y ATV (n)
434.594 434.981,kHz,0.434594,ATV y FM (n),"Salida repetidores, canales de 25 kHz, desplazamien- to de 1,6 MHz (canales: 434.600 – 434",Radioaficionados,Madrid/Nacional,LaRadioCB (plan bandas URE/IARU),SI,Plan de bandas de aficionado (público),ATV y FM (n)
435.000 438.000,kHz,0.435,Satélites y ATV (n),Satélites y ATV (n),Radioaficionados,Madrid/Nacional,LaRadioCB (plan bandas URE/IARU),SI,Plan de bandas de aficionado (público),Satélites y ATV (n)
438.000 ATV (m) y plan banda subregional (nacional (a) 440.0,kHz,0.438,Todos los modos,Todos los modos,Radioaficionados,Madrid/Nacional,LaRadioCB (plan bandas URE/IARU),SI,Plan de bandas de aficionado (público),Todos los modos
472 – 475,kHz,0.472,CW,200,Radioaficionados,Madrid/Nacional,LaRadioCB (plan bandas URE/IARU),SI,Plan de bandas de aficionado (público),CW
475 kHz (630 m),kHz,0.475,,475 kHz (630 m),Radioaficionados,Madrid/Nacional,LaRadioCB (plan bandas URE/IARU),SI,Plan de bandas de aficionado (público),
475 – 479,kHz,0.475,"CW, modos digitales",200,Radioaficionados,Madrid/Nacional,LaRadioCB (plan bandas URE/IARU),SI,Plan de bandas de aficionado (público),"CW, modos digitales"
"1.240,000 1.243,250",MHz,1.24,Todos los modos,"Comunicaciones digitales (a) Salida repetidores, canales RS1-RS10 Salida repetidores, cana",Radioaficionados,Madrid/Nacional,LaRadioCB (plan bandas URE/IARU),SI,Plan de bandas de aficionado (público),Todos los modos
"1.243,250 1.260,000",MHz,1.243,ATV ATV Digital,"Salida repetidores, canales R20-R68",Radioaficionados,Madrid/Nacional,LaRadioCB (plan bandas URE/IARU),SI,Plan de bandas de aficionado (público),ATV ATV Digital
"1.260,000 1.270,000",MHz,1.26,Satélites,Satélites,Radioaficionados,Madrid/Nacional,LaRadioCB (plan bandas URE/IARU),SI,Plan de bandas de aficionado (público),Satélites
1.260- 2.680- 5.450- 7.300- 10.100- 14.0,—,1.26,—,"Frecuencias RTTY y otros modos digitales utilizados en bandas de HF. Si te instalas un programa especial, se puede decod",Uso común,Nacional,Listado frecuencias radio España,SI,Banda pública general,
"1.270,000 1.272,000",MHz,1.27,Todos los modos,"Entrada repetidores, canales RS1-RS28 Radiopaquete dúplex, canales RS29-RS50",Radioaficionados,Madrid/Nacional,LaRadioCB (plan bandas URE/IARU),SI,Plan de bandas de aficionado (público),Todos los modos
"1.272,000 1.090,994",MHz,1.272,ATV,Incluye DATV,Radioaficionados,Madrid/Nacional,LaRadioCB (plan bandas URE/IARU),SI,Plan de bandas de aficionado (público),ATV
"1.290,994 1.291,481",MHz,1.29,"Entrada repetidores FM, voz digital","Canales de 25 kHz, RM0 a RM19",Radioaficionados,Madrid/Nacional,LaRadioCB (plan bandas URE/IARU),SI,Plan de bandas de aficionado (público),"Entrada repetidores FM, voz digital"
"1.291,494 1.296,000",MHz,1.291,Todos los modos,"Entrada repetidores, canales R20 – R68.",Radioaficionados,Madrid/Nacional,LaRadioCB (plan bandas URE/IARU),SI,Plan de bandas de aficionado (público),Todos los modos
"1.296,000 1.296,150",MHz,1.296,Telegrafía MGM,Rebote lunar Centro de actividad en PSK31,Radioaficionados,Madrid/Nacional,LaRadioCB (plan bandas URE/IARU),SI,Plan de bandas de aficionado (público),Telegrafía MGM
"1.296,150 1.296,800",MHz,1.296,Telegrafía SSB MGM,Centro actividad en banda estrecha Entrada de transpondedores lineales Centro de imagen (S,Radioaficionados,Madrid/Nacional,LaRadioCB (plan bandas URE/IARU),SI,Plan de bandas de aficionado (público),Telegrafía SSB MGM
"1.296,800 1.296,994",MHz,1.296,,Balizas en exclusiva (b),Radioaficionados,Madrid/Nacional,LaRadioCB (plan bandas URE/IARU),SI,Plan de bandas de aficionado (público),
"1.296,994 1.297,481",MHz,1.296,Salida repetidores FM,"Canales de 25 kHz, RM0 – RM19",Radioaficionados,Madrid/Nacional,LaRadioCB (plan bandas URE/IARU),SI,Plan de bandas de aficionado (público),Salida repetidores FM
"1.297,494 1.297,981",MHz,1.297,FM (c) Voz digital (d),"Canales símplex de 25 kHz, SM20 – SM39 Centro de actividad FM Llamada de voz digital Pasar",Radioaficionados,Madrid/Nacional,LaRadioCB (plan bandas URE/IARU),SI,Plan de bandas de aficionado (público),FM (c) Voz digital (d)
"1.298,000 1.299,000",MHz,1.298,Todos los modos,Uso mixto analógico o digital (canales RS1 – RS39),Radioaficionados,Madrid/Nacional,LaRadioCB (plan bandas URE/IARU),SI,Plan de bandas de aficionado (público),Todos los modos
"1.299,000 1.299,750",MHz,1.299,Todos los modos,Datos digitales en alta velocidad (5 canales),Radioaficionados,Madrid/Nacional,LaRadioCB (plan bandas URE/IARU),SI,Plan de bandas de aficionado (público),Todos los modos
"1.299,750 1.300,000",MHz,1.299,Todos los modos,FM o voz digital (8 canales),Radioaficionados,Madrid/Nacional,LaRadioCB (plan bandas URE/IARU),SI,Plan de bandas de aficionado (público),Todos los modos
"2.300,000 2.320,000",MHz,2.3,Todos los modos,Todos los modos,Radioaficionados,Madrid/Nacional,LaRadioCB (plan bandas URE/IARU),SI,Plan de bandas de aficionado (público),Todos los modos
"2.320,000 2.320,150",MHz,2.32,CW,"2.320,000 – 2.320,025 Rebote lunar 2.320,138 Centro de actividad PSK31",Radioaficionados,Madrid/Nacional,LaRadioCB (plan bandas URE/IARU),SI,Plan de bandas de aficionado (público),CW
"2.320,150 2.320,800",MHz,2.32,CW/SSB,"2.320,200 Centro de actividad SSB 2.320,750 – 2.320,800 Balizas locales",Radioaficionados,Madrid/Nacional,LaRadioCB (plan bandas URE/IARU),SI,Plan de bandas de aficionado (público),CW/SSB
"2.320,800 2.321,000",MHz,2.32,Balizas en exclusiva,Balizas en exclusiva,Radioaficionados,Madrid/Nacional,LaRadioCB (plan bandas URE/IARU),SI,Plan de bandas de aficionado (público),Balizas en exclusiva
"2.321,000 2.322,000",MHz,2.321,FM y voz digital Símplex y repetidores,FM y voz digital Símplex y repetidores,Radioaficionados,Madrid/Nacional,LaRadioCB (plan bandas URE/IARU),SI,Plan de bandas de aficionado (público),FM y voz digital Símplex y repetidores
"2.322,000 2.400,000",MHz,2.322,Todos los modos,2.322 – 2.355 ATV 2.355 – 2.365 Comunicaciones digitales 2.365 – 2.370 Repetidores 2.370 –,Radioaficionados,Madrid/Nacional,LaRadioCB (plan bandas URE/IARU),SI,Plan de bandas de aficionado (público),Todos los modos
"2.400,000 2.450,000",MHz,2.4,Satélites,Satélites,Radioaficionados,Madrid/Nacional,LaRadioCB (plan bandas URE/IARU),SI,Plan de bandas de aficionado (público),Satélites
3.137,MHz,3.137,USB,EA,Aeronáutica,Madrid/Nacional,escanerfrecuencias (listado Madrid),SI,Banda pública / uso común,
4.7385,MHz,4.7385,USB,EA,Aeronáutica,Madrid/Nacional,escanerfrecuencias (listado Madrid),SI,Banda pública / uso común,
5.45,MHz,5.45,USB,Gibraltar VOLMET (HF),Aeronautica,Global,"RADIO://es (Notion, curado)",SI,Curado y verificado en el proyecto,Meteo aeronautica HF (USB) para el Estrecho. Recibible con SDR HF.
5.505,MHz,5.505,USB,Shannon VOLMET (HF),Aeronautica,Global,"RADIO://es (Notion, curado)",SI,Curado y verificado en el proyecto,Meteo aeronautica HF (USB). Tambien en 3.413 MHz. Recibible con SDR HF desde toda la peninsula.
5.529,MHz,5.529,USB,OPERACIONES IBERIA,Aeronáutica,Madrid/Nacional,escanerfrecuencias (listado Madrid),SI,Banda pública / uso común,
5.595,MHz,5.595,USB,COORDINACION AVION - BARCO,Marítima,Madrid/Nacional,escanerfrecuencias (listado Madrid),SI,Banda pública / uso común,
"5.650,000 5.668,000",MHz,5.65,Todos los modos,Subida de satélites,Radioaficionados,Madrid/Nacional,LaRadioCB (plan bandas URE/IARU),SI,Plan de bandas de aficionado (público),Todos los modos
"5.668,000 5.670,000",MHz,5.668,Todos los modos,"Bajada de satélites 5.668,200 Centro de actividad en banda estrecha",Radioaficionados,Madrid/Nacional,LaRadioCB (plan bandas URE/IARU),SI,Plan de bandas de aficionado (público),Todos los modos
"5.670,000 5.700,000",MHz,5.67,MGM,MGM,Radioaficionados,Madrid/Nacional,LaRadioCB (plan bandas URE/IARU),SI,Plan de bandas de aficionado (público),MGM
5.698,MHz,5.698,USB,EA,Aeronáutica,Madrid/Nacional,escanerfrecuencias (listado Madrid),SI,Banda pública / uso común,
"5.700,000 5.720,000",MHz,5.7,ATV,ATV,Radioaficionados,Madrid/Nacional,LaRadioCB (plan bandas URE/IARU),SI,Plan de bandas de aficionado (público),ATV
5.702,MHz,5.702,USB,EA,Aeronáutica,Madrid/Nacional,escanerfrecuencias (listado Madrid),SI,Banda pública / uso común,
"5.720,000 5.760,000",MHz,5.72,Todos los modos,Todos los modos,Radioaficionados,Madrid/Nacional,LaRadioCB (plan bandas URE/IARU),SI,Plan de bandas de aficionado (público),Todos los modos
"5.760,000 5.760,800",MHz,5.76,Todos los modos,"5.760,200 Centro de actividad en banda estrecha 5.760,750 – 5.760,800 Balizas locales",Radioaficionados,Madrid/Nacional,LaRadioCB (plan bandas URE/IARU),SI,Plan de bandas de aficionado (público),Todos los modos
"5.760,800 5.760,990",MHz,5.76,Telegrafía MGM,Balizas solamente,Radioaficionados,Madrid/Nacional,LaRadioCB (plan bandas URE/IARU),SI,Plan de bandas de aficionado (público),Telegrafía MGM
"5.761,000 5.790,000",MHz,5.761,Todos los modos,Todos los modos,Radioaficionados,Madrid/Nacional,LaRadioCB (plan bandas URE/IARU),SI,Plan de bandas de aficionado (público),Todos los modos
"5.790,000 5.850,000",MHz,5.79,Todos los modos,Todos los modos,Radioaficionados,Madrid/Nacional,LaRadioCB (plan bandas URE/IARU),SI,Plan de bandas de aficionado (público),Todos los modos
6.715,MHz,6.715,USB,EA,Aeronáutica,Madrid/Nacional,escanerfrecuencias (listado Madrid),SI,Banda pública / uso común,
6.72,MHz,6.72,USB,S.A.R,Aeronáutica,Madrid/Nacional,escanerfrecuencias (listado Madrid),SI,Banda pública / uso común,
6.73,MHz,6.73,USB,EA,Aeronáutica,Madrid/Nacional,escanerfrecuencias (listado Madrid),SI,Banda pública / uso común,
6.737,MHz,6.737,USB,EA,Aeronáutica,Madrid/Nacional,escanerfrecuencias (listado Madrid),SI,Banda pública / uso común,
7.09,MHz,7.09,LSB,Banda 40m SSB (llamada EA),Radioaficionados,Nacional,"RADIO://es (Notion, curado)",SI,Curado y verificado en el proyecto,"Fonia LSB en 40 m, muy activa entre estaciones EA por la tarde/noche. Plan IARU R1."
7.6967,MHz,7.6967,USB,EA,Aeronáutica,Madrid/Nacional,escanerfrecuencias (listado Madrid),SI,Banda pública / uso común,
7.6972,MHz,7.6972,USB,EA,Aeronáutica,Madrid/Nacional,escanerfrecuencias (listado Madrid),SI,Banda pública / uso común,
7.727,MHz,7.727,USB,EA,Aeronáutica,Madrid/Nacional,escanerfrecuencias (listado Madrid),SI,Banda pública / uso común,
8.0118,MHz,8.0118,USB,EA,Aeronáutica,Madrid/Nacional,escanerfrecuencias (listado Madrid),SI,Banda pública / uso común,
8.0122,MHz,8.0122,USB,EA,Aeronáutica,Madrid/Nacional,escanerfrecuencias (listado Madrid),SI,Banda pública / uso común,
8.825,MHz,8.825,USB,Aviacion civil HF (rutas oceanicas),Aeronautica,Global,"RADIO://es (Notion, curado)",SI,Curado y verificado en el proyecto,HF de aviacion civil en SSB para rutas transoceanicas fuera de cobertura VHF.
8.861,MHz,8.861,USB,CANARIAS,Aeronáutica,Madrid/Nacional,escanerfrecuencias (listado Madrid),SI,Banda pública / uso común,
8.936,MHz,8.936,USB,OPERACIONES IBERIA,Aeronáutica,Madrid/Nacional,escanerfrecuencias (listado Madrid),SI,Banda pública / uso común,
8.974,MHz,8.974,USB,EA,Aeronáutica,Madrid/Nacional,escanerfrecuencias (listado Madrid),SI,Banda pública / uso común,
9.014,MHz,9.014,USB,EA,Aeronáutica,Madrid/Nacional,escanerfrecuencias (listado Madrid),SI,Banda pública / uso común,
9.9465,MHz,9.9465,USB,EA,Aeronáutica,Madrid/Nacional,escanerfrecuencias (listado Madrid),SI,Banda pública / uso común,
10.027,MHz,10.027,USB,OPERACIONES IBERIA,Aeronáutica,Madrid/Nacional,escanerfrecuencias (listado Madrid),SI,Banda pública / uso común,
11.0165,MHz,11.0165,USB,EA,Aeronáutica,Madrid/Nacional,escanerfrecuencias (listado Madrid),SI,Banda pública / uso común,
11.34,MHz,11.34,USB,OPERACIONES SPANAIR,Aeronáutica,Madrid/Nacional,escanerfrecuencias (listado Madrid),SI,Banda pública / uso común,
11.345,MHz,11.345,USB,"OPERACIONES IBERIA, AIR EUROPA",Aeronáutica,Madrid/Nacional,escanerfrecuencias (listado Madrid),SI,Banda pública / uso común,
11.4155,MHz,11.4155,USB,EA,Aeronáutica,Madrid/Nacional,escanerfrecuencias (listado Madrid),SI,Banda pública / uso común,
13.215,MHz,13.215,USB,EA,Aeronáutica,Madrid/Nacional,escanerfrecuencias (listado Madrid),SI,Banda pública / uso común,
13.327,MHz,13.327,USB,OPERACIONES IBERIA,Aeronáutica,Madrid/Nacional,escanerfrecuencias (listado Madrid),SI,Banda pública / uso común,
13.4145,MHz,13.4145,USB,EA,Aeronáutica,Madrid/Nacional,escanerfrecuencias (listado Madrid),SI,Banda pública / uso común,
14.074,MHz,14.074,Digital,FT8 20m (14.074),Radioaficionados,Global,"RADIO://es (Notion, curado)",SI,Curado y verificado en el proyecto,"FT8 en 20 m, el modo digital mas popular. Decodificable con WSJT-X + SDR."
14.2,MHz,14.2,USB,Banda 20m SSB (DX),Radioaficionados,Global,"RADIO://es (Notion, curado)",SI,Curado y verificado en el proyecto,"Fonia USB en 20 m, banda reina de DX diurno. Contactos intercontinentales."
15.9465,MHz,15.9465,USB,EA,Aeronáutica,Madrid/Nacional,escanerfrecuencias (listado Madrid),SI,Banda pública / uso común,
17.94,MHz,17.94,USB,MADRID RADIO,Aeronáutica,Madrid/Nacional,escanerfrecuencias (listado Madrid),SI,Banda pública / uso común,
17.967,MHz,17.967,USB,OPERACIONES IBERIA,Aeronáutica,Madrid/Nacional,escanerfrecuencias (listado Madrid),SI,Banda pública / uso común,
18.5975,MHz,18.5975,USB,EA,Aeronáutica,Madrid/Nacional,escanerfrecuencias (listado Madrid),SI,Banda pública / uso común,
21.967,MHz,21.967,USB,OPERACIONES IBERIA,Aeronáutica,Madrid/Nacional,escanerfrecuencias (listado Madrid),SI,Banda pública / uso común,
26.965,MHz,26.965,NFM,RADIO AFICIONADOS CB,Radioaficionados,Madrid/Nacional,escanerfrecuencias (listado Madrid),SI,Banda pública / uso común,
26.975,MHz,26.975,NFM,RADIO AFICIONADOS CB,Radioaficionados,Madrid/Nacional,escanerfrecuencias (listado Madrid),SI,Banda pública / uso común,
26.985,MHz,26.985,NFM,RADIO AFICIONADOS CB,Radioaficionados,Madrid/Nacional,escanerfrecuencias (listado Madrid),SI,Banda pública / uso común,
27 MHz,—,27,—,"Banda Ciudadana (CB): Usualmente para comunicaciones de voz sin codificar, por ejemplo por camioneros o cualquier otra p",Radioaficionados,Nacional,Listado frecuencias radio España,SI,Banda de aficionado/CB,
27.005,MHz,27.005,NFM,RADIO AFICIONADOS CB,Radioaficionados,Madrid/Nacional,escanerfrecuencias (listado Madrid),SI,Banda pública / uso común,
27.005,MHz,27.005,AM,Banda Ciudadana CB-27 (Canal 1),Utilidad,Nacional,"RADIO://es (Notion, curado)",SI,Curado y verificado en el proyecto,"Banda ciudadana 26.965-27.405 MHz, 40 canales, hasta 5 W. Camioneros, agricultores, 4x4."
27.015,MHz,27.015,NFM,RADIO AFICIONADOS CB,Radioaficionados,Madrid/Nacional,escanerfrecuencias (listado Madrid),SI,Banda pública / uso común,
27.025,MHz,27.025,NFM,RADIO AFICIONADOS CB,Radioaficionados,Madrid/Nacional,escanerfrecuencias (listado Madrid),SI,Banda pública / uso común,
27.035,MHz,27.035,NFM,RADIO AFICIONADOS CB,Radioaficionados,Madrid/Nacional,escanerfrecuencias (listado Madrid),SI,Banda pública / uso común,
27.055,MHz,27.055,NFM,RADIO AFICIONADOS CB,Radioaficionados,Madrid/Nacional,escanerfrecuencias (listado Madrid),SI,Banda pública / uso común,
27.065,MHz,27.065,NFM,RADIO AFICIONADOS CB,Radioaficionados,Madrid/Nacional,escanerfrecuencias (listado Madrid),SI,Banda pública / uso común,
27.075,MHz,27.075,NFM,RADIO AFICIONADOS CB,Radioaficionados,Madrid/Nacional,escanerfrecuencias (listado Madrid),SI,Banda pública / uso común,
27.085,MHz,27.085,NFM,RADIO AFICIONADOS CB,Radioaficionados,Madrid/Nacional,escanerfrecuencias (listado Madrid),SI,Banda pública / uso común,
27.105,MHz,27.105,NFM,RADIO AFICIONADOS CB,Radioaficionados,Madrid/Nacional,escanerfrecuencias (listado Madrid),SI,Banda pública / uso común,
27.115,MHz,27.115,NFM,RADIO AFICIONADOS CB,Radioaficionados,Madrid/Nacional,escanerfrecuencias (listado Madrid),SI,Banda pública / uso común,
27.125,MHz,27.125,NFM,RADIO AFICIONADOS CB,Radioaficionados,Madrid/Nacional,escanerfrecuencias (listado Madrid),SI,Banda pública / uso común,
27.135,MHz,27.135,NFM,RADIO AFICIONADOS CB,Radioaficionados,Madrid/Nacional,escanerfrecuencias (listado Madrid),SI,Banda pública / uso común,
27.155,MHz,27.155,NFM,RADIO AFICIONADOS CB,Radioaficionados,Madrid/Nacional,escanerfrecuencias (listado Madrid),SI,Banda pública / uso común,
27.165,MHz,27.165,NFM,RADIO AFICIONADOS CB,Radioaficionados,Madrid/Nacional,escanerfrecuencias (listado Madrid),SI,Banda pública / uso común,
27.175,MHz,27.175,NFM,RADIO AFICIONADOS CB,Radioaficionados,Madrid/Nacional,escanerfrecuencias (listado Madrid),SI,Banda pública / uso común,
27.185,MHz,27.185,NFM,RADIO AFICIONADOS CB,Radioaficionados,Madrid/Nacional,escanerfrecuencias (listado Madrid),SI,Banda pública / uso común,
27.185,MHz,27.185,AM,Banda Ciudadana CB-27 (Canal 19),Utilidad,Nacional,"RADIO://es (Notion, curado)",SI,Curado y verificado en el proyecto,Canal 19: el de carretera por excelencia entre camioneros en Espana. AM.
27.205,MHz,27.205,NFM,RADIO AFICIONADOS CB,Radioaficionados,Madrid/Nacional,escanerfrecuencias (listado Madrid),SI,Banda pública / uso común,
27.215,MHz,27.215,NFM,RADIO AFICIONADOS CB,Radioaficionados,Madrid/Nacional,escanerfrecuencias (listado Madrid),SI,Banda pública / uso común,
27.225,MHz,27.225,NFM,RADIO AFICIONADOS CB,Radioaficionados,Madrid/Nacional,escanerfrecuencias (listado Madrid),SI,Banda pública / uso común,
27.235,MHz,27.235,NFM,RADIO AFICIONADOS CB,Radioaficionados,Madrid/Nacional,escanerfrecuencias (listado Madrid),SI,Banda pública / uso común,
27.245,MHz,27.245,NFM,RADIO AFICIONADOS CB,Radioaficionados,Madrid/Nacional,escanerfrecuencias (listado Madrid),SI,Banda pública / uso común,
27.255,MHz,27.255,NFM,RADIO AFICIONADOS CB,Radioaficionados,Madrid/Nacional,escanerfrecuencias (listado Madrid),SI,Banda pública / uso común,
27.265,MHz,27.265,NFM,RADIO AFICIONADOS CB,Radioaficionados,Madrid/Nacional,escanerfrecuencias (listado Madrid),SI,Banda pública / uso común,
27.275,MHz,27.275,NFM,RADIO AFICIONADOS CB,Radioaficionados,Madrid/Nacional,escanerfrecuencias (listado Madrid),SI,Banda pública / uso común,
27.285,MHz,27.285,NFM,RADIO AFICIONADOS CB,Radioaficionados,Madrid/Nacional,escanerfrecuencias (listado Madrid),SI,Banda pública / uso común,
27.295,MHz,27.295,NFM,RADIO AFICIONADOS CB,Radioaficionados,Madrid/Nacional,escanerfrecuencias (listado Madrid),SI,Banda pública / uso común,
27.305,MHz,27.305,NFM,RADIO AFICIONADOS CB,Radioaficionados,Madrid/Nacional,escanerfrecuencias (listado Madrid),SI,Banda pública / uso común,
27.315,MHz,27.315,NFM,RADIO AFICIONADOS CB,Radioaficionados,Madrid/Nacional,escanerfrecuencias (listado Madrid),SI,Banda pública / uso común,
27.325,MHz,27.325,NFM,RADIO AFICIONADOS CB,Radioaficionados,Madrid/Nacional,escanerfrecuencias (listado Madrid),SI,Banda pública / uso común,
27.335,MHz,27.335,NFM,RADIO AFICIONADOS CB,Radioaficionados,Madrid/Nacional,escanerfrecuencias (listado Madrid),SI,Banda pública / uso común,
27.345,MHz,27.345,NFM,RADIO AFICIONADOS CB,Radioaficionados,Madrid/Nacional,escanerfrecuencias (listado Madrid),SI,Banda pública / uso común,
27.355,MHz,27.355,NFM,RADIO AFICIONADOS CB,Radioaficionados,Madrid/Nacional,escanerfrecuencias (listado Madrid),SI,Banda pública / uso común,
27.365,MHz,27.365,NFM,RADIO AFICIONADOS CB,Radioaficionados,Madrid/Nacional,escanerfrecuencias (listado Madrid),SI,Banda pública / uso común,
27.375,MHz,27.375,NFM,RADIO AFICIONADOS CB,Radioaficionados,Madrid/Nacional,escanerfrecuencias (listado Madrid),SI,Banda pública / uso común,
27.385,MHz,27.385,NFM,RADIO AFICIONADOS CB,Radioaficionados,Madrid/Nacional,escanerfrecuencias (listado Madrid),SI,Banda pública / uso común,
27.395,MHz,27.395,NFM,RADIO AFICIONADOS CB,Radioaficionados,Madrid/Nacional,escanerfrecuencias (listado Madrid),SI,Banda pública / uso común,
27.405,MHz,27.405,NFM,RADIO AFICIONADOS CB,Radioaficionados,Madrid/Nacional,escanerfrecuencias (listado Madrid),SI,Banda pública / uso común,
30.025,MHz,30.025,NFM,TELEFONOS INALAMBRICOS,Medios/Broadcast,Madrid/Nacional,escanerfrecuencias (listado Madrid),SI,Banda pública / uso común,
30.05,MHz,30.05,NFM,TELEFONOS INALAMBRICOS,Medios/Broadcast,Madrid/Nacional,escanerfrecuencias (listado Madrid),SI,Banda pública / uso común,
30.075,MHz,30.075,NFM,TELEFONOS INALAMBRICOS,Medios/Broadcast,Madrid/Nacional,escanerfrecuencias (listado Madrid),SI,Banda pública / uso común,
30.125,MHz,30.125,NFM,TELEFONOS INALAMBRICOS,Medios/Broadcast,Madrid/Nacional,escanerfrecuencias (listado Madrid),SI,Banda pública / uso común,
30.175,MHz,30.175,NFM,TELEFONOS INALAMBRICOS,Medios/Broadcast,Madrid/Nacional,escanerfrecuencias (listado Madrid),SI,Banda pública / uso común,
30.225,MHz,30.225,NFM,TELEFONOS INALAMBRICOS,Medios/Broadcast,Madrid/Nacional,escanerfrecuencias (listado Madrid),SI,Banda pública / uso común,
31.025,MHz,31.025,NFM,TELEFONOS INALAMBRICOS MB,Medios/Broadcast,Madrid/Nacional,escanerfrecuencias (listado Madrid),SI,Banda pública / uso común,
31.05,MHz,31.05,NFM,TELEFONOS INALAMBRICOS MB,Medios/Broadcast,Madrid/Nacional,escanerfrecuencias (listado Madrid),SI,Banda pública / uso común,
31.075,MHz,31.075,NFM,TELEFONOS INALAMBRICOS MB,Medios/Broadcast,Madrid/Nacional,escanerfrecuencias (listado Madrid),SI,Banda pública / uso común,
31.1,MHz,31.1,NFM,TELEFONOS INALAMBRICOS MB,Medios/Broadcast,Madrid/Nacional,escanerfrecuencias (listado Madrid),SI,Banda pública / uso común,
31.125,MHz,31.125,NFM,TELEFONOS INALAMBRICOS MB,Medios/Broadcast,Madrid/Nacional,escanerfrecuencias (listado Madrid),SI,Banda pública / uso común,
31.15,MHz,31.15,NFM,TELEFONOS INALAMBRICOS MB,Medios/Broadcast,Madrid/Nacional,escanerfrecuencias (listado Madrid),SI,Banda pública / uso común,
31.175,MHz,31.175,NFM,TELEFONOS INALAMBRICOS MB,Medios/Broadcast,Madrid/Nacional,escanerfrecuencias (listado Madrid),SI,Banda pública / uso común,
31.2,MHz,31.2,NFM,TELEFONOS INALAMBRICOS MB,Medios/Broadcast,Madrid/Nacional,escanerfrecuencias (listado Madrid),SI,Banda pública / uso común,
31.225,MHz,31.225,NFM,TELEFONOS INALAMBRICOS MB,Medios/Broadcast,Madrid/Nacional,escanerfrecuencias (listado Madrid),SI,Banda pública / uso común,
31.25,MHz,31.25,NFM,TELEFONOS INALAMBRICOS MB,Medios/Broadcast,Madrid/Nacional,escanerfrecuencias (listado Madrid),SI,Banda pública / uso común,
31.275,MHz,31.275,NFM,TELEFONOS INALAMBRICOS MB,Medios/Broadcast,Madrid/Nacional,escanerfrecuencias (listado Madrid),SI,Banda pública / uso común,
31.3,MHz,31.3,NFM,TELEFONOS INALAMBRICOS MB,Medios/Broadcast,Madrid/Nacional,escanerfrecuencias (listado Madrid),SI,Banda pública / uso común,
31.325,MHz,31.325,NFM,TELEFONOS INALAMBRICOS MB,Medios/Broadcast,Madrid/Nacional,escanerfrecuencias (listado Madrid),SI,Banda pública / uso común,
39.925,MHz,39.925,NFM,TELEFONOS INALAMBRICOS,Medios/Broadcast,Madrid/Nacional,escanerfrecuencias (listado Madrid),SI,Banda pública / uso común,
39.95,MHz,39.95,NFM,TELEFONOS INALAMBRICOS,Medios/Broadcast,Madrid/Nacional,escanerfrecuencias (listado Madrid),SI,Banda pública / uso común,
39.975,MHz,39.975,NFM,TELEFONOS INALAMBRICOS,Medios/Broadcast,Madrid/Nacional,escanerfrecuencias (listado Madrid),SI,Banda pública / uso común,
40,MHz,40,NFM,TELEFONOS INALAMBRICOS,Medios/Broadcast,Madrid/Nacional,escanerfrecuencias (listado Madrid),SI,Banda pública / uso común,
40.025,MHz,40.025,NFM,TELEFONOS INALAMBRICOS MB,Medios/Broadcast,Madrid/Nacional,escanerfrecuencias (listado Madrid),SI,Banda pública / uso común,
40.05,MHz,40.05,NFM,TELEFONOS INALAMBRICOS,Medios/Broadcast,Madrid/Nacional,escanerfrecuencias (listado Madrid),SI,Banda pública / uso común,
40.075,MHz,40.075,NFM,TELEFONOS INALAMBRICOS,Medios/Broadcast,Madrid/Nacional,escanerfrecuencias (listado Madrid),SI,Banda pública / uso común,
40.1,MHz,40.1,NFM,TELEFONOS INALAMBRICOS,Medios/Broadcast,Madrid/Nacional,escanerfrecuencias (listado Madrid),SI,Banda pública / uso común,
40.125,MHz,40.125,NFM,TELEFONOS INALAMBRICOS,Medios/Broadcast,Madrid/Nacional,escanerfrecuencias (listado Madrid),SI,Banda pública / uso común,
40.15,MHz,40.15,NFM,TELEFONOS INALAMBRICOS,Medios/Broadcast,Madrid/Nacional,escanerfrecuencias (listado Madrid),SI,Banda pública / uso común,
40.175,MHz,40.175,NFM,TELEFONOS INALAMBRICOS,Medios/Broadcast,Madrid/Nacional,escanerfrecuencias (listado Madrid),SI,Banda pública / uso común,
40.2,MHz,40.2,NFM,TELEFONOS INALAMBRICOS,Medios/Broadcast,Madrid/Nacional,escanerfrecuencias (listado Madrid),SI,Banda pública / uso común,
40.225,MHz,40.225,NFM,TELEFONOS INALAMBRICOS,Medios/Broadcast,Madrid/Nacional,escanerfrecuencias (listado Madrid),SI,Banda pública / uso común,
43.72,MHz,43.72,NFM,TELEFONOS INALAMBRICOS,Medios/Broadcast,Madrid/Nacional,escanerfrecuencias (listado Madrid),SI,Banda pública / uso común,
43.74,MHz,43.74,NFM,TELEFONOS INALAMBRICOS,Medios/Broadcast,Madrid/Nacional,escanerfrecuencias (listado Madrid),SI,Banda pública / uso común,
43.82,MHz,43.82,NFM,TELEFONOS INALAMBRICOS,Medios/Broadcast,Madrid/Nacional,escanerfrecuencias (listado Madrid),SI,Banda pública / uso común,
43.84,MHz,43.84,NFM,TELEFONOS INALAMBRICOS,Medios/Broadcast,Madrid/Nacional,escanerfrecuencias (listado Madrid),SI,Banda pública / uso común,
43.92,MHz,43.92,NFM,TELEFONOS INALAMBRICOS,Medios/Broadcast,Madrid/Nacional,escanerfrecuencias (listado Madrid),SI,Banda pública / uso común,
43.96,MHz,43.96,NFM,TELEFONOS INALAMBRICOS,Medios/Broadcast,Madrid/Nacional,escanerfrecuencias (listado Madrid),SI,Banda pública / uso común,
44.12,MHz,44.12,NFM,TELEFONOS INALAMBRICOS,Medios/Broadcast,Madrid/Nacional,escanerfrecuencias (listado Madrid),SI,Banda pública / uso común,
44.16,MHz,44.16,NFM,TELEFONOS INALAMBRICOS,Medios/Broadcast,Madrid/Nacional,escanerfrecuencias (listado Madrid),SI,Banda pública / uso común,
44.18,MHz,44.18,NFM,TELEFONOS INALAMBRICOS,Medios/Broadcast,Madrid/Nacional,escanerfrecuencias (listado Madrid),SI,Banda pública / uso común,
44.2,MHz,44.2,NFM,TELEFONOS INALAMBRICOS,Medios/Broadcast,Madrid/Nacional,escanerfrecuencias (listado Madrid),SI,Banda pública / uso común,
44.32,MHz,44.32,NFM,TELEFONOS INALAMBRICOS,Medios/Broadcast,Madrid/Nacional,escanerfrecuencias (listado Madrid),SI,Banda pública / uso común,
44.36,MHz,44.36,NFM,TELEFONOS INALAMBRICOS,Medios/Broadcast,Madrid/Nacional,escanerfrecuencias (listado Madrid),SI,Banda pública / uso común,
44.4,MHz,44.4,NFM,TELEFONOS INALAMBRICOS,Medios/Broadcast,Madrid/Nacional,escanerfrecuencias (listado Madrid),SI,Banda pública / uso común,
44.46,MHz,44.46,NFM,TELEFONOS INALAMBRICOS,Medios/Broadcast,Madrid/Nacional,escanerfrecuencias (listado Madrid),SI,Banda pública / uso común,
44.48,MHz,44.48,NFM,TELEFONOS INALAMBRICOS,Medios/Broadcast,Madrid/Nacional,escanerfrecuencias (listado Madrid),SI,Banda pública / uso común,
46.61,MHz,46.61,NFM,TELEFONOS INALAMBRICOS,Medios/Broadcast,Madrid/Nacional,escanerfrecuencias (listado Madrid),SI,Banda pública / uso común,
46.63,MHz,46.63,NFM,TELEFONOS INALAMBRICOS,Medios/Broadcast,Madrid/Nacional,escanerfrecuencias (listado Madrid),SI,Banda pública / uso común,
46.67,MHz,46.67,NFM,TELEFONOS INALAMBRICOS,Medios/Broadcast,Madrid/Nacional,escanerfrecuencias (listado Madrid),SI,Banda pública / uso común,
46.71,MHz,46.71,NFM,TELEFONOS INALAMBRICOS,Medios/Broadcast,Madrid/Nacional,escanerfrecuencias (listado Madrid),SI,Banda pública / uso común,
46.73,MHz,46.73,NFM,TELEFONOS INALAMBRICOS,Medios/Broadcast,Madrid/Nacional,escanerfrecuencias (listado Madrid),SI,Banda pública / uso común,
46.77,MHz,46.77,NFM,TELEFONOS INALAMBRICOS,Medios/Broadcast,Madrid/Nacional,escanerfrecuencias (listado Madrid),SI,Banda pública / uso común,
46.83,MHz,46.83,NFM,TELEFONOS INALAMBRICOS,Medios/Broadcast,Madrid/Nacional,escanerfrecuencias (listado Madrid),SI,Banda pública / uso común,
46.87,MHz,46.87,NFM,TELEFONOS INALAMBRICOS,Medios/Broadcast,Madrid/Nacional,escanerfrecuencias (listado Madrid),SI,Banda pública / uso común,
46.93,MHz,46.93,NFM,TELEFONOS INALAMBRICOS,Medios/Broadcast,Madrid/Nacional,escanerfrecuencias (listado Madrid),SI,Banda pública / uso común,
46.97,MHz,46.97,NFM,TELEFONOS INALAMBRICOS,Medios/Broadcast,Madrid/Nacional,escanerfrecuencias (listado Madrid),SI,Banda pública / uso común,
48.76,MHz,48.76,NFM,TELEFONOS INALAMBRICOS,Medios/Broadcast,Madrid/Nacional,escanerfrecuencias (listado Madrid),SI,Banda pública / uso común,
48.84,MHz,48.84,NFM,TELEFONOS INALAMBRICOS,Medios/Broadcast,Madrid/Nacional,escanerfrecuencias (listado Madrid),SI,Banda pública / uso común,
48.86,MHz,48.86,NFM,TELEFONOS INALAMBRICOS,Medios/Broadcast,Madrid/Nacional,escanerfrecuencias (listado Madrid),SI,Banda pública / uso común,
48.92,MHz,48.92,NFM,TELEFONOS INALAMBRICOS,Medios/Broadcast,Madrid/Nacional,escanerfrecuencias (listado Madrid),SI,Banda pública / uso común,
49.02,MHz,49.02,NFM,TELEFONOS INALAMBRICOS,Medios/Broadcast,Madrid/Nacional,escanerfrecuencias (listado Madrid),SI,Banda pública / uso común,
49.08,MHz,49.08,NFM,TELEFONOS INALAMBRICOS,Medios/Broadcast,Madrid/Nacional,escanerfrecuencias (listado Madrid),SI,Banda pública / uso común,
49.1,MHz,49.1,NFM,TELEFONOS INALAMBRICOS,Medios/Broadcast,Madrid/Nacional,escanerfrecuencias (listado Madrid),SI,Banda pública / uso común,
49.16,MHz,49.16,NFM,TELEFONOS INALAMBRICOS,Medios/Broadcast,Madrid/Nacional,escanerfrecuencias (listado Madrid),SI,Banda pública / uso común,
49.2,MHz,49.2,NFM,TELEFONOS INALAMBRICOS,Medios/Broadcast,Madrid/Nacional,escanerfrecuencias (listado Madrid),SI,Banda pública / uso común,
49.24,MHz,49.24,NFM,TELEFONOS INALAMBRICOS,Medios/Broadcast,Madrid/Nacional,escanerfrecuencias (listado Madrid),SI,Banda pública / uso común,
49.28,MHz,49.28,NFM,TELEFONOS INALAMBRICOS,Medios/Broadcast,Madrid/Nacional,escanerfrecuencias (listado Madrid),SI,Banda pública / uso común,
49.36,MHz,49.36,NFM,TELEFONOS INALAMBRICOS,Medios/Broadcast,Madrid/Nacional,escanerfrecuencias (listado Madrid),SI,Banda pública / uso común,
49.4,MHz,49.4,NFM,TELEFONOS INALAMBRICOS,Medios/Broadcast,Madrid/Nacional,escanerfrecuencias (listado Madrid),SI,Banda pública / uso común,
49.46,MHz,49.46,NFM,TELEFONOS INALAMBRICOS,Medios/Broadcast,Madrid/Nacional,escanerfrecuencias (listado Madrid),SI,Banda pública / uso común,
49.5,MHz,49.5,NFM,TELEFONOS INALAMBRICOS,Medios/Broadcast,Madrid/Nacional,escanerfrecuencias (listado Madrid),SI,Banda pública / uso común,
49.67,MHz,49.67,NFM,TELEFONOS INALAMBRICOS,Medios/Broadcast,Madrid/Nacional,escanerfrecuencias (listado Madrid),SI,Banda pública / uso común,
49.77,MHz,49.77,NFM,TELEFONOS INALAMBRICOS,Medios/Broadcast,Madrid/Nacional,escanerfrecuencias (listado Madrid),SI,Banda pública / uso común,
49.83,MHz,49.83,NFM,TELEFONOS INALAMBRICOS,Medios/Broadcast,Madrid/Nacional,escanerfrecuencias (listado Madrid),SI,Banda pública / uso común,
49.845,MHz,49.845,NFM,TELEFONOS INALAMBRICOS,Medios/Broadcast,Madrid/Nacional,escanerfrecuencias (listado Madrid),SI,Banda pública / uso común,
49.86,MHz,49.86,NFM,TELEFONOS INALAMBRICOS,Medios/Broadcast,Madrid/Nacional,escanerfrecuencias (listado Madrid),SI,Banda pública / uso común,
49.875,MHz,49.875,NFM,TELEFONOS INALAMBRICOS,Medios/Broadcast,Madrid/Nacional,escanerfrecuencias (listado Madrid),SI,Banda pública / uso común,
49.89,MHz,49.89,NFM,TELEFONOS INALAMBRICOS,Medios/Broadcast,Madrid/Nacional,escanerfrecuencias (listado Madrid),SI,Banda pública / uso común,
49.93,MHz,49.93,NFM,TELEFONOS INALAMBRICOS,Medios/Broadcast,Madrid/Nacional,escanerfrecuencias (listado Madrid),SI,Banda pública / uso común,
49.97,MHz,49.97,NFM,TELEFONOS INALAMBRICOS,Medios/Broadcast,Madrid/Nacional,escanerfrecuencias (listado Madrid),SI,Banda pública / uso común,
49.99,MHz,49.99,NFM,TELEFONOS INALAMBRICOS,Medios/Broadcast,Madrid/Nacional,escanerfrecuencias (listado Madrid),SI,Banda pública / uso común,
52.525 MHz,—,52.525,—,"Usada por radioaficionados para llamadas, puede llevar voz a largas distancias durante buenas condiciones de propagación",Radioaficionados,Nacional,Listado frecuencias radio España,SI,Banda de aficionado/CB,
70.1,MHz,70.1,NFM,GRUAS,Transporte,Madrid/Nacional,escanerfrecuencias (listado Madrid),SI,Banda pública / uso común,
76.85,MHz,76.85,NFM,AG. MEDIO AMBIENTE,Otros/Sin identificar,Madrid/Nacional,escanerfrecuencias (listado Madrid),SI,Banda pública / uso común,
79.45,MHz,79.45,NFM,EL CORTE INGLES,Otros/Sin identificar,Madrid/Nacional,escanerfrecuencias (listado Madrid),SI,Banda pública / uso común,
84.3,MHz,84.3,NFM,GRUA,Transporte,Madrid/Nacional,escanerfrecuencias (listado Madrid),SI,Banda pública / uso común,
87.5-108 MHz,—,87.5,—,FM: Banda para radio comercial y comunitaria.,Uso común,Nacional,Listado frecuencias radio España,SI,Banda pública general,
108-118 MHz,—,108,—,"VOR: Navegación aérea, aunque primordialmente datos, puede incluir identificaciones audibles de estaciones.",Aeronáutica,Nacional,Listado frecuencias radio España,SI,Aeronáutica pública,
108.4,MHz,108.4,AM,VOR Madrid (referencia navegacion),Utilidad,Madrid / Sierra,"RADIO://es (Notion, curado)",SI,Curado y verificado en el proyecto,Banda VOR 108-117.975 (radionavegacion). Emision continua. Fuera de portatiles de banda aerea; SDR.
112.7,MHz,112.7,AM,AYUDAS A LA NAVEGACION VOR,Aeronáutica,Madrid/Nacional,escanerfrecuencias (listado Madrid),SI,Banda pública / uso común,
112.8,MHz,112.8,AM,AYUDAS A LA NAVEGACION VOR,Aeronáutica,Madrid/Nacional,escanerfrecuencias (listado Madrid),SI,Banda pública / uso común,
113.2,MHz,113.2,AM,AYUDAS A LA NAVEGACION VOR,Aeronáutica,Madrid/Nacional,escanerfrecuencias (listado Madrid),SI,Banda pública / uso común,
113.6,MHz,113.6,AM,VOR Vigo (VGO),Utilidad,Nacional,"RADIO://es (Notion, curado)",SI,Curado y verificado en el proyecto,"VOR/DME de Vigo (id VGO). Radionavegacion aerea, emision continua."
114.5,MHz,114.5,AM,AYUDAS A LA NAVEGACION VOR,Aeronáutica,Madrid/Nacional,escanerfrecuencias (listado Madrid),SI,Banda pública / uso común,
115.1,MHz,115.1,AM,AYUDAS A LA NAVEGACION VOR,Aeronáutica,Madrid/Nacional,escanerfrecuencias (listado Madrid),SI,Banda pública / uso común,
117.3,MHz,117.3,AM,AYUDAS A LA NAVEGACION VOR(C. VIEJO),Aeronáutica,Madrid/Nacional,escanerfrecuencias (listado Madrid),SI,Banda pública / uso común,
118.075,MHz,118.075,AM,SALIDAS BARAJAS MB S,Aeronáutica,Madrid/Nacional,escanerfrecuencias (listado Madrid),SI,Banda pública / uso común,
118.075,MHz,118.075,AM,LEMD TWR 36L/18R,Aeronautica,Madrid / Sierra,"RADIO://es (Notion, curado)",SI,Curado y verificado en el proyecto,Torre pista 36L/18R. A distancia se recibe sobre todo el lado aire.
118.1,MHz,118.1,AM,Barcelona TWR (LEBL),Aeronautica,Nacional,"RADIO://es (Notion, curado)",SI,Curado y verificado en el proyecto,"Torre El Prat. APP 119.100/131.125, GMC 121.700, ATIS 118.650. Verificar en AIP AD2-LEBL."
118.15,MHz,118.15,AM,LLEGADAS BARAJAS MB S,Aeronáutica,Madrid/Nacional,escanerfrecuencias (listado Madrid),SI,Banda pública / uso común,
118.15,MHz,118.15,AM,Malaga TWR (LEMG),Aeronautica,Nacional,"RADIO://es (Notion, curado)",SI,Curado y verificado en el proyecto,"Torre Costa del Sol. APP 118.450, GMC 121.700. ATIS: fuentes discrepan. Verificar en AIP AD2-LEMG."
118.225,MHz,118.225,AM,Cuatro Vientos TWR (LECU),Aeronautica,Madrid / Sierra,"RADIO://es (Notion, curado)",SI,Curado y verificado en el proyecto,PENDIENTE VERIFICAR en AIP AD2-LECU. Exhibiciones FIO (primer domingo de mes).
118.25,MHz,118.25,AM,INFORMACION VOLMET LLEGADAS BARAJAS MB,Aeronáutica,Madrid/Nacional,escanerfrecuencias (listado Madrid),SI,Banda pública / uso común,
118.255,MHz,118.255,AM,LEMD ATIS Llegadas,Aeronautica,Madrid / Sierra,"RADIO://es (Notion, curado)",SI,Curado y verificado en el proyecto · AIP✓,Transmision continua H24. Util como frecuencia patron para calibrar receptores. AIP AD2-LEMD.
118.3,MHz,118.3,AM,Gran Canaria TWR (GCLP),Aeronautica,Nacional,"RADIO://es (Notion, curado)",SI,Curado y verificado en el proyecto,"Torre Gran Canaria. APP 124.300, ATIS 118.600, GMC 121.700. Verificar en AIP AD2-GCLP."
118.3,MHz,118.3,AM,A Coruna TWR (LECO),Aeronautica,Nacional,"RADIO://es (Notion, curado)",SI,Curado y verificado en el proyecto,"Torre A Coruna/Alvedro. GMC 121.700, VOR 115.1 (LRA). Verificar en AIP AD2-LECO."
118.305,MHz,118.305,AM,Palma TWR llegadas (LEPA),Aeronautica,Nacional,"RADIO://es (Notion, curado)",SI,Curado y verificado en el proyecto,"Torre ARR Palma. DEP 118.455, GMC norte 121.905 / sur 121.705. Reverificar en AIP AD2-LEPA."
118.325,MHz,118.325,AM,Sevilla TWR DEP (LEZL),Aeronautica,Nacional,"RADIO://es (Notion, curado)",SI,Curado y verificado en el proyecto,"Torre Sevilla (salidas). APP 124.400, GMC 121.700. Verificar en AIP AD2-LEZL."
118.35,MHz,118.35,AM,Almeria TWR (LEAM),Aeronautica,Nacional,"RADIO://es (Notion, curado)",SI,Curado y verificado en el proyecto,"Torre Almeria. ATIS 118.625, GMC 121.800. Verificar en AIP AD2-LEAM."
118.4,MHz,118.4,AM,SECTOR ESTE MADRID APP MB S,Aeronáutica,Madrid/Nacional,escanerfrecuencias (listado Madrid),SI,Banda pública / uso común,
118.4,MHz,118.4,AM,Madrid APP (norte),Aeronautica,Madrid / Sierra,"RADIO://es (Notion, curado)",SI,Curado y verificado en el proyecto · AIP✓,Sector APP en cartas STAR configuracion norte.
118.45,MHz,118.45,AM,Malaga APP (LEMG),Aeronautica,Nacional,"RADIO://es (Notion, curado)",SI,Curado y verificado en el proyecto,Aproximacion Costa del Sol (sector este 118.455). Verificar en AIP AD2-LEMG.
118.45,MHz,118.45,AM,Vigo TWR (LEVX),Aeronautica,Nacional,"RADIO://es (Notion, curado)",SI,Curado y verificado en el proyecto,"Torre Vigo/Peinador. APP 120.200, GMC 121.700, VOR 113.6 (VGO). Verificar en AIP AD2-LEVX."
118.5,MHz,118.5,AM,TWR BARAJAS MB,Aeronáutica,Madrid/Nacional,escanerfrecuencias (listado Madrid),SI,Banda pública / uso común,
118.5,MHz,118.5,AM,Ibiza TWR (LEIB),Aeronautica,Nacional,"RADIO://es (Notion, curado)",SI,Curado y verificado en el proyecto,"Torre Ibiza. APP 119.800, GMC 121.800. Verificar en AIP AD2-LEIB."
118.5,MHz,118.5,AM,Bilbao TWR (LEBB),Aeronautica,Nacional,"RADIO://es (Notion, curado)",SI,Curado y verificado en el proyecto,"Torre Bilbao/Sondika. APP 120.700, GMC 121.700. Verificar en AIP AD2-LEBB."
118.525,MHz,118.525,AM,ACC MADRID MB S,Aeronáutica,Madrid/Nacional,escanerfrecuencias (listado Madrid),SI,Banda pública / uso común,
118.55,MHz,118.55,AM,Valencia TWR (LEVC),Aeronautica,Nacional,"RADIO://es (Notion, curado)",SI,Curado y verificado en el proyecto,"Torre Valencia. APP 120.100, GMC 121.700. Verificar en AIP AD2-LEVC."
118.55,MHz,118.55,AM,Valladolid TWR (LEVD),Aeronautica,Nacional,"RADIO://es (Notion, curado)",SI,Curado y verificado en el proyecto,Torre Villanubla/Valladolid. Verificar en AIP AD2-LEVD.
118.65,MHz,118.65,AM,Barcelona ATIS (LEBL),Aeronautica,Nacional,"RADIO://es (Notion, curado)",SI,Curado y verificado en el proyecto,ATIS El Prat. Transmision continua. Verificar en AIP AD2-LEBL.
118.7,MHz,118.7,AM,TWR CUATRO VIENTOS MB S,Aeronáutica,Madrid/Nacional,escanerfrecuencias (listado Madrid),SI,Banda pública / uso común,
118.955,MHz,118.955,AM,Palma APP (LEPA),Aeronautica,Nacional,"RADIO://es (Notion, curado)",SI,Curado y verificado en el proyecto,"Aproximacion Palma (APS). TAR 119.155, ATIS ARR 119.255 / DEP 121.780. Reverificar en AIP AD2-LEPA."
118.975,MHz,118.975,AM,LEMD TWR 32R/14L,Aeronautica,Madrid / Sierra,"RADIO://es (Notion, curado)",SI,Curado y verificado en el proyecto,Torre pista 32R/14L.
119.2,MHz,119.2,AM,APP MB,Aeronáutica,Madrid/Nacional,escanerfrecuencias (listado Madrid),SI,Banda pública / uso común,
119.3,MHz,119.3,AM,Zaragoza APP (LEZG),Aeronautica,Nacional,"RADIO://es (Notion, curado)",SI,Curado y verificado en el proyecto,Aproximacion Zaragoza (uso mixto civil-militar). TWR 122.100/118.100. Verificar en AIP AD2-LEZG.
119.655,MHz,119.655,AM,Menorca TWR/APP (LEMH),Aeronautica,Nacional,"RADIO://es (Notion, curado)",SI,Curado y verificado en el proyecto,"Torre y aproximacion comparten 119.655. GMC 121.755, ATIS 129.155. Reverificar en AIP AD2-LEMH."
119.7,MHz,119.7,AM,ACC MADRID MB,Aeronáutica,Madrid/Nacional,escanerfrecuencias (listado Madrid),SI,Banda pública / uso común,
119.9,MHz,119.9,AM,APP MADRID MB,Aeronáutica,Madrid/Nacional,escanerfrecuencias (listado Madrid),SI,Banda pública / uso común,
120.15,MHz,120.15,AM,DESCARGAS/LOC BARAJAS (LOC=Emplazamiento) MB,Aeronáutica,Madrid/Nacional,escanerfrecuencias (listado Madrid),SI,Banda pública / uso común,
120.2,MHz,120.2,AM,AVIONES AIRE-AIRE MB,Aeronáutica,Madrid/Nacional,escanerfrecuencias (listado Madrid),SI,Banda pública / uso común,
120.2,MHz,120.2,AM,Vigo APP (LEVX),Aeronautica,Nacional,"RADIO://es (Notion, curado)",SI,Curado y verificado en el proyecto,Aproximacion Vigo. Verificar en AIP AD2-LEVX.
120.37,MHz,120.37,AM,AVIONES MB,Aeronáutica,Madrid/Nacional,escanerfrecuencias (listado Madrid),SI,Banda pública / uso común,
121.1,MHz,121.1,AM,AVIONES AIRE-AIRE MB,Aeronáutica,Madrid/Nacional,escanerfrecuencias (listado Madrid),SI,Banda pública / uso común,
121.225,MHz,121.225,AM,AVIONES AIRE-AIRE MB,Aeronáutica,Madrid/Nacional,escanerfrecuencias (listado Madrid),SI,Banda pública / uso común,
121.5,MHz,121.5,AM,EMERG MB,Otros/Sin identificar,Madrid/Nacional,escanerfrecuencias (listado Madrid),SI,Banda pública / uso común,
121.5 MHz,—,121.5,—,"Frecuencia de emergencia aérea, transmisiones de voz en casos de socorro.",Aeronáutica,Nacional,Listado frecuencias radio España,SI,Aeronáutica pública,
121.5,MHz,121.5,AM,Emergencia aeronautica internacional,Emergencia aerea,Global,"RADIO://es (Notion, curado)",SI,Curado y verificado en el proyecto · AIP✓,"Socorro VHF. Solo escucha: normalmente en silencio, se activa en emergencias y pruebas de ELT."
121.65,MHz,121.65,AM,VOLMET / info meteo aeronautica,Aeronautica,Nacional,"RADIO://es (Notion, curado)",SI,Curado y verificado en el proyecto,Informacion meteo aeronautica (verificar frecuencia/estacion activa en AIP/ENR en vigor).
121.7,MHz,121.7,AM,RODADURA SUR BARAJAS MB,Aeronáutica,Madrid/Nacional,escanerfrecuencias (listado Madrid),SI,Banda pública / uso común,
121.75,MHz,121.75,AM,RODADURA GUIADA BARAJAS MB,Aeronáutica,Madrid/Nacional,escanerfrecuencias (listado Madrid),SI,Banda pública / uso común,
121.8,MHz,121.8,AM,RODADURA CUATRO VIENTOS MB S,Aeronáutica,Madrid/Nacional,escanerfrecuencias (listado Madrid),SI,Banda pública / uso común,
121.85,MHz,121.85,AM,RODADURA NORTE BARAJAS MB,Aeronáutica,Madrid/Nacional,escanerfrecuencias (listado Madrid),SI,Banda pública / uso común,
121.975,MHz,121.975,AM,INFORMACION VOLMET SALIDAS BARAJAS MB,Aeronáutica,Madrid/Nacional,escanerfrecuencias (listado Madrid),SI,Banda pública / uso común,
122.1,MHz,122.1,AM,Leon TWR (LELN),Aeronautica,El Bierzo / Leon,"RADIO://es (Notion, curado)",SI,Curado y verificado en el proyecto,Torre Virgen del Camino/Leon (uso conjunto). NDB 330 (LEN). Verificar en AIP AD2-LELN.
122.175,MHz,122.175,AM,AVIONES AIRE-AIRE MB,Aeronáutica,Madrid/Nacional,escanerfrecuencias (listado Madrid),SI,Banda pública / uso común,
122.5,MHz,122.5,AM,ARO CUATRO VIENTOS MB,Aeronáutica,Madrid/Nacional,escanerfrecuencias (listado Madrid),SI,Banda pública / uso común,
122.9,MHz,122.9,AM,AVIONES AIRE-AIRE MB,Aeronáutica,Madrid/Nacional,escanerfrecuencias (listado Madrid),SI,Banda pública / uso común,
123.1,MHz,123.1,AM,ACC MADRID MB S,Aeronáutica,Madrid/Nacional,escanerfrecuencias (listado Madrid),SI,Banda pública / uso común,
123.225,MHz,123.225,AM,COLMENAR MB,Aeronáutica,Madrid/Nacional,escanerfrecuencias (listado Madrid),SI,Banda pública / uso común,
123.425,MHz,123.425,AM,HELICOPTERO DE TVE,Medios/Broadcast,Madrid/Nacional,escanerfrecuencias (listado Madrid),SI,Banda pública / uso común,
123.45,MHz,123.45,AM,INTER-PLANES MB,Aeronáutica,Madrid/Nacional,escanerfrecuencias (listado Madrid),SI,Banda pública / uso común,
123.5,MHz,123.5,AM,COLMENAR MB,Aeronáutica,Madrid/Nacional,escanerfrecuencias (listado Madrid),SI,Banda pública / uso común,
123.6,MHz,123.6,AM,INTER-PLANES MB,Aeronáutica,Madrid/Nacional,escanerfrecuencias (listado Madrid),SI,Banda pública / uso común,
124.025,MHz,124.025,AM,BARAJAS (MADRID APP) MB S,Aeronáutica,Madrid/Nacional,escanerfrecuencias (listado Madrid),SI,Banda pública / uso común,
124.2,MHz,124.2,AM,AVIONES AIRE-AIRE MB,Aeronáutica,Madrid/Nacional,escanerfrecuencias (listado Madrid),SI,Banda pública / uso común,
125.75,MHz,125.75,AM,ACC MADRID MB,Aeronáutica,Madrid/Nacional,escanerfrecuencias (listado Madrid),SI,Banda pública / uso común,
126,MHz,126,AM,VOLMET MB,Otros/Sin identificar,Madrid/Nacional,escanerfrecuencias (listado Madrid),SI,Banda pública / uso común,
126.2,MHz,126.2,AM,VOLMET MB,Otros/Sin identificar,Madrid/Nacional,escanerfrecuencias (listado Madrid),SI,Banda pública / uso común,
126.4,MHz,126.4,AM,VOLMET MB,Otros/Sin identificar,Madrid/Nacional,escanerfrecuencias (listado Madrid),SI,Banda pública / uso común,
126.8,MHz,126.8,AM,VOLMET MB,Otros/Sin identificar,Madrid/Nacional,escanerfrecuencias (listado Madrid),SI,Banda pública / uso común,
126.9,MHz,126.9,AM,VOLMET MB,Otros/Sin identificar,Madrid/Nacional,escanerfrecuencias (listado Madrid),SI,Banda pública / uso común,
127,MHz,127,AM,VOLMET MB,Otros/Sin identificar,Madrid/Nacional,escanerfrecuencias (listado Madrid),SI,Banda pública / uso común,
127.1,MHz,127.1,AM,"SALIDAS (MADRID OESTE APP, GETAFE) MB S",Aeronáutica,Madrid/Nacional,escanerfrecuencias (listado Madrid),SI,Banda pública / uso común,
127.1,MHz,127.1,AM,Madrid APP (inicial),Aeronautica,Madrid / Sierra,"RADIO://es (Notion, curado)",SI,Curado y verificado en el proyecto · AIP✓,Aproximacion inicial Madrid TMA. Buena recepcion desde puntos elevados de la sierra.
127.5,MHz,127.5,AM,BARAJAS (MADRID APP) MB S,Aeronáutica,Madrid/Nacional,escanerfrecuencias (listado Madrid),SI,Banda pública / uso común,
127.505,MHz,127.505,AM,Madrid APP Final,Aeronautica,Madrid / Sierra,"RADIO://es (Notion, curado)",SI,Curado y verificado en el proyecto · AIP✓,Director/final. Con paso de 25 kHz sintonizar 127.500: desplazamiento tolerable en AM.
127.6,MHz,127.6,AM,VOLMET MB,Otros/Sin identificar,Madrid/Nacional,escanerfrecuencias (listado Madrid),SI,Banda pública / uso común,
128.7,MHz,128.7,AM,BARAJAS (MADRID APP) MB S,Aeronáutica,Madrid/Nacional,escanerfrecuencias (listado Madrid),SI,Banda pública / uso común,
128.7,MHz,128.7,AM,Madrid APP,Aeronautica,Madrid / Sierra,"RADIO://es (Notion, curado)",SI,Curado y verificado en el proyecto · AIP✓,Sector de aproximacion Madrid TMA. Verificada en cartas STAR/IAC del AIP.
128.8,MHz,128.8,AM,AVIONES AIRE-AIRE MB,Aeronáutica,Madrid/Nacional,escanerfrecuencias (listado Madrid),SI,Banda pública / uso común,
128.825,MHz,128.825,AM,ACC MADRID MB S,Aeronáutica,Madrid/Nacional,escanerfrecuencias (listado Madrid),SI,Banda pública / uso común,
130.075,MHz,130.075,AM,CLR BARAJAS (LIBRE DE OBSTACULOS) MB S,Aeronáutica,Madrid/Nacional,escanerfrecuencias (listado Madrid),SI,Banda pública / uso común,
130.85,MHz,130.85,AM,LEMD ATIS Salidas,Aeronautica,Madrid / Sierra,"RADIO://es (Notion, curado)",SI,Curado y verificado en el proyecto,ATIS de salidas segun fuentes comunitarias. Confirmar contra AIP AD2-LEMD.
131.4,MHz,131.4,AM,AVIONES AIRE-AIRE MB,Aeronáutica,Madrid/Nacional,escanerfrecuencias (listado Madrid),SI,Banda pública / uso común,
131.425,MHz,131.425,AM,AVIONES AIRE-AIRE MB,Aeronáutica,Madrid/Nacional,escanerfrecuencias (listado Madrid),SI,Banda pública / uso común,
131.45,MHz,131.45,AM,AVIONES AIRE-AIRE MB,Aeronáutica,Madrid/Nacional,escanerfrecuencias (listado Madrid),SI,Banda pública / uso común,
131.475,MHz,131.475,AM,AVIACO MB,Aeronáutica,Madrid/Nacional,escanerfrecuencias (listado Madrid),SI,Banda pública / uso común,
131.5,MHz,131.5,AM,IBERIA MB S,Aeronáutica,Madrid/Nacional,escanerfrecuencias (listado Madrid),SI,Banda pública / uso común,
131.525,MHz,131.525,AM,AVIONES AIRE-AIRE MB,Aeronáutica,Madrid/Nacional,escanerfrecuencias (listado Madrid),SI,Banda pública / uso común,
131.55,MHz,131.55,AM,IBERIA MB S,Aeronáutica,Madrid/Nacional,escanerfrecuencias (listado Madrid),SI,Banda pública / uso común,
131.555,MHz,131.555,AM,AVIONES MB,Aeronáutica,Madrid/Nacional,escanerfrecuencias (listado Madrid),SI,Banda pública / uso común,
131.575,MHz,131.575,AM,AVIONES AIRE-AIRE MB S,Aeronáutica,Madrid/Nacional,escanerfrecuencias (listado Madrid),SI,Banda pública / uso común,
131.6,MHz,131.6,AM,AVIONES AIRE-AIRE MB,Aeronáutica,Madrid/Nacional,escanerfrecuencias (listado Madrid),SI,Banda pública / uso común,
131.65,MHz,131.65,AM,IBERIA MB,Aeronáutica,Madrid/Nacional,escanerfrecuencias (listado Madrid),SI,Banda pública / uso común,
131.675,MHz,131.675,AM,AVIONES AIRE-AIRE MB,Aeronáutica,Madrid/Nacional,escanerfrecuencias (listado Madrid),SI,Banda pública / uso común,
131.7,MHz,131.7,AM,AVIONES AIRE-AIRE MB,Aeronáutica,Madrid/Nacional,escanerfrecuencias (listado Madrid),SI,Banda pública / uso común,
131.725,MHz,131.725,AM,AVIONES AIRE-AIRE MB,Aeronáutica,Madrid/Nacional,escanerfrecuencias (listado Madrid),SI,Banda pública / uso común,
131.75,MHz,131.75,AM,AVIONES AIRE-AIRE MB,Aeronáutica,Madrid/Nacional,escanerfrecuencias (listado Madrid),SI,Banda pública / uso común,
131.775,MHz,131.775,AM,AVIONES AIRE-AIRE MB,Aeronáutica,Madrid/Nacional,escanerfrecuencias (listado Madrid),SI,Banda pública / uso común,
131.8,MHz,131.8,AM,AVIONES AIRE-AIRE MB,Aeronáutica,Madrid/Nacional,escanerfrecuencias (listado Madrid),SI,Banda pública / uso común,
131.825,MHz,131.825,AM,AVIONES AIRE-AIRE MB,Aeronáutica,Madrid/Nacional,escanerfrecuencias (listado Madrid),SI,Banda pública / uso común,
131.85,MHz,131.85,AM,AIR FRANCE MB,Aeronáutica,Madrid/Nacional,escanerfrecuencias (listado Madrid),SI,Banda pública / uso común,
131.875,MHz,131.875,AM,AVIONES AIRE-AIRE MB,Aeronáutica,Madrid/Nacional,escanerfrecuencias (listado Madrid),SI,Banda pública / uso común,
131.9,MHz,131.9,AM,AVIONES AIRE-AIRE MB,Aeronáutica,Madrid/Nacional,escanerfrecuencias (listado Madrid),SI,Banda pública / uso común,
131.92,MHz,131.92,AM,LUFTHANSA MB,Aeronáutica,Madrid/Nacional,escanerfrecuencias (listado Madrid),SI,Banda pública / uso común,
131.925,MHz,131.925,AM,AVIONES AIRE-AIRE MB,Aeronáutica,Madrid/Nacional,escanerfrecuencias (listado Madrid),SI,Banda pública / uso común,
131.95,MHz,131.95,AM,AVIONES AIRE-AIRE MB,Aeronáutica,Madrid/Nacional,escanerfrecuencias (listado Madrid),SI,Banda pública / uso común,
132.22,MHz,132.22,AM,ACC MADRID (BILBAO) MB,Aeronáutica,Madrid/Nacional,escanerfrecuencias (listado Madrid),SI,Banda pública / uso común,
132.475,MHz,132.475,AM,AVIONES AIRE-AIRE MB,Aeronáutica,Madrid/Nacional,escanerfrecuencias (listado Madrid),SI,Banda pública / uso común,
132.55,MHz,132.55,AM,ACC MADRID (ZAMORA) MB,Aeronáutica,Madrid/Nacional,escanerfrecuencias (listado Madrid),SI,Banda pública / uso común,
132.725,MHz,132.725,AM,ACC MADRID MB,Aeronáutica,Madrid/Nacional,escanerfrecuencias (listado Madrid),SI,Banda pública / uso común,
132.975,MHz,132.975,AM,ACC MADRID MB,Aeronáutica,Madrid/Nacional,escanerfrecuencias (listado Madrid),SI,Banda pública / uso común,
133.2,MHz,133.2,AM,ACC MADRID MB,Aeronáutica,Madrid/Nacional,escanerfrecuencias (listado Madrid),SI,Banda pública / uso común,
133.325,MHz,133.325,AM,ACC MADRID MB S,Aeronáutica,Madrid/Nacional,escanerfrecuencias (listado Madrid),SI,Banda pública / uso común,
133.75,MHz,133.75,AM,ACC MADRID (INGLES) MB,Aeronáutica,Madrid/Nacional,escanerfrecuencias (listado Madrid),SI,Banda pública / uso común,
133.75,MHz,133.75,AM,Madrid Radar (LECM CTR),Aeronautica,Madrid / Sierra,"RADIO://es (Notion, curado)",SI,Curado y verificado en el proyecto,Control de ruta Madrid ACC. Trafico en altura se recibe bien desde puntos elevados.
133.85,MHz,133.85,AM,ACC MADRID (CASTEJON) MB S,Aeronáutica,Madrid/Nacional,escanerfrecuencias (listado Madrid),SI,Banda pública / uso común,
133.95,MHz,133.95,AM,ACC MADRID (ZARAGOZA) MB,Aeronáutica,Madrid/Nacional,escanerfrecuencias (listado Madrid),SI,Banda pública / uso común,
134.345,MHz,134.345,AM,IBERIA MB,Aeronáutica,Madrid/Nacional,escanerfrecuencias (listado Madrid),SI,Banda pública / uso común,
134.35,MHz,134.35,AM,ACC MADRID (BILBAO) MB,Aeronáutica,Madrid/Nacional,escanerfrecuencias (listado Madrid),SI,Banda pública / uso común,
135.7,MHz,135.7,AM,ACC MADRID (SANTIAGO) MB,Aeronáutica,Madrid/Nacional,escanerfrecuencias (listado Madrid),SI,Banda pública / uso común,
135.95,MHz,135.95,AM,ACC MADRID (SANTIAGO) MB,Aeronáutica,Madrid/Nacional,escanerfrecuencias (listado Madrid),SI,Banda pública / uso común,
136.1,MHz,136.1,AM,ACC MADRID MB,Aeronáutica,Madrid/Nacional,escanerfrecuencias (listado Madrid),SI,Banda pública / uso común,
136.105,MHz,136.105,AM,Madrid APP Oeste,Aeronautica,Madrid / Sierra,"RADIO://es (Notion, curado)",SI,Curado y verificado en el proyecto · AIP✓,Frecuencia principal de salidas/APP oeste. En el limite superior de algunos portatiles.
136.225,MHz,136.225,AM,ACC MADRID MB,Aeronáutica,Madrid/Nacional,escanerfrecuencias (listado Madrid),SI,Banda pública / uso común,
136.525,MHz,136.525,AM,ACC MADRID MB,Aeronáutica,Madrid/Nacional,escanerfrecuencias (listado Madrid),SI,Banda pública / uso común,
137.1,MHz,137.1,Digital,Satelites meteo Meteor-M (LRPT),Utilidad,Global,"RADIO://es (Notion, curado)",SI,Curado y verificado en el proyecto,137.1 / 137.9 MHz. Perfecto para SDR. En Espana no hay NOAA Weather Radio: esto es lo mas parecido.
137.5,MHz,137.5,Digital,Satelites NOAA APT,Utilidad,Global,"RADIO://es (Notion, curado)",SI,Curado y verificado en el proyecto,NOAA polares (137-138 MHz). Imagenes APT en directo. RTL-SDR + V-dipolo/QFH + SatDump.
138.037,MHz,138.037,NFM,R.K.R.,Otros/Sin identificar,Madrid/Nacional,escanerfrecuencias (listado Madrid),SI,Banda pública / uso común,
138.05,MHz,138.05,NFM,R.K.R.,Otros/Sin identificar,Madrid/Nacional,escanerfrecuencias (listado Madrid),SI,Banda pública / uso común,
138.075,MHz,138.075,NFM,R.K.R.,Otros/Sin identificar,Madrid/Nacional,escanerfrecuencias (listado Madrid),SI,Banda pública / uso común,
138.087,MHz,138.087,NFM,R.K.R.,Otros/Sin identificar,Madrid/Nacional,escanerfrecuencias (listado Madrid),SI,Banda pública / uso común,
138.625,MHz,138.625,NFM,R.K.R.,Otros/Sin identificar,Madrid/Nacional,escanerfrecuencias (listado Madrid),SI,Banda pública / uso común,
139.325,MHz,139.325,NFM,REALIZACION VUELTA CICLISTA,Medios/Broadcast,Madrid/Nacional,escanerfrecuencias (listado Madrid),SI,Banda pública / uso común,
139.35,MHz,139.35,NFM,REALIZACION VUELTA CICLISTA MB S,Medios/Broadcast,Madrid/Nacional,escanerfrecuencias (listado Madrid),SI,Banda pública / uso común,
139.55,MHz,139.55,NFM,COMENTARISTAS VUELTA CICLISTA,Medios/Broadcast,Madrid/Nacional,escanerfrecuencias (listado Madrid),SI,Banda pública / uso común,
140.4,MHz,140.4,NFM,CADENA COPE,Medios/Broadcast,Madrid/Nacional,escanerfrecuencias (listado Madrid),SI,Banda pública / uso común,
140.875,MHz,140.875,AM,HELICOPTERO MB,Otros/Sin identificar,Madrid/Nacional,escanerfrecuencias (listado Madrid),SI,Banda pública / uso común,
140.95,MHz,140.95,AM,HELICOPTERO MB,Otros/Sin identificar,Madrid/Nacional,escanerfrecuencias (listado Madrid),SI,Banda pública / uso común,
140.952,MHz,140.952,AM,HELICOPTERO MB,Otros/Sin identificar,Madrid/Nacional,escanerfrecuencias (listado Madrid),SI,Banda pública / uso común,
141.625,MHz,141.625,NFM,REALIZACION VUELTA CICLISTA,Medios/Broadcast,Madrid/Nacional,escanerfrecuencias (listado Madrid),SI,Banda pública / uso común,
141.65,MHz,141.65,NFM,REALIZACION VUELTA CICLISTA MB S,Medios/Broadcast,Madrid/Nacional,escanerfrecuencias (listado Madrid),SI,Banda pública / uso común,
141.85,MHz,141.85,NFM,COMENTARISTAS VUELTA CICLISTA,Medios/Broadcast,Madrid/Nacional,escanerfrecuencias (listado Madrid),SI,Banda pública / uso común,
141.875,MHz,141.875,NFM,COMENTARISTAS VUELTA CICLISTA,Medios/Broadcast,Madrid/Nacional,escanerfrecuencias (listado Madrid),SI,Banda pública / uso común,
1420 MHz,—,142,—,"Frecuencia de radioastronomía: Usada para estudiar el hidrógeno neutral, emite datos científicos.",Uso común,Nacional,Listado frecuencias radio España,SI,Banda pública general,
143.065,MHz,143.065,NFM,SEGURIDAD ALMENARA,Otros/Sin identificar,Madrid/Nacional,escanerfrecuencias (listado Madrid),SI,Banda pública / uso común,
144-146 MHz,—,144,—,Banda de 2 metros: Usada por radioaficionados para comunicaciones de voz.,Radioaficionados,Nacional,Listado frecuencias radio España,SI,Banda de aficionado/CB,
144.8,MHz,144.8,Digital,APRS Europa,Radioaficionados,Nacional,"RADIO://es (Notion, curado)",SI,Curado y verificado en el proyecto,Paquetes AFSK 1200 bd. Decodificable con SDR + direwolf.
145,MHz,145,NFM,R0 ENTRADA MB,Radioaficionados,Madrid/Nacional,escanerfrecuencias (listado Madrid),SI,Banda pública / uso común,
145.025,MHz,145.025,NFM,R1 ENTRADA MB S,Radioaficionados,Madrid/Nacional,escanerfrecuencias (listado Madrid),SI,Banda pública / uso común,
145.05,MHz,145.05,NFM,R2 ENTRADA,Radioaficionados,Madrid/Nacional,escanerfrecuencias (listado Madrid),SI,Banda pública / uso común,
145.075,MHz,145.075,NFM,R3 ENTRADA,Radioaficionados,Madrid/Nacional,escanerfrecuencias (listado Madrid),SI,Banda pública / uso común,
145.1,MHz,145.1,NFM,R4 ENTRADA,Radioaficionados,Madrid/Nacional,escanerfrecuencias (listado Madrid),SI,Banda pública / uso común,
145.125,MHz,145.125,NFM,R5 ENTRADA,Radioaficionados,Madrid/Nacional,escanerfrecuencias (listado Madrid),SI,Banda pública / uso común,
145.15,MHz,145.15,NFM,R6 ENTRADA,Radioaficionados,Madrid/Nacional,escanerfrecuencias (listado Madrid),SI,Banda pública / uso común,
145.175,MHz,145.175,NFM,R7 ENTRADA MB,Radioaficionados,Madrid/Nacional,escanerfrecuencias (listado Madrid),SI,Banda pública / uso común,
145.3,MHz,145.3,NFM,URE LOCAL (ALCORCÓN),Radioaficionados,Madrid/Nacional,escanerfrecuencias (listado Madrid),SI,Banda pública / uso común,
145.375,MHz,145.375,NFM,RADIO AFICIONADOS C MB,Radioaficionados,Madrid/Nacional,escanerfrecuencias (listado Madrid),SI,Banda pública / uso común,
145.425,MHz,145.425,NFM,RADIO AFICIONADOS MB S,Radioaficionados,Madrid/Nacional,escanerfrecuencias (listado Madrid),SI,Banda pública / uso común,
145.475,MHz,145.475,NFM,AMATER 2M MB,Radioaficionados,Madrid/Nacional,escanerfrecuencias (listado Madrid),SI,Banda pública / uso común,
145.5,MHz,145.5,NFM,Llamada FM 2m,Radioaficionados,Nacional,"RADIO://es (Notion, curado)",SI,Curado y verificado en el proyecto,Llamada FM simplex 2 m (S20). Escaneo recomendado 145.200-145.5875.
145.6,MHz,145.6,NFM,R0 SALIDA,Radioaficionados,Madrid/Nacional,escanerfrecuencias (listado Madrid),SI,Banda pública / uso común,
145.6,MHz,145.6,NFM,Segmento salida repetidores 2m,Radioaficionados,Madrid / Sierra,"RADIO://es (Notion, curado)",SI,Curado y verificado en el proyecto,"Escanear 145.600-145.7875 (salidas R0-R7, entrada -600 kHz). Repetidores concretos: URE."
145.6,MHz,145.6,NFM,Repetidores El Bierzo (EA1RCU),Radioaficionados,El Bierzo / Leon,"RADIO://es (Notion, curado)",SI,Curado y verificado en el proyecto,Repetidores del Radio Club EA1RCU (Ponferrada). Verificar salidas y subtonos CTCSS.
145.625,MHz,145.625,NFM,R1 SALIDA,Radioaficionados,Madrid/Nacional,escanerfrecuencias (listado Madrid),SI,Banda pública / uso común,
145.65,MHz,145.65,NFM,R2 SALIDA MB,Radioaficionados,Madrid/Nacional,escanerfrecuencias (listado Madrid),SI,Banda pública / uso común,
145.675,MHz,145.675,NFM,R3 SALIDA,Radioaficionados,Madrid/Nacional,escanerfrecuencias (listado Madrid),SI,Banda pública / uso común,
145.7,MHz,145.7,NFM,R4 SALIDA,Radioaficionados,Madrid/Nacional,escanerfrecuencias (listado Madrid),SI,Banda pública / uso común,
145.725,MHz,145.725,NFM,R5 SALIDA MB,Radioaficionados,Madrid/Nacional,escanerfrecuencias (listado Madrid),SI,Banda pública / uso común,
145.7375,MHz,145.7375,NFM,Repetidor FM 2m sierra (R7),Radioaficionados,Madrid / Sierra,"RADIO://es (Notion, curado)",SI,Curado y verificado en el proyecto,Salida de repetidor R7 en 2m (entrada -600 kHz). Verificar indicativo y CTCSS en URE.
145.75,MHz,145.75,NFM,R6 SALIDA,Radioaficionados,Madrid/Nacional,escanerfrecuencias (listado Madrid),SI,Banda pública / uso común,
145.775,MHz,145.775,NFM,R7 SALIDA,Radioaficionados,Madrid/Nacional,escanerfrecuencias (listado Madrid),SI,Banda pública / uso común,
145.800 MHz,—,145.8,—,"Señal rusa desde la Estación Espacial Internacional. Se pueden recibir fotos conmemorativas que emiten, utilizando el pr",Uso común,Nacional,Listado frecuencias radio España,SI,Banda pública general,
146.175,MHz,146.175,NFM,REMER,Radioaficionados,Madrid/Nacional,escanerfrecuencias (listado Madrid),SI,Banda pública / uso común,
146.3,MHz,146.3,NFM,EMISORA DE TAXI PRIVADA MB,Servicios/Utilities,Madrid/Nacional,escanerfrecuencias (listado Madrid),SI,Banda pública / uso común,
146.45,MHz,146.45,NFM,RADIO AFICIONADOS MB,Radioaficionados,Madrid/Nacional,escanerfrecuencias (listado Madrid),SI,Banda pública / uso común,
146.475,MHz,146.475,NFM,EMISORA DE TAXI PRIVADA MB S,Servicios/Utilities,Madrid/Nacional,escanerfrecuencias (listado Madrid),SI,Banda pública / uso común,
146.625,MHz,146.625,NFM,REMER,Radioaficionados,Madrid/Nacional,escanerfrecuencias (listado Madrid),SI,Banda pública / uso común,
146.65,MHz,146.65,NFM,REMER C S,Radioaficionados,Madrid/Nacional,escanerfrecuencias (listado Madrid),SI,Banda pública / uso común,
146.675,MHz,146.675,NFM,REMER (MADRID) MB,Radioaficionados,Madrid/Nacional,escanerfrecuencias (listado Madrid),SI,Banda pública / uso común,
146.75,MHz,146.75,NFM,REMER,Radioaficionados,Madrid/Nacional,escanerfrecuencias (listado Madrid),SI,Banda pública / uso común,
146.995,MHz,146.995,NFM,EMISORA DE TAXI PRIVADA MB S,Servicios/Utilities,Madrid/Nacional,escanerfrecuencias (listado Madrid),SI,Banda pública / uso común,
148.135,MHz,148.135,NFM,SEGURIDAD PRIVADA C B,Otros/Sin identificar,Madrid/Nacional,escanerfrecuencias (listado Madrid),SI,Banda pública / uso común,
148.175,MHz,148.175,NFM,RADIO AFICIONADO O SIMILAR C B,Radioaficionados,Madrid/Nacional,escanerfrecuencias (listado Madrid),SI,Banda pública / uso común,
148.425,MHz,148.425,NFM,BUSCAS (MENSATEL COCA-COLA),Servicios/Utilities,Madrid/Nacional,escanerfrecuencias (listado Madrid),SI,Banda pública / uso común,
148.8,MHz,148.8,NFM,REP. -1150,Otros/Sin identificar,Madrid/Nacional,escanerfrecuencias (listado Madrid),SI,Banda pública / uso común,
149.575,MHz,149.575,NFM,TAXI B S,Otros/Sin identificar,Madrid/Nacional,escanerfrecuencias (listado Madrid),SI,Banda pública / uso común,
149.625,MHz,149.625,NFM,TAXI B S,Otros/Sin identificar,Madrid/Nacional,escanerfrecuencias (listado Madrid),SI,Banda pública / uso común,
149.9,MHz,149.9,NFM,RADIO AFICIONADOS MB,Radioaficionados,Madrid/Nacional,escanerfrecuencias (listado Madrid),SI,Banda pública / uso común,
150.05,MHz,150.05,NFM,TAXI B,Otros/Sin identificar,Madrid/Nacional,escanerfrecuencias (listado Madrid),SI,Banda pública / uso común,
150.425,MHz,150.425,NFM,TAXI B S,Otros/Sin identificar,Madrid/Nacional,escanerfrecuencias (listado Madrid),SI,Banda pública / uso común,
150.475,MHz,150.475,NFM,TAXI C S,Otros/Sin identificar,Madrid/Nacional,escanerfrecuencias (listado Madrid),SI,Banda pública / uso común,
150.575,MHz,150.575,NFM,TAXI B S,Otros/Sin identificar,Madrid/Nacional,escanerfrecuencias (listado Madrid),SI,Banda pública / uso común,
150.58,MHz,150.58,NFM,TAXI MB S,Otros/Sin identificar,Madrid/Nacional,escanerfrecuencias (listado Madrid),SI,Banda pública / uso común,
150.85,MHz,150.85,NFM,CAMIONES,Transporte,Madrid/Nacional,escanerfrecuencias (listado Madrid),SI,Banda pública / uso común,
151.15,MHz,151.15,NFM,GRUAS GARCIA,Transporte,Madrid/Nacional,escanerfrecuencias (listado Madrid),SI,Banda pública / uso común,
151.676,MHz,151.676,NFM,TAXI B,Otros/Sin identificar,Madrid/Nacional,escanerfrecuencias (listado Madrid),SI,Banda pública / uso común,
151.775,MHz,151.775,NFM,M.O.P.,Otros/Sin identificar,Madrid/Nacional,escanerfrecuencias (listado Madrid),SI,Banda pública / uso común,
151.9,MHz,151.9,NFM,TRANSPORTES,Transporte,Madrid/Nacional,escanerfrecuencias (listado Madrid),SI,Banda pública / uso común,
152.025,MHz,152.025,NFM,PAQUETERIA,Otros/Sin identificar,Madrid/Nacional,escanerfrecuencias (listado Madrid),SI,Banda pública / uso común,
152.325,MHz,152.325,NFM,SEGURIDAD BURGO CENTRO LAS ROZAS,Otros/Sin identificar,Madrid/Nacional,escanerfrecuencias (listado Madrid),SI,Banda pública / uso común,
152.485,MHz,152.485,NFM,LIMPIEZA DEL AYUNTAMIENTO MOSTOLES C MB,Otros/Sin identificar,Madrid/Nacional,escanerfrecuencias (listado Madrid),SI,Banda pública / uso común,
153.3,MHz,153.3,NFM,BROÑIGAL C MB,Otros/Sin identificar,Madrid/Nacional,escanerfrecuencias (listado Madrid),SI,Banda pública / uso común,
153.52,MHz,153.52,NFM,TRANSPORTES C MB,Transporte,Madrid/Nacional,escanerfrecuencias (listado Madrid),SI,Banda pública / uso común,
153.925,MHz,153.925,NFM,COMENTARISTAS VUELTA CICLISTA MB,Medios/Broadcast,Madrid/Nacional,escanerfrecuencias (listado Madrid),SI,Banda pública / uso común,
154.65,MHz,154.65,NFM,AUTORES MB,Otros/Sin identificar,Madrid/Nacional,escanerfrecuencias (listado Madrid),SI,Banda pública / uso común,
155.025,MHz,155.025,NFM,R. TAXI,Otros/Sin identificar,Madrid/Nacional,escanerfrecuencias (listado Madrid),SI,Banda pública / uso común,
155.075,MHz,155.075,NFM,R. TAXI,Otros/Sin identificar,Madrid/Nacional,escanerfrecuencias (listado Madrid),SI,Banda pública / uso común,
155.175,MHz,155.175,NFM,R. TAXI MB S,Otros/Sin identificar,Madrid/Nacional,escanerfrecuencias (listado Madrid),SI,Banda pública / uso común,
155.375,MHz,155.375,NFM,R. TAXI,Otros/Sin identificar,Madrid/Nacional,escanerfrecuencias (listado Madrid),SI,Banda pública / uso común,
155.615,MHz,155.615,NFM,R. TAXI,Otros/Sin identificar,Madrid/Nacional,escanerfrecuencias (listado Madrid),SI,Banda pública / uso común,
156-162 MHz,—,156,—,VHF Marino: Incluyendo el canal 16 para emergencias marítimas.,Marítima,Nacional,Listado frecuencias radio España,SI,Marítimo público,
156.265,MHz,156.265,NFM,GRUA,Transporte,Madrid/Nacional,escanerfrecuencias (listado Madrid),SI,Banda pública / uso común,
156.300- 156.450- 156.500- 156.550- 156.,—,156.3,—,Canales VHF marino para diversas comunicaciones marítimas.,Marítima,Nacional,Listado frecuencias radio España,SI,Marítimo público,
156.3,MHz,156.3,NFM,VHF Maritimo Canal 6 (seguridad),Maritima,Nacional,"RADIO://es (Notion, curado)",SI,Curado y verificado en el proyecto,Comunicaciones de seguridad entre buques. Canal internacional.
156.525,MHz,156.525,Digital,VHF Maritimo Canal 70 (DSC),Maritima,Nacional,"RADIO://es (Notion, curado)",SI,Curado y verificado en el proyecto,Llamada selectiva digital (DSC) del GMDSS. Rafagas de alerta de socorro. SDR.
156.65,MHz,156.65,NFM,VHF Maritimo Canal 13 (puente a puente),Maritima,Nacional,"RADIO://es (Notion, curado)",SI,Curado y verificado en el proyecto,Seguridad de la navegacion buque-buque. Muy activo en zonas portuarias y estrechos.
156.800 MHz,—,156.8,—,"Canales VHF marino, usado para llamadas selectivas digitales – DSC.",Radioaficionados,Nacional,Listado frecuencias radio España,SI,Banda de aficionado/CB,
156.8,MHz,156.8,NFM,Canal 16 maritimo (referencia),Maritima,Nacional,"RADIO://es (Notion, curado)",SI,Curado y verificado en el proyecto,"Socorro, urgencia y llamada maritima internacional. Recibible en costa y via WebSDR."
156.975,MHz,156.975,NFM,R. TAXI,Otros/Sin identificar,Madrid/Nacional,escanerfrecuencias (listado Madrid),SI,Banda pública / uso común,
157.2,MHz,157.2,NFM,R. CADENA COPE,Medios/Broadcast,Madrid/Nacional,escanerfrecuencias (listado Madrid),SI,Banda pública / uso común,
157.225,MHz,157.225,NFM,R.T.V.E.,Otros/Sin identificar,Madrid/Nacional,escanerfrecuencias (listado Madrid),SI,Banda pública / uso común,
157.575,MHz,157.575,NFM,TAXI,Otros/Sin identificar,Madrid/Nacional,escanerfrecuencias (listado Madrid),SI,Banda pública / uso común,
158.05,MHz,158.05,NFM,EL CORTE INGLES,Otros/Sin identificar,Madrid/Nacional,escanerfrecuencias (listado Madrid),SI,Banda pública / uso común,
158.92,MHz,158.92,NFM,TAXI DE MAJADAHONDA,Otros/Sin identificar,Madrid/Nacional,escanerfrecuencias (listado Madrid),SI,Banda pública / uso común,
158.925,MHz,158.925,NFM,TAXI MAJADAHONDA,Otros/Sin identificar,Madrid/Nacional,escanerfrecuencias (listado Madrid),SI,Banda pública / uso común,
159.3,MHz,159.3,NFM,WALKIES YAESU,PMR446/Uso libre,Madrid/Nacional,escanerfrecuencias (listado Madrid),SI,Banda pública / uso común,
159.92,MHz,159.92,NFM,A.D.A. GRUAS CIPERAUTO,Transporte,Madrid/Nacional,escanerfrecuencias (listado Madrid),SI,Banda pública / uso común,
159.95,MHz,159.95,NFM,GRUAS FERNANDO,Transporte,Madrid/Nacional,escanerfrecuencias (listado Madrid),SI,Banda pública / uso común,
160.46,MHz,160.46,NFM,CONDUCTORES,Otros/Sin identificar,Madrid/Nacional,escanerfrecuencias (listado Madrid),SI,Banda pública / uso común,
160.7,MHz,160.7,NFM,TAXI (EMISORA PARTICULAR) B,Servicios/Utilities,Madrid/Nacional,escanerfrecuencias (listado Madrid),SI,Banda pública / uso común,
160.84,MHz,160.84,NFM,TOLEDO,Otros/Sin identificar,Madrid/Nacional,escanerfrecuencias (listado Madrid),SI,Banda pública / uso común,
161.025,MHz,161.025,NFM,SEGURIDAD PRIVADA B,Otros/Sin identificar,Madrid/Nacional,escanerfrecuencias (listado Madrid),SI,Banda pública / uso común,
161.625,MHz,161.625,AM,AVIONES AIRE-AIRE MB,Aeronáutica,Madrid/Nacional,escanerfrecuencias (listado Madrid),SI,Banda pública / uso común,
161.9,MHz,161.9,NFM,TAXI MB,Otros/Sin identificar,Madrid/Nacional,escanerfrecuencias (listado Madrid),SI,Banda pública / uso común,
161.975,MHz,161.975,Digital,AIS Canal A (161.975),Maritima,Nacional,"RADIO://es (Notion, curado)",SI,Curado y verificado en el proyecto,AIS-1: posicion y datos de buques. RTL-SDR + AISdecoder/OpenCPN. Muy popular en escucha costera.
162.025,MHz,162.025,Digital,AIS Canal B (162.025),Maritima,Nacional,"RADIO://es (Notion, curado)",SI,Curado y verificado en el proyecto,AIS-2. Junto al canal A cubre todo el trafico maritimo. RTL-SDR + software AIS.
163.3,MHz,163.3,NFM,TAXI (EMISORA PARTICULAR) MB,Servicios/Utilities,Madrid/Nacional,escanerfrecuencias (listado Madrid),SI,Banda pública / uso común,
163.69,MHz,163.69,NFM,BASUREROS B,Radioaficionados,Madrid/Nacional,escanerfrecuencias (listado Madrid),SI,Banda pública / uso común,
164.685,MHz,164.685,NFM,EMISORA PRIVADA MB,Servicios/Utilities,Madrid/Nacional,escanerfrecuencias (listado Madrid),SI,Banda pública / uso común,
165.3,MHz,165.3,NFM,TELETIPOS,Medios/Broadcast,Madrid/Nacional,escanerfrecuencias (listado Madrid),SI,Banda pública / uso común,
165.325,MHz,165.325,NFM,TELETIPOS,Medios/Broadcast,Madrid/Nacional,escanerfrecuencias (listado Madrid),SI,Banda pública / uso común,
165.55,MHz,165.55,NFM,SERVICIOS COORDINADOS,Otros/Sin identificar,Madrid/Nacional,escanerfrecuencias (listado Madrid),SI,Banda pública / uso común,
165.875,MHz,165.875,NFM,R. TAXI,Otros/Sin identificar,Madrid/Nacional,escanerfrecuencias (listado Madrid),SI,Banda pública / uso común,
166.775,MHz,166.775,NFM,EMISORA PRIVADA MB,Servicios/Utilities,Madrid/Nacional,escanerfrecuencias (listado Madrid),SI,Banda pública / uso común,
166.85,MHz,166.85,NFM,EMISORA PRIVADA MB,Servicios/Utilities,Madrid/Nacional,escanerfrecuencias (listado Madrid),SI,Banda pública / uso común,
170.975,MHz,170.975,NFM,"TAXI (ALCOBENDAS,ETC) MB",Otros/Sin identificar,Madrid/Nacional,escanerfrecuencias (listado Madrid),SI,Banda pública / uso común,
171.825,MHz,171.825,NFM,"TAXI (GETAFE, ETC) B",Otros/Sin identificar,Madrid/Nacional,escanerfrecuencias (listado Madrid),SI,Banda pública / uso común,
171.975,MHz,171.975,NFM,TAXI MB,Otros/Sin identificar,Madrid/Nacional,escanerfrecuencias (listado Madrid),SI,Banda pública / uso común,
172.8,MHz,172.8,NFM,TAXI B S,Otros/Sin identificar,Madrid/Nacional,escanerfrecuencias (listado Madrid),SI,Banda pública / uso común,
172.81,MHz,172.81,AM,TAXI,Otros/Sin identificar,Madrid/Nacional,escanerfrecuencias (listado Madrid),SI,Banda pública / uso común,
172.9,MHz,172.9,NFM,TAXI MB,Otros/Sin identificar,Madrid/Nacional,escanerfrecuencias (listado Madrid),SI,Banda pública / uso común,
173.675,MHz,173.675,NFM,TAXI MB S,Otros/Sin identificar,Madrid/Nacional,escanerfrecuencias (listado Madrid),SI,Banda pública / uso común,
174.1,MHz,174.1,NFM,Microfonia inalambrica VHF (Canal 1),Utilidad,Nacional,"RADIO://es (Notion, curado)",SI,Curado y verificado en el proyecto,5 canales VHF de uso comun para microfonos (UN-95): 174.1/174.3/175.5/176.3/179.3 MHz.
176.425,MHz,176.425,NFM,TAXI,Otros/Sin identificar,Madrid/Nacional,escanerfrecuencias (listado Madrid),SI,Banda pública / uso común,
180.79,MHz,180.79,WFM,ENLACE DE TELEVISION B,Medios/Broadcast,Madrid/Nacional,escanerfrecuencias (listado Madrid),SI,Banda pública / uso común,
225.4,MHz,225.4,AM,APP MADRID MB,Aeronáutica,Madrid/Nacional,escanerfrecuencias (listado Madrid),SI,Banda pública / uso común,
230,MHz,230,NFM,TAXI,Otros/Sin identificar,Madrid/Nacional,escanerfrecuencias (listado Madrid),SI,Banda pública / uso común,
230.24,MHz,230.24,NFM,TAXI B,Otros/Sin identificar,Madrid/Nacional,escanerfrecuencias (listado Madrid),SI,Banda pública / uso común,
232.205,MHz,232.205,NFM,TAXI MB,Otros/Sin identificar,Madrid/Nacional,escanerfrecuencias (listado Madrid),SI,Banda pública / uso común,
232.24,MHz,232.24,NFM,PUEDE SER EMITRA C MB,Otros/Sin identificar,Madrid/Nacional,escanerfrecuencias (listado Madrid),SI,Banda pública / uso común,
232.68,MHz,232.68,NFM,TALLER O SIMILAR C B,Seguridad/Defensa,Madrid/Nacional,escanerfrecuencias (listado Madrid),SI,Banda pública / uso común,
243,MHz,243,AM,EMERG MB S,Otros/Sin identificar,Madrid/Nacional,escanerfrecuencias (listado Madrid),SI,Banda pública / uso común,
243,MHz,243,AM,Guardia militar / emergencia UHF (243.000),Aeronautica,Global,"RADIO://es (Notion, curado)",SI,Curado y verificado en el proyecto,Socorro militar UHF (equivalente de 121.500). Estandar OTAN publico. Requiere RX 225-400 MHz.
316.05,MHz,316.05,NFM,TAXI,Otros/Sin identificar,Madrid/Nacional,escanerfrecuencias (listado Madrid),SI,Banda pública / uso común,
319- 371- 382- 412- 421- 433 KHz,—,319,—,"Frecuencias NDB: Utilizadas en navegación aérea, transmiten en CW (Morse).",Aeronáutica,Nacional,Listado frecuencias radio España,SI,Aeronáutica pública,
319.35,MHz,319.35,NFM,TAXI,Otros/Sin identificar,Madrid/Nacional,escanerfrecuencias (listado Madrid),SI,Banda pública / uso común,
328.6-335.4 MHz,—,328.6,—,"ILS: Comunicaciones de aproximación a aeropuertos, generalmente son datos técnicos pero puede incluir voz.",Aeronáutica,Nacional,Listado frecuencias radio España,SI,Aeronáutica pública,
335.7875,MHz,335.7875,NFM,SEGURIDAD PRIVADA,Otros/Sin identificar,Madrid/Nacional,escanerfrecuencias (listado Madrid),SI,Banda pública / uso común,
336.34,MHz,336.34,NFM,SEGURIDAD PRIVADA,Otros/Sin identificar,Madrid/Nacional,escanerfrecuencias (listado Madrid),SI,Banda pública / uso común,
337.225,MHz,337.225,NFM,SEGURIDAD PRIVADA,Otros/Sin identificar,Madrid/Nacional,escanerfrecuencias (listado Madrid),SI,Banda pública / uso común,
355.955,MHz,355.955,NFM,SEGURIDAD PRIVADA,Otros/Sin identificar,Madrid/Nacional,escanerfrecuencias (listado Madrid),SI,Banda pública / uso común,
392.075,MHz,392.075,NFM,PUEDE SER ENLACE DE TELEVISION,Medios/Broadcast,Madrid/Nacional,escanerfrecuencias (listado Madrid),SI,Banda pública / uso común,
403,MHz,403,NFM,PARTE METEREOLOGICO,Otros/Sin identificar,Madrid/Nacional,escanerfrecuencias (listado Madrid),SI,Banda pública / uso común,
406.15,MHz,406.15,NFM,TAXI MB S,Otros/Sin identificar,Madrid/Nacional,escanerfrecuencias (listado Madrid),SI,Banda pública / uso común,
406.7,MHz,406.7,NFM,TAXI ( LA MISMAQUE EL 406.1500) MB S,Otros/Sin identificar,Madrid/Nacional,escanerfrecuencias (listado Madrid),SI,Banda pública / uso común,
407.15,MHz,407.15,NFM,SEGURIDAD PRIVADA DEL CORTE INGLES DE CASTELLANA MB,Otros/Sin identificar,Madrid/Nacional,escanerfrecuencias (listado Madrid),SI,Banda pública / uso común,
407.475,MHz,407.475,NFM,TAXI ( LA MISMAQUE EL 406.1500) MB S,Otros/Sin identificar,Madrid/Nacional,escanerfrecuencias (listado Madrid),SI,Banda pública / uso común,
407.775,MHz,407.775,NFM,TAXI ( LA MISMAQUE EL 406.1500) MB,Otros/Sin identificar,Madrid/Nacional,escanerfrecuencias (listado Madrid),SI,Banda pública / uso común,
408.05,MHz,408.05,NFM,EMISORA PRIVADA TAXI (DICEN EL ESTADO DEL TRÁFICO) MB S,Servicios/Utilities,Madrid/Nacional,escanerfrecuencias (listado Madrid),SI,Banda pública / uso común,
409.45,MHz,409.45,NFM,TAXI ( LA MISMAQUE EL 406.1500) MB S,Otros/Sin identificar,Madrid/Nacional,escanerfrecuencias (listado Madrid),SI,Banda pública / uso común,
414.925,MHz,414.925,NFM,LIMPIEZA AYUNTAMIENTO MB,Otros/Sin identificar,Madrid/Nacional,escanerfrecuencias (listado Madrid),SI,Banda pública / uso común,
414.975,MHz,414.975,NFM,LIMPIEZA AYUNTAMIENTO MB,Otros/Sin identificar,Madrid/Nacional,escanerfrecuencias (listado Madrid),SI,Banda pública / uso común,
417.325,MHz,417.325,NFM,SEGURIDAD PRIVADA DEL HIPERCOR DE MENDEZ ALVARO MB S,Otros/Sin identificar,Madrid/Nacional,escanerfrecuencias (listado Madrid),SI,Banda pública / uso común,
423.8,MHz,423.8,NFM,LIMPIEZA DEL AYUNTAMIENTO B,Otros/Sin identificar,Madrid/Nacional,escanerfrecuencias (listado Madrid),SI,Banda pública / uso común,
425.8875,MHz,425.8875,NFM,LIMPIEZA DEL AYUNTAMIENTO MB,Otros/Sin identificar,Madrid/Nacional,escanerfrecuencias (listado Madrid),SI,Banda pública / uso común,
426.437,MHz,426.437,NFM,LIMPIEZA DEL AYUNTAMIENTO MB S,Otros/Sin identificar,Madrid/Nacional,escanerfrecuencias (listado Madrid),SI,Banda pública / uso común,
426.525,MHz,426.525,NFM,LIMPIEZA DEL AYUNTAMIENTO MB,Otros/Sin identificar,Madrid/Nacional,escanerfrecuencias (listado Madrid),SI,Banda pública / uso común,
427.4125,MHz,427.4125,NFM,JARDINEROS AYUNTAMIENTO MB S,Otros/Sin identificar,Madrid/Nacional,escanerfrecuencias (listado Madrid),SI,Banda pública / uso común,
427.45,MHz,427.45,NFM,LIMPIEZA DEL AYUNTAMIENTO (CAMIONES DE RECOGIDA) MB S,Transporte,Madrid/Nacional,escanerfrecuencias (listado Madrid),SI,Banda pública / uso común,
427.55,MHz,427.55,NFM,TAXI B S,Otros/Sin identificar,Madrid/Nacional,escanerfrecuencias (listado Madrid),SI,Banda pública / uso común,
428.875,MHz,428.875,NFM,TAXI MB S,Otros/Sin identificar,Madrid/Nacional,escanerfrecuencias (listado Madrid),SI,Banda pública / uso común,
429,MHz,429,NFM,PUEDEN SER TAXISTAS C B,Otros/Sin identificar,Madrid/Nacional,escanerfrecuencias (listado Madrid),SI,Banda pública / uso común,
429.45,MHz,429.45,NFM,TAXI MB,Otros/Sin identificar,Madrid/Nacional,escanerfrecuencias (listado Madrid),SI,Banda pública / uso común,
430-440 MHz,—,430,—,Banda de 70 centímetros: Usada por radioaficionados para comunicaciones de voz.,Radioaficionados,Nacional,Listado frecuencias radio España,SI,Banda de aficionado/CB,
430.85,MHz,430.85,NFM,TAXI MB S,Otros/Sin identificar,Madrid/Nacional,escanerfrecuencias (listado Madrid),SI,Banda pública / uso común,
431.05,MHz,431.05,NFM,R70 ENTRADA,Radioaficionados,Madrid/Nacional,escanerfrecuencias (listado Madrid),SI,Banda pública / uso común,
431.075,MHz,431.075,NFM,R71 ENTRADA,Radioaficionados,Madrid/Nacional,escanerfrecuencias (listado Madrid),SI,Banda pública / uso común,
431.1,MHz,431.1,NFM,R72 ENTRADA,Radioaficionados,Madrid/Nacional,escanerfrecuencias (listado Madrid),SI,Banda pública / uso común,
431.125,MHz,431.125,NFM,R73 ENTRADA,Radioaficionados,Madrid/Nacional,escanerfrecuencias (listado Madrid),SI,Banda pública / uso común,
431.15,MHz,431.15,NFM,R74 ENTRADA,Radioaficionados,Madrid/Nacional,escanerfrecuencias (listado Madrid),SI,Banda pública / uso común,
431.175,MHz,431.175,NFM,R75 ENTRADA,Radioaficionados,Madrid/Nacional,escanerfrecuencias (listado Madrid),SI,Banda pública / uso común,
431.2,MHz,431.2,NFM,R76 ENTRADA,Radioaficionados,Madrid/Nacional,escanerfrecuencias (listado Madrid),SI,Banda pública / uso común,
431.225,MHz,431.225,NFM,R77 ENTRADA,Radioaficionados,Madrid/Nacional,escanerfrecuencias (listado Madrid),SI,Banda pública / uso común,
431.25,MHz,431.25,NFM,R78 ENTRADA,Radioaficionados,Madrid/Nacional,escanerfrecuencias (listado Madrid),SI,Banda pública / uso común,
431.275,MHz,431.275,NFM,R79 ENTRADA,Radioaficionados,Madrid/Nacional,escanerfrecuencias (listado Madrid),SI,Banda pública / uso común,
431.3,MHz,431.3,NFM,R80 ENTRADA,Radioaficionados,Madrid/Nacional,escanerfrecuencias (listado Madrid),SI,Banda pública / uso común,
431.325,MHz,431.325,NFM,R81 ENTRADA,Radioaficionados,Madrid/Nacional,escanerfrecuencias (listado Madrid),SI,Banda pública / uso común,
431.35,MHz,431.35,NFM,R82 ENTRADA,Radioaficionados,Madrid/Nacional,escanerfrecuencias (listado Madrid),SI,Banda pública / uso común,
431.375,MHz,431.375,NFM,R83 ENTRADA,Radioaficionados,Madrid/Nacional,escanerfrecuencias (listado Madrid),SI,Banda pública / uso común,
431.4,MHz,431.4,NFM,R84 ENTRADA C MB S,Radioaficionados,Madrid/Nacional,escanerfrecuencias (listado Madrid),SI,Banda pública / uso común,
431.425,MHz,431.425,NFM,R85 ENTRADA,Radioaficionados,Madrid/Nacional,escanerfrecuencias (listado Madrid),SI,Banda pública / uso común,
431.45,MHz,431.45,NFM,R86 ENTRADA,Radioaficionados,Madrid/Nacional,escanerfrecuencias (listado Madrid),SI,Banda pública / uso común,
431.475,MHz,431.475,NFM,R87 ENTRADA,Radioaficionados,Madrid/Nacional,escanerfrecuencias (listado Madrid),SI,Banda pública / uso común,
431.5,MHz,431.5,NFM,R88 ENTRADA,Radioaficionados,Madrid/Nacional,escanerfrecuencias (listado Madrid),SI,Banda pública / uso común,
431.525,MHz,431.525,NFM,R89 ENTRADA,Radioaficionados,Madrid/Nacional,escanerfrecuencias (listado Madrid),SI,Banda pública / uso común,
431.55,MHz,431.55,NFM,R90 ENTRADA,Radioaficionados,Madrid/Nacional,escanerfrecuencias (listado Madrid),SI,Banda pública / uso común,
431.575,MHz,431.575,NFM,R91 ENTRADA,Radioaficionados,Madrid/Nacional,escanerfrecuencias (listado Madrid),SI,Banda pública / uso común,
431.6,MHz,431.6,NFM,R92 ENTRADA,Radioaficionados,Madrid/Nacional,escanerfrecuencias (listado Madrid),SI,Banda pública / uso común,
431.625,MHz,431.625,NFM,R93 ENTRADA,Radioaficionados,Madrid/Nacional,escanerfrecuencias (listado Madrid),SI,Banda pública / uso común,
431.65,MHz,431.65,NFM,R94 ENTRADA,Radioaficionados,Madrid/Nacional,escanerfrecuencias (listado Madrid),SI,Banda pública / uso común,
431.675,MHz,431.675,NFM,R95 ENTRADA,Radioaficionados,Madrid/Nacional,escanerfrecuencias (listado Madrid),SI,Banda pública / uso común,
431.7,MHz,431.7,NFM,R96 ENTRADA,Radioaficionados,Madrid/Nacional,escanerfrecuencias (listado Madrid),SI,Banda pública / uso común,
431.725,MHz,431.725,NFM,R97 ENTRADA,Radioaficionados,Madrid/Nacional,escanerfrecuencias (listado Madrid),SI,Banda pública / uso común,
431.75,MHz,431.75,NFM,R98 ENTRADA,Radioaficionados,Madrid/Nacional,escanerfrecuencias (listado Madrid),SI,Banda pública / uso común,
431.775,MHz,431.775,NFM,R99 ENTRADA,Radioaficionados,Madrid/Nacional,escanerfrecuencias (listado Madrid),SI,Banda pública / uso común,
431.8,MHz,431.8,NFM,R100 ENTRADA MB S,Radioaficionados,Madrid/Nacional,escanerfrecuencias (listado Madrid),SI,Banda pública / uso común,
431.825,MHz,431.825,NFM,R101 ENTRADA,Radioaficionados,Madrid/Nacional,escanerfrecuencias (listado Madrid),SI,Banda pública / uso común,
433.5,MHz,433.5,NFM,Llamada FM 70cm,Radioaficionados,Nacional,"RADIO://es (Notion, curado)",SI,Curado y verificado en el proyecto,Llamada FM simplex UHF. Salidas de repetidores en 438.600-439.9875 (entrada -7.6 MHz).
433.92,MHz,433.92,Digital,SRD 433 MHz (telemando/telemetria),Utilidad,Global,"RADIO://es (Notion, curado)",SI,Curado y verificado en el proyecto,"Mandos de garaje, sensores, estaciones meteo, timbres (ISM). Rafagas OOK/FSK con SDR + rtl_433."
434.5,MHz,434.5,NFM,LPD433 (banda central),Utilidad,Nacional,"RADIO://es (Notion, curado)",SI,Curado y verificado en el proyecto,"SRD 433.075-434.775 MHz, 69 canales, 10 mW. Voz en 434.040-434.790. Estadios, ferias, zonas tecnicas."
437.8,MHz,437.8,NFM,EMISORA PRIVADA MB S,Servicios/Utilities,Madrid/Nacional,escanerfrecuencias (listado Madrid),SI,Banda pública / uso común,
438.3,MHz,438.3,NFM,ESTACIONES DE RADIAFICIONADOS(FREQ) MB,Radioaficionados,Madrid/Nacional,escanerfrecuencias (listado Madrid),SI,Banda pública / uso común,
438.65,MHz,438.65,NFM,R70 SALIDA,Radioaficionados,Madrid/Nacional,escanerfrecuencias (listado Madrid),SI,Banda pública / uso común,
438.675,MHz,438.675,NFM,R71 SALIDA,Radioaficionados,Madrid/Nacional,escanerfrecuencias (listado Madrid),SI,Banda pública / uso común,
438.7,MHz,438.7,NFM,R72 SALIDA,Radioaficionados,Madrid/Nacional,escanerfrecuencias (listado Madrid),SI,Banda pública / uso común,
438.7,MHz,438.7,NFM,Repetidor FM 70cm El Bierzo (EA1RCU),Radioaficionados,El Bierzo / Leon,"RADIO://es (Notion, curado)",SI,Curado y verificado en el proyecto,"Salida FM del RC EA1RCU (Ponferrada, entrada -7.6 MHz). Confirmar salida y subtono en URE."
438.725,MHz,438.725,NFM,R73 SALIDA,Radioaficionados,Madrid/Nacional,escanerfrecuencias (listado Madrid),SI,Banda pública / uso común,
438.75,MHz,438.75,NFM,R74 SALIDA,Radioaficionados,Madrid/Nacional,escanerfrecuencias (listado Madrid),SI,Banda pública / uso común,
438.775,MHz,438.775,NFM,R75 SALIDA,Radioaficionados,Madrid/Nacional,escanerfrecuencias (listado Madrid),SI,Banda pública / uso común,
438.8,MHz,438.8,NFM,R76 SALIDA,Radioaficionados,Madrid/Nacional,escanerfrecuencias (listado Madrid),SI,Banda pública / uso común,
438.825,MHz,438.825,NFM,R77 SALIDA,Radioaficionados,Madrid/Nacional,escanerfrecuencias (listado Madrid),SI,Banda pública / uso común,
438.85,MHz,438.85,NFM,R78 SALIDA,Radioaficionados,Madrid/Nacional,escanerfrecuencias (listado Madrid),SI,Banda pública / uso común,
438.875,MHz,438.875,NFM,R79 SALIDA,Radioaficionados,Madrid/Nacional,escanerfrecuencias (listado Madrid),SI,Banda pública / uso común,
438.9,MHz,438.9,NFM,R80 SALIDA,Radioaficionados,Madrid/Nacional,escanerfrecuencias (listado Madrid),SI,Banda pública / uso común,
438.925,MHz,438.925,NFM,R81 SALIDA,Radioaficionados,Madrid/Nacional,escanerfrecuencias (listado Madrid),SI,Banda pública / uso común,
438.95,MHz,438.95,NFM,R82 SALIDA MB,Radioaficionados,Madrid/Nacional,escanerfrecuencias (listado Madrid),SI,Banda pública / uso común,
438.975,MHz,438.975,NFM,R83 SALIDA,Radioaficionados,Madrid/Nacional,escanerfrecuencias (listado Madrid),SI,Banda pública / uso común,
439,MHz,439,NFM,R84 SALIDA,Radioaficionados,Madrid/Nacional,escanerfrecuencias (listado Madrid),SI,Banda pública / uso común,
439,MHz,439,Digital,Repetidor DMR sierra de Madrid,Radioaficionados,Madrid / Sierra,"RADIO://es (Notion, curado)",SI,Curado y verificado en el proyecto,Segmento repetidores DMR 70cm (entrada -7.6 MHz). Callsign y color code en URE. SDR + DSD-FME.
439.025,MHz,439.025,NFM,R85 SALIDA,Radioaficionados,Madrid/Nacional,escanerfrecuencias (listado Madrid),SI,Banda pública / uso común,
439.05,MHz,439.05,NFM,R86 SALIDA,Radioaficionados,Madrid/Nacional,escanerfrecuencias (listado Madrid),SI,Banda pública / uso común,
439.075,MHz,439.075,NFM,R87 SALIDA,Radioaficionados,Madrid/Nacional,escanerfrecuencias (listado Madrid),SI,Banda pública / uso común,
439.1,MHz,439.1,NFM,R88 SALIDA,Radioaficionados,Madrid/Nacional,escanerfrecuencias (listado Madrid),SI,Banda pública / uso común,
439.125,MHz,439.125,NFM,R89 SALIDA,Radioaficionados,Madrid/Nacional,escanerfrecuencias (listado Madrid),SI,Banda pública / uso común,
439.15,MHz,439.15,NFM,R90 SALIDA,Radioaficionados,Madrid/Nacional,escanerfrecuencias (listado Madrid),SI,Banda pública / uso común,
439.175,MHz,439.175,NFM,R91 SALIDA,Radioaficionados,Madrid/Nacional,escanerfrecuencias (listado Madrid),SI,Banda pública / uso común,
439.2,MHz,439.2,NFM,R92 SALIDA,Radioaficionados,Madrid/Nacional,escanerfrecuencias (listado Madrid),SI,Banda pública / uso común,
439.225,MHz,439.225,NFM,R93 SALIDA,Radioaficionados,Madrid/Nacional,escanerfrecuencias (listado Madrid),SI,Banda pública / uso común,
439.25,MHz,439.25,NFM,R94 SALIDA,Radioaficionados,Madrid/Nacional,escanerfrecuencias (listado Madrid),SI,Banda pública / uso común,
439.275,MHz,439.275,NFM,R95 SALIDA,Radioaficionados,Madrid/Nacional,escanerfrecuencias (listado Madrid),SI,Banda pública / uso común,
439.3,MHz,439.3,NFM,R96 SALIDA,Radioaficionados,Madrid/Nacional,escanerfrecuencias (listado Madrid),SI,Banda pública / uso común,
439.325,MHz,439.325,NFM,R97 SALIDA,Radioaficionados,Madrid/Nacional,escanerfrecuencias (listado Madrid),SI,Banda pública / uso común,
439.35,MHz,439.35,NFM,R98 SALIDA,Radioaficionados,Madrid/Nacional,escanerfrecuencias (listado Madrid),SI,Banda pública / uso común,
439.375,MHz,439.375,NFM,R99 SALIDA,Radioaficionados,Madrid/Nacional,escanerfrecuencias (listado Madrid),SI,Banda pública / uso común,
439.4,MHz,439.4,NFM,R100 SALIDA MB,Radioaficionados,Madrid/Nacional,escanerfrecuencias (listado Madrid),SI,Banda pública / uso común,
439.425,MHz,439.425,NFM,R101 SALIDA,Radioaficionados,Madrid/Nacional,escanerfrecuencias (listado Madrid),SI,Banda pública / uso común,
441.625,MHz,441.625,NFM,CUBAS ( OBRAS) MB,Otros/Sin identificar,Madrid/Nacional,escanerfrecuencias (listado Madrid),SI,Banda pública / uso común,
445.3125,MHz,445.3125,NFM,TAXI MB,Otros/Sin identificar,Madrid/Nacional,escanerfrecuencias (listado Madrid),SI,Banda pública / uso común,
446.0-446.2 MHz,—,446,—,PMR446: Uso libre para comunicaciones de voz de corto alcance. Utilizada por ejemplo por camioneros que usan dispositivo,Uso común,Nacional,Listado frecuencias radio España,SI,Banda pública general,
446 MHz (DMR TG 99),—,446,—,Canal DMR para emergencias: Requiere decodificación digital para interpretar las comunicaciones.,Uso común,Nacional,Listado frecuencias radio España,SI,Banda pública general,
446.0062,MHz,446.0062,NFM,"WALKIES, USO SIN LICENCIA (CANAL 1) MB S",PMR446/Uso libre,Madrid/Nacional,escanerfrecuencias (listado Madrid),SI,Banda pública / uso común,
446.00625,MHz,446.00625,NFM,PMR446 Canal 1,PMR446,Nacional,"RADIO://es (Notion, curado)",SI,Curado y verificado en el proyecto,Canales 1-8 en pasos de 12.5 kHz. Uso libre; muy activo en senderismo los fines de semana.
446.0187,MHz,446.0187,NFM,"WALKIES, USO SIN LICENCIA (CANAL 2) MB S",PMR446/Uso libre,Madrid/Nacional,escanerfrecuencias (listado Madrid),SI,Banda pública / uso común,
446.0312,MHz,446.0312,NFM,"WALKIES, USO SIN LICENCIA (CANAL 3) MB S",PMR446/Uso libre,Madrid/Nacional,escanerfrecuencias (listado Madrid),SI,Banda pública / uso común,
446.0437,MHz,446.0437,NFM,"WALKIES, USO SIN LICENCIA (CANAL 4) MB S",PMR446/Uso libre,Madrid/Nacional,escanerfrecuencias (listado Madrid),SI,Banda pública / uso común,
446.04375,MHz,446.04375,NFM,PMR446 Canal 4,PMR446,Nacional,"RADIO://es (Notion, curado)",SI,Curado y verificado en el proyecto,Muy usado por personal de supermercados y almacenes. Uso comun (CNAF UN-110).
446.0562,MHz,446.0562,NFM,"WALKIES, USO SIN LICENCIA (CANAL 5) MB S",PMR446/Uso libre,Madrid/Nacional,escanerfrecuencias (listado Madrid),SI,Banda pública / uso común,
446.05625,MHz,446.05625,NFM,PMR446 Canal 5,PMR446,Nacional,"RADIO://es (Notion, curado)",SI,Curado y verificado en el proyecto,Frecuente en retail y grandes superficies. Uso comun libre (CNAF UN-110).
446.0687,MHz,446.0687,NFM,"WALKIES, USO SIN LICENCIA (CANAL 6) MB S",PMR446/Uso libre,Madrid/Nacional,escanerfrecuencias (listado Madrid),SI,Banda pública / uso común,
446.0812,MHz,446.0812,NFM,"WALKIES, USO SIN LICENCIA (CANAL 7) MB S",PMR446/Uso libre,Madrid/Nacional,escanerfrecuencias (listado Madrid),SI,Banda pública / uso común,
446.0937,MHz,446.0937,NFM,"WALKIES, USO SIN LICENCIA (CANAL MB S",PMR446/Uso libre,Madrid/Nacional,escanerfrecuencias (listado Madrid),SI,Banda pública / uso común,
446.09375,MHz,446.09375,NFM,PMR446 Canal 8,PMR446,Nacional,"RADIO://es (Notion, curado)",SI,Curado y verificado en el proyecto,Popular como canal de montana/emergencia informal entre senderistas.
446.11875,MHz,446.11875,Digital,PMR446 Digital Canal 10 (DMR),PMR446,Nacional,"RADIO://es (Notion, curado)",SI,Curado y verificado en el proyecto,Segmento digital 446.1-446.2 (DMR Tier I / dPMR). Seguridad auxiliar de eventos. SDR + DSD.
448.4,MHz,448.4,NFM,SEGURIDAD PRIVADA CHAMARTIN MB,Otros/Sin identificar,Madrid/Nacional,escanerfrecuencias (listado Madrid),SI,Banda pública / uso común,
448.85,MHz,448.85,NFM,LIMPIEZA DEL AYUNTAMIENTO(PUNTOS LIMPIOS),Otros/Sin identificar,Madrid/Nacional,escanerfrecuencias (listado Madrid),SI,Banda pública / uso común,
452.05,MHz,452.05,NFM,MOTO TVE VUELTA CICLISTA,Medios/Broadcast,Madrid/Nacional,escanerfrecuencias (listado Madrid),SI,Banda pública / uso común,
452.95,MHz,452.95,NFM,TAXI B S,Otros/Sin identificar,Madrid/Nacional,escanerfrecuencias (listado Madrid),SI,Banda pública / uso común,
453.325,MHz,453.325,NFM,TAXI,Otros/Sin identificar,Madrid/Nacional,escanerfrecuencias (listado Madrid),SI,Banda pública / uso común,
453.475,MHz,453.475,NFM,TAXI LA MISMA QUE EL 452950 C S,Otros/Sin identificar,Madrid/Nacional,escanerfrecuencias (listado Madrid),SI,Banda pública / uso común,
453.7,MHz,453.7,NFM,TAXI,Otros/Sin identificar,Madrid/Nacional,escanerfrecuencias (listado Madrid),SI,Banda pública / uso común,
453.725,MHz,453.725,NFM,TAXI,Otros/Sin identificar,Madrid/Nacional,escanerfrecuencias (listado Madrid),SI,Banda pública / uso común,
453.75,MHz,453.75,NFM,TAXI,Otros/Sin identificar,Madrid/Nacional,escanerfrecuencias (listado Madrid),SI,Banda pública / uso común,
459.2,MHz,459.2,NFM,EMISORA PRIVADA MB,Servicios/Utilities,Madrid/Nacional,escanerfrecuencias (listado Madrid),SI,Banda pública / uso común,
459.65,MHz,459.65,NFM,TAXI,Otros/Sin identificar,Madrid/Nacional,escanerfrecuencias (listado Madrid),SI,Banda pública / uso común,
459.7,MHz,459.7,NFM,ESTACIONES DE RADIAFICIONADOS(FREQ) MB,Radioaficionados,Madrid/Nacional,escanerfrecuencias (listado Madrid),SI,Banda pública / uso común,
462.36,MHz,462.36,NFM,SEGURIDAD PRIVADA ATOCHA,Otros/Sin identificar,Madrid/Nacional,escanerfrecuencias (listado Madrid),SI,Banda pública / uso común,
462.55,MHz,462.55,NFM,TAXI,Otros/Sin identificar,Madrid/Nacional,escanerfrecuencias (listado Madrid),SI,Banda pública / uso común,
462.95,MHz,462.95,NFM,TAXI MB S,Otros/Sin identificar,Madrid/Nacional,escanerfrecuencias (listado Madrid),SI,Banda pública / uso común,
462.9875,MHz,462.9875,NFM,LIMPIEZA DEL AYUNTAMIENTO MB S,Otros/Sin identificar,Madrid/Nacional,escanerfrecuencias (listado Madrid),SI,Banda pública / uso común,
463.0625,MHz,463.0625,NFM,SEGURIDAD PRIVADA MB S,Otros/Sin identificar,Madrid/Nacional,escanerfrecuencias (listado Madrid),SI,Banda pública / uso común,
463.475,MHz,463.475,NFM,TAXI ( LA MISMA QUE EL 462.950.0) MB S,Otros/Sin identificar,Madrid/Nacional,escanerfrecuencias (listado Madrid),SI,Banda pública / uso común,
463.5375,MHz,463.5375,NFM,TECMED (LIMPIEZA) MB S,Otros/Sin identificar,Madrid/Nacional,escanerfrecuencias (listado Madrid),SI,Banda pública / uso común,
463.7,MHz,463.7,NFM,TAXI MB,Otros/Sin identificar,Madrid/Nacional,escanerfrecuencias (listado Madrid),SI,Banda pública / uso común,
463.75,MHz,463.75,NFM,TAXI MB S,Otros/Sin identificar,Madrid/Nacional,escanerfrecuencias (listado Madrid),SI,Banda pública / uso común,
463.775,MHz,463.775,NFM,TAXI ( LA MISMA QUE EL 462.950.0) MB S,Otros/Sin identificar,Madrid/Nacional,escanerfrecuencias (listado Madrid),SI,Banda pública / uso común,
465.765,MHz,465.765,WFM,R.T.V.E.,Otros/Sin identificar,Madrid/Nacional,escanerfrecuencias (listado Madrid),SI,Banda pública / uso común,
468.075,MHz,468.075,NFM,TAXI MB S,Otros/Sin identificar,Madrid/Nacional,escanerfrecuencias (listado Madrid),SI,Banda pública / uso común,
468.2,MHz,468.2,NFM,TAXI,Otros/Sin identificar,Madrid/Nacional,escanerfrecuencias (listado Madrid),SI,Banda pública / uso común,
469.2,MHz,469.2,NFM,IBERIA,Aeronáutica,Madrid/Nacional,escanerfrecuencias (listado Madrid),SI,Banda pública / uso común,
469.65,MHz,469.65,NFM,TAXI MB,Otros/Sin identificar,Madrid/Nacional,escanerfrecuencias (listado Madrid),SI,Banda pública / uso común,
470-790 MHz,—,470,—,"UHF: Banda utilizada para la Televisión Digital Terrestre (TDT), requiere decodificador de TDT.",Broadcast,Nacional,Listado frecuencias radio España,SI,Broadcast público,
474.35,MHz,474.35,NFM,TAXI MB,Otros/Sin identificar,Madrid/Nacional,escanerfrecuencias (listado Madrid),SI,Banda pública / uso común,
474.875,MHz,474.875,NFM,TAXI ( LA MISMA QUE EL 474.350.0) MB,Otros/Sin identificar,Madrid/Nacional,escanerfrecuencias (listado Madrid),SI,Banda pública / uso común,
476.75,MHz,476.75,NFM,T.V.E 2 B,Otros/Sin identificar,Madrid/Nacional,escanerfrecuencias (listado Madrid),SI,Banda pública / uso común,
483.325,MHz,483.325,NFM,SEGURIDAD PRIVADA,Otros/Sin identificar,Madrid/Nacional,escanerfrecuencias (listado Madrid),SI,Banda pública / uso común,
484.35,MHz,484.35,NFM,TAXI B,Otros/Sin identificar,Madrid/Nacional,escanerfrecuencias (listado Madrid),SI,Banda pública / uso común,
484.387,MHz,484.387,NFM,LIMPIEZA DEL AYUNTAMIENTO B,Otros/Sin identificar,Madrid/Nacional,escanerfrecuencias (listado Madrid),SI,Banda pública / uso común,
484.762,MHz,484.762,WFM,T.V.E 2 B,Otros/Sin identificar,Madrid/Nacional,escanerfrecuencias (listado Madrid),SI,Banda pública / uso común,
484.875,MHz,484.875,NFM,TAXI B,Otros/Sin identificar,Madrid/Nacional,escanerfrecuencias (listado Madrid),SI,Banda pública / uso común,
485.125,MHz,485.125,NFM,TAXI MB,Otros/Sin identificar,Madrid/Nacional,escanerfrecuencias (listado Madrid),SI,Banda pública / uso común,
489.475,MHz,489.475,NFM,TAXI ( LA MISMA QUE EL 485.125.0) MB,Otros/Sin identificar,Madrid/Nacional,escanerfrecuencias (listado Madrid),SI,Banda pública / uso común,
489.75,MHz,489.75,NFM,TAXI (LA MISMA QUE EL 485.125.0) MB,Otros/Sin identificar,Madrid/Nacional,escanerfrecuencias (listado Madrid),SI,Banda pública / uso común,
491.05,MHz,491.05,NFM,TAXI MB,Otros/Sin identificar,Madrid/Nacional,escanerfrecuencias (listado Madrid),SI,Banda pública / uso común,
492.75,MHz,492.75,WFM,TELE O RADIO RELIGIOSA B,Medios/Broadcast,Madrid/Nacional,escanerfrecuencias (listado Madrid),SI,Banda pública / uso común,
500.75,MHz,500.75,WFM,T.V.E 2 B,Otros/Sin identificar,Madrid/Nacional,escanerfrecuencias (listado Madrid),SI,Banda pública / uso común,
506.162,MHz,506.162,WFM,T.V.E 2 B,Otros/Sin identificar,Madrid/Nacional,escanerfrecuencias (listado Madrid),SI,Banda pública / uso común,
508.737,MHz,508.737,WFM,TELE LOCAL B,Medios/Broadcast,Madrid/Nacional,escanerfrecuencias (listado Madrid),SI,Banda pública / uso común,
522.9,MHz,522.9,NFM,TAXI,Otros/Sin identificar,Madrid/Nacional,escanerfrecuencias (listado Madrid),SI,Banda pública / uso común,
530-1600 kHz,—,530,—,AM: Emisoras de radio comerciales.,Uso común,Nacional,Listado frecuencias radio España,SI,Banda pública general,
820.75,MHz,820.75,NFM,RADIO B,Medios/Broadcast,Madrid/Nacional,escanerfrecuencias (listado Madrid),SI,Banda pública / uso común,
827,MHz,827,Digital,PMSE produccion TV/eventos (823-832),Utilidad,Nacional,"RADIO://es (Notion, curado)",SI,Curado y verificado en el proyecto,"Audio inalambrico de produccion profesional: platos de TV, conciertos, rodajes. UN-151 / UE 2014/641."
828.762,MHz,828.762,NFM,ANTENA 3 B,Medios/Broadcast,Madrid/Nacional,escanerfrecuencias (listado Madrid),SI,Banda pública / uso común,
831.35,MHz,831.35,NFM,RADIO B,Medios/Broadcast,Madrid/Nacional,escanerfrecuencias (listado Madrid),SI,Banda pública / uso común,
839.35,MHz,839.35,NFM,TELE LOCAL MX B,Medios/Broadcast,Madrid/Nacional,escanerfrecuencias (listado Madrid),SI,Banda pública / uso común,
843.2125,MHz,843.2125,NFM,TELE O RADIO B,Medios/Broadcast,Madrid/Nacional,escanerfrecuencias (listado Madrid),SI,Banda pública / uso común,
860.075,MHz,860.075,NFM,TELE LOCAL MX B,Medios/Broadcast,Madrid/Nacional,escanerfrecuencias (listado Madrid),SI,Banda pública / uso común,
864,MHz,864,NFM,Microfonia inalambrica UHF (863-865),Utilidad,Nacional,"RADIO://es (Notion, curado)",SI,Curado y verificado en el proyecto,"Uso comun para microfonos y audio (UN-118, 10 mW). Conferencias, iglesias, teatros, bodas. SDR."
929.0875,MHz,929.0875,NFM,TELEFONO O SIMILAR,Seguridad/Defensa,Madrid/Nacional,escanerfrecuencias (listado Madrid),SI,Banda pública / uso común,
929.8625,MHz,929.8625,NFM,TELEFONO O SIMILAR MB,Seguridad/Defensa,Madrid/Nacional,escanerfrecuencias (listado Madrid),SI,Banda pública / uso común,
1267.65,MHz,1267.65,NFM,TAXI MB,Otros/Sin identificar,Madrid/Nacional,escanerfrecuencias (listado Madrid),SI,Banda pública / uso común,
2015,MHz,2015,Digital,Enlaces de video PMSE (2010-2025),Utilidad,Nacional,"RADIO://es (Notion, curado)",SI,Curado y verificado en el proyecto,Enlaces de video ENG para realizacion de programas y acontecimientos especiales. UE 2016/339.
"10,000 10,150",GHz,10000,MGM,MGM,Radioaficionados,Madrid/Nacional,LaRadioCB (plan bandas URE/IARU),SI,Plan de bandas de aficionado (público),MGM
"10,150 10,250",GHz,10150,Todos los modos,Todos los modos,Radioaficionados,Madrid/Nacional,LaRadioCB (plan bandas URE/IARU),SI,Plan de bandas de aficionado (público),Todos los modos
"10,250 10,350",GHz,10250,MGM,MGM,Radioaficionados,Madrid/Nacional,LaRadioCB (plan bandas URE/IARU),SI,Plan de bandas de aficionado (público),MGM
"10,350 10,368",GHz,10350,Todos los modos,Todos los modos,Radioaficionados,Madrid/Nacional,LaRadioCB (plan bandas URE/IARU),SI,Plan de bandas de aficionado (público),Todos los modos
"10,368 10,368.800",GHz,10368,Todos los modos,"10,3682 Centro de actividad en banda estrecha 10,368.750-10,368.800 Balizas locales",Radioaficionados,Madrid/Nacional,LaRadioCB (plan bandas URE/IARU),SI,Plan de bandas de aficionado (público),Todos los modos
"10,368.800 10,368.990",GHz,10368,,Balizas solamente,Radioaficionados,Madrid/Nacional,LaRadioCB (plan bandas URE/IARU),SI,Plan de bandas de aficionado (público),
"10,369 10,450",GHz,10369,Todos los modos,Todos los modos,Radioaficionados,Madrid/Nacional,LaRadioCB (plan bandas URE/IARU),SI,Plan de bandas de aficionado (público),Todos los modos
"10,450 10,500",GHz,10450,Todos los modos,Todos los modos,Radioaficionados,Madrid/Nacional,LaRadioCB (plan bandas URE/IARU),SI,Plan de bandas de aficionado (público),Todos los modos
"24,000 24,048",GHz,24000,Todos los modos,Todos los modos,Radioaficionados,Madrid/Nacional,LaRadioCB (plan bandas URE/IARU),SI,Plan de bandas de aficionado (público),Todos los modos
"24,048 24,048.800",GHz,24048,Todos los modos,"24,0482 Centro de actividad de banda estrecha Satélites 24,048.750-24,058.800 Balizas loca",Radioaficionados,Madrid/Nacional,LaRadioCB (plan bandas URE/IARU),SI,Plan de bandas de aficionado (público),Todos los modos
"24,048.800 24,048.995",GHz,24048,Todos los modos,Balizas,Radioaficionados,Madrid/Nacional,LaRadioCB (plan bandas URE/IARU),SI,Plan de bandas de aficionado (público),Todos los modos
"24,049 24,050",GHz,24049,Todos los modos,Satélites y modos de bandas estrecha,Radioaficionados,Madrid/Nacional,LaRadioCB (plan bandas URE/IARU),SI,Plan de bandas de aficionado (público),Todos los modos
"24,050 24,250",GHz,24050,Todos los modos,Todos los modos,Radioaficionados,Madrid/Nacional,LaRadioCB (plan bandas URE/IARU),SI,Plan de bandas de aficionado (público),Todos los modos
"47,000 47,088",GHz,47000,Todos los modos,Todos los modos,Radioaficionados,Madrid/Nacional,LaRadioCB (plan bandas URE/IARU),SI,Plan de bandas de aficionado (público),Todos los modos
"47,088 47,090",GHz,47088,Todos los modos,Centro de actividad de banda estrecha,Radioaficionados,Madrid/Nacional,LaRadioCB (plan bandas URE/IARU),SI,Plan de bandas de aficionado (público),Todos los modos
"47,090 47,200",GHz,47090,Todos los modos,Todos los modos,Radioaficionados,Madrid/Nacional,LaRadioCB (plan bandas URE/IARU),SI,Plan de bandas de aficionado (público),Todos los modos
74.4,MHz,74.4,NFM,COCHES 061 MB S,Emergencia sanitaria,Madrid/Nacional,escanerfrecuencias (listado Madrid),DUDOSO,Emergencia sanitaria,
74.5,MHz,74.5,NFM,061 UVI (INSALUD) MB,Emergencia sanitaria,Madrid/Nacional,escanerfrecuencias (listado Madrid),DUDOSO,Emergencia sanitaria,
76.95,MHz,76.95,NFM,USO DESCONOCIDO,Otros/Sin identificar,Madrid/Nacional,escanerfrecuencias (listado Madrid),DUDOSO,Uso sin identificar,
78.625,MHz,78.625,NFM,AMBULANCIAS PRIVADAS MB,Emergencia sanitaria,Madrid/Nacional,escanerfrecuencias (listado Madrid),DUDOSO,Emergencia sanitaria,
80.225,MHz,80.225,NFM,061 UVI (INSALUD) MB,Emergencia sanitaria,Madrid/Nacional,escanerfrecuencias (listado Madrid),DUDOSO,Emergencia sanitaria,
80.23,MHz,80.23,NFM,AMBULANCIAS MB,Emergencia sanitaria,Madrid/Nacional,escanerfrecuencias (listado Madrid),DUDOSO,Emergencia sanitaria,
80.3,MHz,80.3,NFM,SUMMA B,Emergencia sanitaria,Madrid/Nacional,escanerfrecuencias (listado Madrid),DUDOSO,Emergencia sanitaria,
80.4,MHz,80.4,NFM,SUMMA B S,Emergencia sanitaria,Madrid/Nacional,escanerfrecuencias (listado Madrid),DUDOSO,Emergencia sanitaria,
81.225,MHz,81.225,NFM,TRAFICO,Transporte,Madrid/Nacional,escanerfrecuencias (listado Madrid),DUDOSO,Transporte/infraestructura,
81.55,MHz,81.55,NFM,FORESTALES,Protección civil,Madrid/Nacional,escanerfrecuencias (listado Madrid),DUDOSO,Emergencia/protección civil,
81.675,MHz,81.675,NFM,USO DESCONOCIDO,Otros/Sin identificar,Madrid/Nacional,escanerfrecuencias (listado Madrid),DUDOSO,Uso sin identificar,
82.3,MHz,82.3,NFM,USO DESCONOCIDO,Otros/Sin identificar,Madrid/Nacional,escanerfrecuencias (listado Madrid),DUDOSO,Uso sin identificar,
82.75,MHz,82.75,NFM,FORESTALES,Protección civil,Madrid/Nacional,escanerfrecuencias (listado Madrid),DUDOSO,Emergencia/protección civil,
83.651,MHz,83.651,NFM,BOMBEROS,Protección civil,Madrid/Nacional,escanerfrecuencias (listado Madrid),DUDOSO,Emergencia/protección civil,
85.375,MHz,85.375,NFM,D.Y.A.,Emergencia sanitaria,Madrid/Nacional,escanerfrecuencias (listado Madrid),DUDOSO,Emergencia sanitaria,
85.527,MHz,85.527,NFM,D.Y.A.,Emergencia sanitaria,Madrid/Nacional,escanerfrecuencias (listado Madrid),DUDOSO,Emergencia sanitaria,
86.525,MHz,86.525,NFM,FORESTALES,Protección civil,Madrid/Nacional,escanerfrecuencias (listado Madrid),DUDOSO,Emergencia/protección civil,
140.2,MHz,140.2,NFM,RADIOAFICIONADOS 2 METROS (VALLEKAS) B S,Radioaficionados,Madrid/Nacional,escanerfrecuencias (listado Madrid),DUDOSO,Transporte/infraestructura,
140.425,MHz,140.425,NFM,USO DESCONOCIDO C R S,Otros/Sin identificar,Madrid/Nacional,escanerfrecuencias (listado Madrid),DUDOSO,Uso sin identificar,
142.375,MHz,142.375,NFM,CONSERVACION CARRETERAS M-30 B S,Transporte,Madrid/Nacional,escanerfrecuencias (listado Madrid),DUDOSO,Transporte/infraestructura,
142.45,MHz,142.45,NFM,USO DESCONOCIDO C MB,Otros/Sin identificar,Madrid/Nacional,escanerfrecuencias (listado Madrid),DUDOSO,Uso sin identificar,
144.775,MHz,144.775,NFM,RADIOAFICIONADOS 2 METROS B S,Radioaficionados,Madrid/Nacional,escanerfrecuencias (listado Madrid),DUDOSO,Transporte/infraestructura,
145.225,MHz,145.225,NFM,RADIOAFICIONADOS 2 METROS MB S,Radioaficionados,Madrid/Nacional,escanerfrecuencias (listado Madrid),DUDOSO,Transporte/infraestructura,
145.55,MHz,145.55,NFM,RADIOAFICIONADOS 2 METROS B S,Radioaficionados,Madrid/Nacional,escanerfrecuencias (listado Madrid),DUDOSO,Transporte/infraestructura,
146.025,MHz,146.025,NFM,PROTECCION CIVIL,Protección civil,Madrid/Nacional,escanerfrecuencias (listado Madrid),DUDOSO,Emergencia/protección civil,
146.05,MHz,146.05,NFM,PROTECCION CIVIL,Protección civil,Madrid/Nacional,escanerfrecuencias (listado Madrid),DUDOSO,Emergencia/protección civil,
146.075,MHz,146.075,NFM,PROTECCION CIVIL,Protección civil,Madrid/Nacional,escanerfrecuencias (listado Madrid),DUDOSO,Emergencia/protección civil,
146.1,MHz,146.1,NFM,PROTECCION CIVIL - partidos futbol - Drtor Gral,Protección civil,Madrid/Nacional,escanerfrecuencias (listado Madrid),DUDOSO,Emergencia/protección civil,
146.125,MHz,146.125,NFM,PROTECCION CIVIL,Protección civil,Madrid/Nacional,escanerfrecuencias (listado Madrid),DUDOSO,Emergencia/protección civil,
146.15,MHz,146.15,NFM,PROTECCION CIVIL,Protección civil,Madrid/Nacional,escanerfrecuencias (listado Madrid),DUDOSO,Emergencia/protección civil,
146.2,MHz,146.2,NFM,PROTECCION CIVIL,Protección civil,Madrid/Nacional,escanerfrecuencias (listado Madrid),DUDOSO,Emergencia/protección civil,
146.25,MHz,146.25,NFM,PROTECCION CIVIL,Protección civil,Madrid/Nacional,escanerfrecuencias (listado Madrid),DUDOSO,Emergencia/protección civil,
146.375,MHz,146.375,NFM,USO DESCONOCIDO C B,Otros/Sin identificar,Madrid/Nacional,escanerfrecuencias (listado Madrid),DUDOSO,Uso sin identificar,
146.6,MHz,146.6,NFM,PROTECCION CIVIL,Protección civil,Madrid/Nacional,escanerfrecuencias (listado Madrid),DUDOSO,Emergencia/protección civil,
146.685,MHz,146.685,WFM,USO DESCONOCIDO B,Otros/Sin identificar,Madrid/Nacional,escanerfrecuencias (listado Madrid),DUDOSO,Uso sin identificar,
146.725,MHz,146.725,NFM,PROTECCION CIVIL,Protección civil,Madrid/Nacional,escanerfrecuencias (listado Madrid),DUDOSO,Emergencia/protección civil,
146.775,MHz,146.775,NFM,PROTECCION CIVIL,Protección civil,Madrid/Nacional,escanerfrecuencias (listado Madrid),DUDOSO,Emergencia/protección civil,
146.8,MHz,146.8,NFM,PROTECCION CIVIL,Protección civil,Madrid/Nacional,escanerfrecuencias (listado Madrid),DUDOSO,Emergencia/protección civil,
146.925,MHz,146.925,NFM,USO DESCONOCIDO C MB,Otros/Sin identificar,Madrid/Nacional,escanerfrecuencias (listado Madrid),DUDOSO,Uso sin identificar,
147.3,MHz,147.3,NFM,USO DESCONOCIDO,Otros/Sin identificar,Madrid/Nacional,escanerfrecuencias (listado Madrid),DUDOSO,Uso sin identificar,
147.42,MHz,147.42,NFM,HIDROELECTRICA,Servicios/Utilities,Madrid/Nacional,escanerfrecuencias (listado Madrid),DUDOSO,Servicios públicos (utilities),
147.425,MHz,147.425,NFM,PROTECCIÓN CIVIL ALCORCÓN,Otros/Sin identificar,Madrid/Nacional,escanerfrecuencias (listado Madrid),DUDOSO,Emergencia/protección civil,
147.465,MHz,147.465,NFM,USO DESCONOCIDO,Otros/Sin identificar,Madrid/Nacional,escanerfrecuencias (listado Madrid),DUDOSO,Uso sin identificar,
147.787,MHz,147.787,NFM,AMBULANCIAS SANTA SOFIA,Emergencia sanitaria,Madrid/Nacional,escanerfrecuencias (listado Madrid),DUDOSO,Emergencia sanitaria,
147.815,MHz,147.815,NFM,USO DESCONOCIDO,Otros/Sin identificar,Madrid/Nacional,escanerfrecuencias (listado Madrid),DUDOSO,Uso sin identificar,
148.115,MHz,148.115,NFM,USO DESCONOCIDO C B,Otros/Sin identificar,Madrid/Nacional,escanerfrecuencias (listado Madrid),DUDOSO,Uso sin identificar,
148.155,MHz,148.155,NFM,USO DESCONOCIDO C B,Otros/Sin identificar,Madrid/Nacional,escanerfrecuencias (listado Madrid),DUDOSO,Uso sin identificar,
149.075,MHz,149.075,NFM,USO DESCONOCIDO,Otros/Sin identificar,Madrid/Nacional,escanerfrecuencias (listado Madrid),DUDOSO,Uso sin identificar,
149.19,MHz,149.19,NFM,USO DESCONOCIDO,Otros/Sin identificar,Madrid/Nacional,escanerfrecuencias (listado Madrid),DUDOSO,Uso sin identificar,
149.425,MHz,149.425,NFM,AMBULANCIAS ELENA,Emergencia sanitaria,Madrid/Nacional,escanerfrecuencias (listado Madrid),DUDOSO,Emergencia sanitaria,
149.63,MHz,149.63,NFM,USO DESCONOCIDO C B,Otros/Sin identificar,Madrid/Nacional,escanerfrecuencias (listado Madrid),DUDOSO,Uso sin identificar,
149.8,MHz,149.8,NFM,AMBULANCIAS,Emergencia sanitaria,Madrid/Nacional,escanerfrecuencias (listado Madrid),DUDOSO,Emergencia sanitaria,
150.1,MHz,150.1,NFM,USO DESCONOCIDO C B,Otros/Sin identificar,Madrid/Nacional,escanerfrecuencias (listado Madrid),DUDOSO,Uso sin identificar,
150.205,MHz,150.205,NFM,USO DESCONOCIDO,Otros/Sin identificar,Madrid/Nacional,escanerfrecuencias (listado Madrid),DUDOSO,Uso sin identificar,
150.335,MHz,150.335,NFM,USO DESCONOCIDO,Otros/Sin identificar,Madrid/Nacional,escanerfrecuencias (listado Madrid),DUDOSO,Uso sin identificar,
150.355,MHz,150.355,NFM,USO DESCONOCIDO,Otros/Sin identificar,Madrid/Nacional,escanerfrecuencias (listado Madrid),DUDOSO,Uso sin identificar,
150.42,MHz,150.42,NFM,USO DESCONOCIDO C B S,Otros/Sin identificar,Madrid/Nacional,escanerfrecuencias (listado Madrid),DUDOSO,Uso sin identificar,
150.625,MHz,150.625,NFM,AMBULANCIAS PRIVADAS B,Emergencia sanitaria,Madrid/Nacional,escanerfrecuencias (listado Madrid),DUDOSO,Emergencia sanitaria,
150.8,MHz,150.8,NFM,USO DESCONOCIDO,Otros/Sin identificar,Madrid/Nacional,escanerfrecuencias (listado Madrid),DUDOSO,Uso sin identificar,
150.875,MHz,150.875,NFM,USO DESCONOCIDO,Otros/Sin identificar,Madrid/Nacional,escanerfrecuencias (listado Madrid),DUDOSO,Uso sin identificar,
151,MHz,151,NFM,AMBULANCIAS B,Emergencia sanitaria,Madrid/Nacional,escanerfrecuencias (listado Madrid),DUDOSO,Emergencia sanitaria,
151.22,MHz,151.22,NFM,HANDLING (TRIPULACION DE LOS AVIONES) MB S,Aeronáutica,Madrid/Nacional,escanerfrecuencias (listado Madrid),DUDOSO,Operaciones aeroportuarias (privadas),
151.445,MHz,151.445,NFM,"VIAJES, USO DESCONOCIDO C B",Otros/Sin identificar,Madrid/Nacional,escanerfrecuencias (listado Madrid),DUDOSO,Uso sin identificar,
151.45,MHz,151.45,NFM,USO DESCONOCIDO C MB S,Otros/Sin identificar,Madrid/Nacional,escanerfrecuencias (listado Madrid),DUDOSO,Uso sin identificar,
151.525,MHz,151.525,NFM,HANDLING AEROPUERTO C MB S,Aeronáutica,Madrid/Nacional,escanerfrecuencias (listado Madrid),DUDOSO,Operaciones aeroportuarias (privadas),
151.575,MHz,151.575,NFM,AUTOBUSES o AMBULANCIAS EUROPA,Emergencia sanitaria,Madrid/Nacional,escanerfrecuencias (listado Madrid),DUDOSO,Emergencia sanitaria,
151.625 MHz,—,151.625,—,"Frecuencia itinerante usada por empresas como circos y ferias, personal de seguridad, y otras comunicaciones de voz.",Uso común,Nacional,Listado frecuencias radio España,DUDOSO,Itinerante (ferias/seguridad mixto),
151.675,MHz,151.675,NFM,HANDLING C MB,Aeronáutica,Madrid/Nacional,escanerfrecuencias (listado Madrid),DUDOSO,Operaciones aeroportuarias (privadas),
151.72,MHz,151.72,NFM,HANDLING AEROPUERTO (SERVICIOS DE PISTA) MB S,Aeronáutica,Madrid/Nacional,escanerfrecuencias (listado Madrid),DUDOSO,Operaciones aeroportuarias (privadas),
151.725,MHz,151.725,NFM,"HANDLING (COCHES DE PISTA, COMPAÑIAS) MB S",Aeronáutica,Madrid/Nacional,escanerfrecuencias (listado Madrid),DUDOSO,Operaciones aeroportuarias (privadas),
151.73,MHz,151.73,NFM,USO DESCONOCIDO C B,Otros/Sin identificar,Madrid/Nacional,escanerfrecuencias (listado Madrid),DUDOSO,Uso sin identificar,
152.085,MHz,152.085,NFM,USO DESCONOCIDO C MB,Otros/Sin identificar,Madrid/Nacional,escanerfrecuencias (listado Madrid),DUDOSO,Uso sin identificar,
152.3,MHz,152.3,NFM,USO DESCONOCIDO C MB,Otros/Sin identificar,Madrid/Nacional,escanerfrecuencias (listado Madrid),DUDOSO,Uso sin identificar,
152.37,MHz,152.37,NFM,USO DESCONOCIDO C B S,Otros/Sin identificar,Madrid/Nacional,escanerfrecuencias (listado Madrid),DUDOSO,Uso sin identificar,
152.38,MHz,152.38,NFM,USO DESCONOCIDO C B S,Otros/Sin identificar,Madrid/Nacional,escanerfrecuencias (listado Madrid),DUDOSO,Uso sin identificar,
152.385,MHz,152.385,NFM,TRASPORTE A RESIDENCIAS PARECE DE CRUZ ROJA MB,Emergencia sanitaria,Madrid/Nacional,escanerfrecuencias (listado Madrid),DUDOSO,Emergencia sanitaria,
152.395,MHz,152.395,NFM,HANDLING C MB,Aeronáutica,Madrid/Nacional,escanerfrecuencias (listado Madrid),DUDOSO,Operaciones aeroportuarias (privadas),
152.45,MHz,152.45,NFM,USO DESCONOCIDO C B,Otros/Sin identificar,Madrid/Nacional,escanerfrecuencias (listado Madrid),DUDOSO,Uso sin identificar,
152.742,MHz,152.742,NFM,USO DESCONOCIDO C B,Otros/Sin identificar,Madrid/Nacional,escanerfrecuencias (listado Madrid),DUDOSO,Uso sin identificar,
152.875,MHz,152.875,NFM,USO DESCONOCIDO,Otros/Sin identificar,Madrid/Nacional,escanerfrecuencias (listado Madrid),DUDOSO,Uso sin identificar,
152.885,MHz,152.885,NFM,AMBULANCIAS PRIVADAS B,Emergencia sanitaria,Madrid/Nacional,escanerfrecuencias (listado Madrid),DUDOSO,Emergencia sanitaria,
152.935,MHz,152.935,NFM,AMBULANCIAS MB S,Emergencia sanitaria,Madrid/Nacional,escanerfrecuencias (listado Madrid),DUDOSO,Emergencia sanitaria,
152.97,MHz,152.97,NFM,USO DESCONOCIDO C MB S,Otros/Sin identificar,Madrid/Nacional,escanerfrecuencias (listado Madrid),DUDOSO,Uso sin identificar,
152.9875,MHz,152.9875,NFM,AMBULANCIAS SANTA SOFIA MB S,Emergencia sanitaria,Madrid/Nacional,escanerfrecuencias (listado Madrid),DUDOSO,Emergencia sanitaria,
153,MHz,153,NFM,USO DESCONOCIDO B S,Otros/Sin identificar,Madrid/Nacional,escanerfrecuencias (listado Madrid),DUDOSO,Uso sin identificar,
153.125,MHz,153.125,NFM,ANTIGUA SAMUR,Emergencia sanitaria,Madrid/Nacional,escanerfrecuencias (listado Madrid),DUDOSO,Emergencia sanitaria,
153.13,MHz,153.13,NFM,HANDLING TAXI O SIMILAR BARAJAS MB S,Aeronáutica,Madrid/Nacional,escanerfrecuencias (listado Madrid),DUDOSO,Operaciones aeroportuarias (privadas),
153.135,MHz,153.135,NFM,PUEDEN SER AUXILIARES DE UN HOSPITAL C MB,Otros/Sin identificar,Madrid/Nacional,escanerfrecuencias (listado Madrid),DUDOSO,Emergencia sanitaria,
153.15,MHz,153.15,NFM,USO DESCONOCIDO,Otros/Sin identificar,Madrid/Nacional,escanerfrecuencias (listado Madrid),DUDOSO,Uso sin identificar,
153.245,MHz,153.245,NFM,USO DESCONOCIDO C MB S,Otros/Sin identificar,Madrid/Nacional,escanerfrecuencias (listado Madrid),DUDOSO,Uso sin identificar,
153.575,MHz,153.575,NFM,CONSERVACION CARRETERAS (RADIAL 2) C MB S,Transporte,Madrid/Nacional,escanerfrecuencias (listado Madrid),DUDOSO,Transporte/infraestructura,
153.6,MHz,153.6,NFM,RENFE (RUIDO) MB,Transporte,Madrid/Nacional,escanerfrecuencias (listado Madrid),DUDOSO,Transporte/infraestructura,
153.675,MHz,153.675,NFM,USO DESCONOCIDO,Otros/Sin identificar,Madrid/Nacional,escanerfrecuencias (listado Madrid),DUDOSO,Uso sin identificar,
153.7,MHz,153.7,NFM,ANTIGUA SAMUR,Emergencia sanitaria,Madrid/Nacional,escanerfrecuencias (listado Madrid),DUDOSO,Emergencia sanitaria,
153.835,MHz,153.835,NFM,USO DESCONOCIDO C MB S,Otros/Sin identificar,Madrid/Nacional,escanerfrecuencias (listado Madrid),DUDOSO,Uso sin identificar,
153.875,MHz,153.875,NFM,AMBULANCIAS ALERTA,Emergencia sanitaria,Madrid/Nacional,escanerfrecuencias (listado Madrid),DUDOSO,Emergencia sanitaria,
154,MHz,154,NFM,PUEDEN SER AMBULANCIAS C B,Emergencia sanitaria,Madrid/Nacional,escanerfrecuencias (listado Madrid),DUDOSO,Emergencia sanitaria,
154.4,MHz,154.4,NFM,AMBULANCIAS GONZALEZ MB S,Emergencia sanitaria,Madrid/Nacional,escanerfrecuencias (listado Madrid),DUDOSO,Emergencia sanitaria,
154.625,MHz,154.625,NFM,USO DESCONOCIDO C MB S,Otros/Sin identificar,Madrid/Nacional,escanerfrecuencias (listado Madrid),DUDOSO,Uso sin identificar,
154.775,MHz,154.775,NFM,USO DESCONOCIDO,Otros/Sin identificar,Madrid/Nacional,escanerfrecuencias (listado Madrid),DUDOSO,Uso sin identificar,
154.85,MHz,154.85,NFM,AMBULANCIA EUROPA MB S,Emergencia sanitaria,Madrid/Nacional,escanerfrecuencias (listado Madrid),DUDOSO,Emergencia sanitaria,
154.9,MHz,154.9,NFM,AMBULANCIAS EUROPA MB S,Emergencia sanitaria,Madrid/Nacional,escanerfrecuencias (listado Madrid),DUDOSO,Emergencia sanitaria,
154.95,MHz,154.95,NFM,AMBULANCIAS EUROPA MB,Emergencia sanitaria,Madrid/Nacional,escanerfrecuencias (listado Madrid),DUDOSO,Emergencia sanitaria,
155.17,MHz,155.17,NFM,USO DESCONOCIDO C MB S,Otros/Sin identificar,Madrid/Nacional,escanerfrecuencias (listado Madrid),DUDOSO,Uso sin identificar,
155.215,MHz,155.215,NFM,USO DESCONOCIDO C B,Otros/Sin identificar,Madrid/Nacional,escanerfrecuencias (listado Madrid),DUDOSO,Uso sin identificar,
155.26,MHz,155.26,NFM,HANDLING MB S,Aeronáutica,Madrid/Nacional,escanerfrecuencias (listado Madrid),DUDOSO,Operaciones aeroportuarias (privadas),
155.275,MHz,155.275,NFM,USO DESCONOCIDO,Otros/Sin identificar,Madrid/Nacional,escanerfrecuencias (listado Madrid),DUDOSO,Uso sin identificar,
156.235,MHz,156.235,NFM,USO DESCONOCIDO C MB,Otros/Sin identificar,Madrid/Nacional,escanerfrecuencias (listado Madrid),DUDOSO,Uso sin identificar,
156.25,MHz,156.25,NFM,USO DESCONOCIDO,Otros/Sin identificar,Madrid/Nacional,escanerfrecuencias (listado Madrid),DUDOSO,Uso sin identificar,
156.3,MHz,156.3,NFM,USO DESCONOCIDO MB,Otros/Sin identificar,Madrid/Nacional,escanerfrecuencias (listado Madrid),DUDOSO,Uso sin identificar,
156.4,MHz,156.4,NFM,AUTOBUSES,Transporte,Madrid/Nacional,escanerfrecuencias (listado Madrid),DUDOSO,Transporte/infraestructura,
156.91,MHz,156.91,NFM,USO DESCONOCIDO C MB S,Otros/Sin identificar,Madrid/Nacional,escanerfrecuencias (listado Madrid),DUDOSO,Uso sin identificar,
157.035,MHz,157.035,NFM,USO DESCONOCIDO,Otros/Sin identificar,Madrid/Nacional,escanerfrecuencias (listado Madrid),DUDOSO,Uso sin identificar,
157.05,MHz,157.05,NFM,AUTOBUSES BLAS Y CIA MB,Transporte,Madrid/Nacional,escanerfrecuencias (listado Madrid),DUDOSO,Transporte/infraestructura,
157.1625,MHz,157.1625,NFM,USO DESCONOCIDO,Otros/Sin identificar,Madrid/Nacional,escanerfrecuencias (listado Madrid),DUDOSO,Uso sin identificar,
157.35,MHz,157.35,NFM,BOMBEROS (MOSTOLES),Protección civil,Madrid/Nacional,escanerfrecuencias (listado Madrid),DUDOSO,Emergencia/protección civil,
157.525,MHz,157.525,NFM,USO DESCONOCIDO,Otros/Sin identificar,Madrid/Nacional,escanerfrecuencias (listado Madrid),DUDOSO,Uso sin identificar,
158.3,MHz,158.3,NFM,USO DESCONOCIDO,Otros/Sin identificar,Madrid/Nacional,escanerfrecuencias (listado Madrid),DUDOSO,Uso sin identificar,
159.325,MHz,159.325,NFM,PROTECCION CIVIL VILLAVICIOSA DE ODON,Protección civil,Madrid/Nacional,escanerfrecuencias (listado Madrid),DUDOSO,Emergencia/protección civil,
159.45,MHz,159.45,NFM,USO DESCONOCIDO,Otros/Sin identificar,Madrid/Nacional,escanerfrecuencias (listado Madrid),DUDOSO,Uso sin identificar,
159.85,MHz,159.85,NFM,PROTECCION CIVIL,Protección civil,Madrid/Nacional,escanerfrecuencias (listado Madrid),DUDOSO,Emergencia/protección civil,
159.875,MHz,159.875,NFM,HIDROELECTRICA,Servicios/Utilities,Madrid/Nacional,escanerfrecuencias (listado Madrid),DUDOSO,Servicios públicos (utilities),
160.215,MHz,160.215,NFM,USO DESCONOCIDO,Otros/Sin identificar,Madrid/Nacional,escanerfrecuencias (listado Madrid),DUDOSO,Uso sin identificar,
160.5,MHz,160.5,NFM,USO DESCONOCIDO,Otros/Sin identificar,Madrid/Nacional,escanerfrecuencias (listado Madrid),DUDOSO,Uso sin identificar,
160.75,MHz,160.75,NFM,USO DESCONOCIDO,Otros/Sin identificar,Madrid/Nacional,escanerfrecuencias (listado Madrid),DUDOSO,Uso sin identificar,
161.37,MHz,161.37,NFM,CRUZ ROJA,Emergencia sanitaria,Madrid/Nacional,escanerfrecuencias (listado Madrid),DUDOSO,Emergencia sanitaria,
161.415,MHz,161.415,NFM,USO DESCONOCIDO,Otros/Sin identificar,Madrid/Nacional,escanerfrecuencias (listado Madrid),DUDOSO,Uso sin identificar,
161.5,MHz,161.5,NFM,AMBULANCIAS PRIVADAS MB S,Emergencia sanitaria,Madrid/Nacional,escanerfrecuencias (listado Madrid),DUDOSO,Emergencia sanitaria,
161.6251,MHz,161.6251,NFM,AMBULANCIAS PRIVADAS,Emergencia sanitaria,Madrid/Nacional,escanerfrecuencias (listado Madrid),DUDOSO,Emergencia sanitaria,
161.635,MHz,161.635,NFM,CRUZ ROJA o AMBULANCIAS PRIVADAS o ser+ MB,Emergencia sanitaria,Madrid/Nacional,escanerfrecuencias (listado Madrid),DUDOSO,Emergencia sanitaria,
161.65,MHz,161.65,NFM,AUTOBUSES BLAS Y CIA MB S,Transporte,Madrid/Nacional,escanerfrecuencias (listado Madrid),DUDOSO,Transporte/infraestructura,
161.675,MHz,161.675,NFM,USO DESCONOCIDO C B,Otros/Sin identificar,Madrid/Nacional,escanerfrecuencias (listado Madrid),DUDOSO,Uso sin identificar,
161.7,MHz,161.7,NFM,USO DESCONOCIDO C MB S,Otros/Sin identificar,Madrid/Nacional,escanerfrecuencias (listado Madrid),DUDOSO,Uso sin identificar,
161.725,MHz,161.725,NFM,AMBULANCIAS,Emergencia sanitaria,Madrid/Nacional,escanerfrecuencias (listado Madrid),DUDOSO,Emergencia sanitaria,
161.735,MHz,161.735,NFM,USO DESCONOCIDO,Otros/Sin identificar,Madrid/Nacional,escanerfrecuencias (listado Madrid),DUDOSO,Uso sin identificar,
161.76,MHz,161.76,NFM,PARQUIMETROS DE LA ORA MB S,Transporte,Madrid/Nacional,escanerfrecuencias (listado Madrid),DUDOSO,Transporte/infraestructura,
161.775,MHz,161.775,NFM,AMBULANCIAS MB S,Emergencia sanitaria,Madrid/Nacional,escanerfrecuencias (listado Madrid),DUDOSO,Emergencia sanitaria,
162.987,MHz,162.987,NFM,USO DESCONOCIDO,Otros/Sin identificar,Madrid/Nacional,escanerfrecuencias (listado Madrid),DUDOSO,Uso sin identificar,
163.435,MHz,163.435,NFM,USO DESCONOCIDO C MB,Otros/Sin identificar,Madrid/Nacional,escanerfrecuencias (listado Madrid),DUDOSO,Uso sin identificar,
163.675,MHz,163.675,NFM,CRUZ ROJA MB,Emergencia sanitaria,Madrid/Nacional,escanerfrecuencias (listado Madrid),DUDOSO,Emergencia sanitaria,
163.775,MHz,163.775,NFM,USO DESCONOCIDO C MB,Otros/Sin identificar,Madrid/Nacional,escanerfrecuencias (listado Madrid),DUDOSO,Uso sin identificar,
163.8,MHz,163.8,NFM,CRUZ ROJA MB S,Emergencia sanitaria,Madrid/Nacional,escanerfrecuencias (listado Madrid),DUDOSO,Emergencia sanitaria,
163.95,MHz,163.95,NFM,CRUZ ROJA,Emergencia sanitaria,Madrid/Nacional,escanerfrecuencias (listado Madrid),DUDOSO,Emergencia sanitaria,
164.45,MHz,164.45,NFM,PROTECCION CIVIL,Protección civil,Madrid/Nacional,escanerfrecuencias (listado Madrid),DUDOSO,Emergencia/protección civil,
164.475,MHz,164.475,NFM,HIDROELECTRICA,Servicios/Utilities,Madrid/Nacional,escanerfrecuencias (listado Madrid),DUDOSO,Servicios públicos (utilities),
164.65,MHz,164.65,NFM,HIDROELECTRICA,Servicios/Utilities,Madrid/Nacional,escanerfrecuencias (listado Madrid),DUDOSO,Servicios públicos (utilities),
164.845,MHz,164.845,NFM,USO DESCONOCIDO,Otros/Sin identificar,Madrid/Nacional,escanerfrecuencias (listado Madrid),DUDOSO,Uso sin identificar,
164.85,MHz,164.85,NFM,USO DESCONOCIDO,Otros/Sin identificar,Madrid/Nacional,escanerfrecuencias (listado Madrid),DUDOSO,Uso sin identificar,
164.875,MHz,164.875,NFM,CRUZ ROJA MB,Emergencia sanitaria,Madrid/Nacional,escanerfrecuencias (listado Madrid),DUDOSO,Emergencia sanitaria,
165.125,MHz,165.125,NFM,PROTECCION CIVIL,Protección civil,Madrid/Nacional,escanerfrecuencias (listado Madrid),DUDOSO,Emergencia/protección civil,
165.525,MHz,165.525,NFM,PROTECCION CIVIL,Protección civil,Madrid/Nacional,escanerfrecuencias (listado Madrid),DUDOSO,Emergencia/protección civil,
165.6,MHz,165.6,NFM,USO DESCONOCIDO,Otros/Sin identificar,Madrid/Nacional,escanerfrecuencias (listado Madrid),DUDOSO,Uso sin identificar,
165.77,MHz,165.77,NFM,CRUZ ROJA LAS POZAS,Emergencia sanitaria,Madrid/Nacional,escanerfrecuencias (listado Madrid),DUDOSO,Emergencia sanitaria,
165.895,MHz,165.895,NFM,USO DESCONOCIDO,Otros/Sin identificar,Madrid/Nacional,escanerfrecuencias (listado Madrid),DUDOSO,Uso sin identificar,
166,MHz,166,NFM,USO DESCONOCIDO C MB,Otros/Sin identificar,Madrid/Nacional,escanerfrecuencias (listado Madrid),DUDOSO,Uso sin identificar,
166.08,MHz,166.08,NFM,CRUZ ROJA MB,Emergencia sanitaria,Madrid/Nacional,escanerfrecuencias (listado Madrid),DUDOSO,Emergencia sanitaria,
166.1,MHz,166.1,NFM,CRUZ ROJA MB S,Emergencia sanitaria,Madrid/Nacional,escanerfrecuencias (listado Madrid),DUDOSO,Emergencia sanitaria,
166.105,MHz,166.105,NFM,CRUZ ROJA MB,Emergencia sanitaria,Madrid/Nacional,escanerfrecuencias (listado Madrid),DUDOSO,Emergencia sanitaria,
166.11,MHz,166.11,NFM,CRUZ ROJA MB,Emergencia sanitaria,Madrid/Nacional,escanerfrecuencias (listado Madrid),DUDOSO,Emergencia sanitaria,
166.625,MHz,166.625,NFM,USO DESCONOCIDO,Otros/Sin identificar,Madrid/Nacional,escanerfrecuencias (listado Madrid),DUDOSO,Uso sin identificar,
166.825,MHz,166.825,NFM,CRUZ ROJA MB S,Emergencia sanitaria,Madrid/Nacional,escanerfrecuencias (listado Madrid),DUDOSO,Emergencia sanitaria,
167.5125,MHz,167.5125,NFM,GAS NATURAL,Servicios/Utilities,Madrid/Nacional,escanerfrecuencias (listado Madrid),DUDOSO,Servicios públicos (utilities),
167.525,MHz,167.525,NFM,GAS NATURAL,Servicios/Utilities,Madrid/Nacional,escanerfrecuencias (listado Madrid),DUDOSO,Servicios públicos (utilities),
167.5375,MHz,167.5375,NFM,GAS NATURAL,Servicios/Utilities,Madrid/Nacional,escanerfrecuencias (listado Madrid),DUDOSO,Servicios públicos (utilities),
167.55,MHz,167.55,NFM,GAS NATURAL,Servicios/Utilities,Madrid/Nacional,escanerfrecuencias (listado Madrid),DUDOSO,Servicios públicos (utilities),
167.5625,MHz,167.5625,NFM,GAS NATURAL,Servicios/Utilities,Madrid/Nacional,escanerfrecuencias (listado Madrid),DUDOSO,Servicios públicos (utilities),
167.575,MHz,167.575,NFM,GAS NATURAL,Servicios/Utilities,Madrid/Nacional,escanerfrecuencias (listado Madrid),DUDOSO,Servicios públicos (utilities),
167.5875,MHz,167.5875,NFM,GAS NATURAL,Servicios/Utilities,Madrid/Nacional,escanerfrecuencias (listado Madrid),DUDOSO,Servicios públicos (utilities),
167.6,MHz,167.6,NFM,GAS NATURAL,Servicios/Utilities,Madrid/Nacional,escanerfrecuencias (listado Madrid),DUDOSO,Servicios públicos (utilities),
168.695,MHz,168.695,NFM,USO DESCONOCIDO C B S,Otros/Sin identificar,Madrid/Nacional,escanerfrecuencias (listado Madrid),DUDOSO,Uso sin identificar,
169.125,MHz,169.125,NFM,METRO (CANAL 2),Transporte,Madrid/Nacional,escanerfrecuencias (listado Madrid),DUDOSO,Transporte/infraestructura,
169.15,MHz,169.15,NFM,METRO (CANAL 1) MB,Transporte,Madrid/Nacional,escanerfrecuencias (listado Madrid),DUDOSO,Transporte/infraestructura,
169.5,MHz,169.5,NFM,METRO (CANAL 3) MUY ACTIVO MB,Transporte,Madrid/Nacional,escanerfrecuencias (listado Madrid),DUDOSO,Transporte/infraestructura,
169.95,MHz,169.95,NFM,CONSTRUCCIONES RENFE,Transporte,Madrid/Nacional,escanerfrecuencias (listado Madrid),DUDOSO,Transporte/infraestructura,
170.075,MHz,170.075,NFM,CRUZ ROJA MB S,Emergencia sanitaria,Madrid/Nacional,escanerfrecuencias (listado Madrid),DUDOSO,Emergencia sanitaria,
170.5,MHz,170.5,NFM,USO DESCONOCIDO,Otros/Sin identificar,Madrid/Nacional,escanerfrecuencias (listado Madrid),DUDOSO,Uso sin identificar,
171.675,MHz,171.675,NFM,USO DESCONOCIDO,Otros/Sin identificar,Madrid/Nacional,escanerfrecuencias (listado Madrid),DUDOSO,Uso sin identificar,
172.1125,MHz,172.1125,NFM,GAS NATURAL,Servicios/Utilities,Madrid/Nacional,escanerfrecuencias (listado Madrid),DUDOSO,Servicios públicos (utilities),
172.125,MHz,172.125,NFM,GAS NATURAL,Servicios/Utilities,Madrid/Nacional,escanerfrecuencias (listado Madrid),DUDOSO,Servicios públicos (utilities),
172.1375,MHz,172.1375,NFM,GAS NATURAL,Servicios/Utilities,Madrid/Nacional,escanerfrecuencias (listado Madrid),DUDOSO,Servicios públicos (utilities),
172.15,MHz,172.15,NFM,GAS NATURAL,Servicios/Utilities,Madrid/Nacional,escanerfrecuencias (listado Madrid),DUDOSO,Servicios públicos (utilities),
172.1625,MHz,172.1625,NFM,GAS NATURAL,Servicios/Utilities,Madrid/Nacional,escanerfrecuencias (listado Madrid),DUDOSO,Servicios públicos (utilities),
172.175,MHz,172.175,NFM,GAS NATURAL,Servicios/Utilities,Madrid/Nacional,escanerfrecuencias (listado Madrid),DUDOSO,Servicios públicos (utilities),
172.1875,MHz,172.1875,NFM,GAS NATURAL,Servicios/Utilities,Madrid/Nacional,escanerfrecuencias (listado Madrid),DUDOSO,Servicios públicos (utilities),
172.2,MHz,172.2,NFM,GAS NATURAL,Servicios/Utilities,Madrid/Nacional,escanerfrecuencias (listado Madrid),DUDOSO,Servicios públicos (utilities),
173.75,MHz,173.75,NFM,METRO (CANAL 1) Se pilla desde casa MB S,Transporte,Madrid/Nacional,escanerfrecuencias (listado Madrid),DUDOSO,Transporte/infraestructura,
173.775,MHz,173.775,NFM,METRO (CANAL 2),Transporte,Madrid/Nacional,escanerfrecuencias (listado Madrid),DUDOSO,Transporte/infraestructura,
173.8,MHz,173.8,NFM,USO DESCONOCIDO,Otros/Sin identificar,Madrid/Nacional,escanerfrecuencias (listado Madrid),DUDOSO,Uso sin identificar,
173.95,MHz,173.95,NFM,METRO (CANAL 3) ACTIVO,Transporte,Madrid/Nacional,escanerfrecuencias (listado Madrid),DUDOSO,Transporte/infraestructura,
194.95,MHz,194.95,NFM,AMBULANCIAS PRIVADAS,Emergencia sanitaria,Madrid/Nacional,escanerfrecuencias (listado Madrid),DUDOSO,Emergencia sanitaria,
198.67,MHz,198.67,AM,INCENDIOS MB,Protección civil,Madrid/Nacional,escanerfrecuencias (listado Madrid),DUDOSO,Emergencia/protección civil,
209.025,MHz,209.025,NFM,USO DESCONOCIDO,Otros/Sin identificar,Madrid/Nacional,escanerfrecuencias (listado Madrid),DUDOSO,Uso sin identificar,
209.8,MHz,209.8,NFM,PUEDE SER EMT,Transporte,Madrid/Nacional,escanerfrecuencias (listado Madrid),DUDOSO,Transporte/infraestructura,
225.25,MHz,225.25,NFM,USO DESCONOCIDO C B,Otros/Sin identificar,Madrid/Nacional,escanerfrecuencias (listado Madrid),DUDOSO,Uso sin identificar,
226.15,MHz,226.15,NFM,USO DESCONOCIDO C MB,Otros/Sin identificar,Madrid/Nacional,escanerfrecuencias (listado Madrid),DUDOSO,Uso sin identificar,
226.35,MHz,226.35,NFM,USO DESCONOCIDO,Otros/Sin identificar,Madrid/Nacional,escanerfrecuencias (listado Madrid),DUDOSO,Uso sin identificar,
229.35,MHz,229.35,NFM,EMT C B,Transporte,Madrid/Nacional,escanerfrecuencias (listado Madrid),DUDOSO,Transporte/infraestructura,
229.375,MHz,229.375,NFM,USO DESCONOCIDO,Otros/Sin identificar,Madrid/Nacional,escanerfrecuencias (listado Madrid),DUDOSO,Uso sin identificar,
229.6,MHz,229.6,NFM,USO DESCONOCIDO,Otros/Sin identificar,Madrid/Nacional,escanerfrecuencias (listado Madrid),DUDOSO,Uso sin identificar,
229.64,MHz,229.64,NFM,EMT MB,Transporte,Madrid/Nacional,escanerfrecuencias (listado Madrid),DUDOSO,Transporte/infraestructura,
229.7,MHz,229.7,NFM,EMT MB,Transporte,Madrid/Nacional,escanerfrecuencias (listado Madrid),DUDOSO,Transporte/infraestructura,
229.75,MHz,229.75,NFM,USO DESCONOCIDO C MB,Otros/Sin identificar,Madrid/Nacional,escanerfrecuencias (listado Madrid),DUDOSO,Uso sin identificar,
229.79,MHz,229.79,WFM,USO DESCONOCIDO,Otros/Sin identificar,Madrid/Nacional,escanerfrecuencias (listado Madrid),DUDOSO,Uso sin identificar,
230.075,MHz,230.075,NFM,EMT MB S,Transporte,Madrid/Nacional,escanerfrecuencias (listado Madrid),DUDOSO,Transporte/infraestructura,
230.175,MHz,230.175,NFM,USO DESCONOCIDO C MB,Otros/Sin identificar,Madrid/Nacional,escanerfrecuencias (listado Madrid),DUDOSO,Uso sin identificar,
230.26,MHz,230.26,NFM,EMT MB,Transporte,Madrid/Nacional,escanerfrecuencias (listado Madrid),DUDOSO,Transporte/infraestructura,
230.34,MHz,230.34,NFM,EMT B,Transporte,Madrid/Nacional,escanerfrecuencias (listado Madrid),DUDOSO,Transporte/infraestructura,
230.385,MHz,230.385,NFM,EMT B,Transporte,Madrid/Nacional,escanerfrecuencias (listado Madrid),DUDOSO,Transporte/infraestructura,
230.387,MHz,230.387,NFM,EMT MB,Transporte,Madrid/Nacional,escanerfrecuencias (listado Madrid),DUDOSO,Transporte/infraestructura,
231.03,MHz,231.03,NFM,USO DESCONOCIDO C MB,Otros/Sin identificar,Madrid/Nacional,escanerfrecuencias (listado Madrid),DUDOSO,Uso sin identificar,
231.135,MHz,231.135,NFM,USO DESCONOCIDO C MB,Otros/Sin identificar,Madrid/Nacional,escanerfrecuencias (listado Madrid),DUDOSO,Uso sin identificar,
231.145,MHz,231.145,NFM,EMT MB,Transporte,Madrid/Nacional,escanerfrecuencias (listado Madrid),DUDOSO,Transporte/infraestructura,
231.2,MHz,231.2,NFM,EMT MB,Transporte,Madrid/Nacional,escanerfrecuencias (listado Madrid),DUDOSO,Transporte/infraestructura,
231.2784,MHz,231.2784,NFM,USO DESCONOCIDO,Otros/Sin identificar,Madrid/Nacional,escanerfrecuencias (listado Madrid),DUDOSO,Uso sin identificar,
231.39,MHz,231.39,NFM,USO DESCONOCIDO C B,Otros/Sin identificar,Madrid/Nacional,escanerfrecuencias (listado Madrid),DUDOSO,Uso sin identificar,
231.415,MHz,231.415,NFM,EMT MB,Transporte,Madrid/Nacional,escanerfrecuencias (listado Madrid),DUDOSO,Transporte/infraestructura,
231.5,MHz,231.5,NFM,USO DESCONOCIDO C B,Otros/Sin identificar,Madrid/Nacional,escanerfrecuencias (listado Madrid),DUDOSO,Uso sin identificar,
231.615,MHz,231.615,NFM,EMT MB,Transporte,Madrid/Nacional,escanerfrecuencias (listado Madrid),DUDOSO,Transporte/infraestructura,
231.735,MHz,231.735,NFM,SECOP (FORESTALES) C MB,Protección civil,Madrid/Nacional,escanerfrecuencias (listado Madrid),DUDOSO,Emergencia/protección civil,
231.8,MHz,231.8,NFM,EMT B,Transporte,Madrid/Nacional,escanerfrecuencias (listado Madrid),DUDOSO,Transporte/infraestructura,
231.81,MHz,231.81,NFM,EMT MB,Transporte,Madrid/Nacional,escanerfrecuencias (listado Madrid),DUDOSO,Transporte/infraestructura,
232.1,MHz,232.1,NFM,USO DESCONOCIDO C B,Otros/Sin identificar,Madrid/Nacional,escanerfrecuencias (listado Madrid),DUDOSO,Uso sin identificar,
232.14,MHz,232.14,NFM,USO DESCONOCIDO C B,Otros/Sin identificar,Madrid/Nacional,escanerfrecuencias (listado Madrid),DUDOSO,Uso sin identificar,
232.195,MHz,232.195,NFM,USO DESCONOCIDO C MB,Otros/Sin identificar,Madrid/Nacional,escanerfrecuencias (listado Madrid),DUDOSO,Uso sin identificar,
232.29,MHz,232.29,NFM,USO DESCONOCIDO,Otros/Sin identificar,Madrid/Nacional,escanerfrecuencias (listado Madrid),DUDOSO,Uso sin identificar,
232.63,MHz,232.63,NFM,USO DESCONOCIDO C B,Otros/Sin identificar,Madrid/Nacional,escanerfrecuencias (listado Madrid),DUDOSO,Uso sin identificar,
233.015,MHz,233.015,NFM,USO DESCONOCIDO C B,Otros/Sin identificar,Madrid/Nacional,escanerfrecuencias (listado Madrid),DUDOSO,Uso sin identificar,
337.175,MHz,337.175,NFM,BOMBEROS MADRID,Protección civil,Madrid/Nacional,escanerfrecuencias (listado Madrid),DUDOSO,Emergencia/protección civil,
404.4875,MHz,404.4875,NFM,USO DESCONOCIDO C MB,Otros/Sin identificar,Madrid/Nacional,escanerfrecuencias (listado Madrid),DUDOSO,Uso sin identificar,
407.225,MHz,407.225,NFM,BOMBEROS (RED TRUNKING) MB S,Protección civil,Madrid/Nacional,escanerfrecuencias (listado Madrid),DUDOSO,Emergencia/protección civil,
407.3125,MHz,407.3125,NFM,USO DESCONOCIDO,Otros/Sin identificar,Madrid/Nacional,escanerfrecuencias (listado Madrid),DUDOSO,Uso sin identificar,
407.65,MHz,407.65,NFM,"BOMBEROS (2,7, MANUEL BECERRA, SAN BLAS, VALLECAS MB",Protección civil,Madrid/Nacional,escanerfrecuencias (listado Madrid),DUDOSO,Emergencia/protección civil,
407.825,MHz,407.825,NFM,USO DESCONOCIDO C MB S,Otros/Sin identificar,Madrid/Nacional,escanerfrecuencias (listado Madrid),DUDOSO,Uso sin identificar,
409.3625,MHz,409.3625,NFM,USO DESCONOCIDO,Otros/Sin identificar,Madrid/Nacional,escanerfrecuencias (listado Madrid),DUDOSO,Uso sin identificar,
414.125,MHz,414.125,NFM,BOMBEROS CAM o DE MADRID,Protección civil,Madrid/Nacional,escanerfrecuencias (listado Madrid),DUDOSO,Emergencia/protección civil,
414.225,MHz,414.225,NFM,"BOMBEROS (9,4,11) Bº DEL PILAR, PLZA. CASTILLA, S. LUIS MB",Protección civil,Madrid/Nacional,escanerfrecuencias (listado Madrid),DUDOSO,Emergencia/protección civil,
414.275,MHz,414.275,NFM,"BOMBEROS (2,7, M.BECERRA, SAN BLAS, VALLECAS ,P.EXT MB",Protección civil,Madrid/Nacional,escanerfrecuencias (listado Madrid),DUDOSO,Emergencia/protección civil,
414.44,MHz,414.44,NFM,FORESTALES,Protección civil,Madrid/Nacional,escanerfrecuencias (listado Madrid),DUDOSO,Emergencia/protección civil,
414.475,MHz,414.475,NFM,TRUCKING MUNICIPAL LIMPIEZA Y JARDINES Y SAMUR ANTIGUA C MB S,Emergencia sanitaria,Madrid/Nacional,escanerfrecuencias (listado Madrid),DUDOSO,Emergencia sanitaria,
414.54,MHz,414.54,NFM,FORESTALES MB,Protección civil,Madrid/Nacional,escanerfrecuencias (listado Madrid),DUDOSO,Emergencia/protección civil,
414.55,MHz,414.55,NFM,Trucking municipal SAMUR ANTIGUA C MB S,Emergencia sanitaria,Madrid/Nacional,escanerfrecuencias (listado Madrid),DUDOSO,Emergencia sanitaria,
414.5625,MHz,414.5625,NFM,"PUEDEN SER FORESTALES, Trucking municipal",Protección civil,Madrid/Nacional,escanerfrecuencias (listado Madrid),DUDOSO,Emergencia/protección civil,
414.6,MHz,414.6,NFM,BOMBEROS CAM o PARQUE 11 C MB,Protección civil,Madrid/Nacional,escanerfrecuencias (listado Madrid),DUDOSO,Emergencia/protección civil,
414.675,MHz,414.675,NFM,"BOMBEROS (5,10,12) STA.Mª D LA CABEZA, VILLAVERDE, ALUCHE MB",Protección civil,Madrid/Nacional,escanerfrecuencias (listado Madrid),DUDOSO,Emergencia/protección civil,
414.7,MHz,414.7,NFM,"BOMBEROS (5,10,12) STA.Mª D LA CABEZA, VILLAVERDE, ALUCHE MB",Protección civil,Madrid/Nacional,escanerfrecuencias (listado Madrid),DUDOSO,Emergencia/protección civil,
414.875,MHz,414.875,NFM,"BOMBEROS (1,3,6) C.CAMINOS, P.TOLEDO, PLZA. MAYOR MB",Protección civil,Madrid/Nacional,escanerfrecuencias (listado Madrid),DUDOSO,Emergencia/protección civil,
414.9125,MHz,414.9125,NFM,ANTIGUA SAMUR,Emergencia sanitaria,Madrid/Nacional,escanerfrecuencias (listado Madrid),DUDOSO,Emergencia sanitaria,
414.915,MHz,414.915,NFM,"FORESTALES, Trucking municipal MB",Protección civil,Madrid/Nacional,escanerfrecuencias (listado Madrid),DUDOSO,Emergencia/protección civil,
414.935,MHz,414.935,NFM,"USO DESCONOCIDO, Trucking municipal C MB",Otros/Sin identificar,Madrid/Nacional,escanerfrecuencias (listado Madrid),DUDOSO,Uso sin identificar,
415.8875,MHz,415.8875,NFM,USO DESCONOCIDO C B,Otros/Sin identificar,Madrid/Nacional,escanerfrecuencias (listado Madrid),DUDOSO,Uso sin identificar,
417.51,MHz,417.51,NFM,USO DESCONOCIDO C B,Otros/Sin identificar,Madrid/Nacional,escanerfrecuencias (listado Madrid),DUDOSO,Uso sin identificar,
418.3,MHz,418.3,NFM,BOMBEROS,Protección civil,Madrid/Nacional,escanerfrecuencias (listado Madrid),DUDOSO,Emergencia/protección civil,
418.4,MHz,418.4,NFM,BOMBEROS CAM CH.2,Protección civil,Madrid/Nacional,escanerfrecuencias (listado Madrid),DUDOSO,Emergencia/protección civil,
419.375,MHz,419.375,NFM,USO DESCONOCIDO,Otros/Sin identificar,Madrid/Nacional,escanerfrecuencias (listado Madrid),DUDOSO,Uso sin identificar,
423.9,MHz,423.9,NFM,AMBULANCIAS PRIVADAS MB,Emergencia sanitaria,Madrid/Nacional,escanerfrecuencias (listado Madrid),DUDOSO,Emergencia sanitaria,
424.2375,MHz,424.2375,NFM,USO DESCONOCIDO,Otros/Sin identificar,Madrid/Nacional,escanerfrecuencias (listado Madrid),DUDOSO,Uso sin identificar,
428.1,MHz,428.1,NFM,AMBULANCIAS PRIVADAS B,Emergencia sanitaria,Madrid/Nacional,escanerfrecuencias (listado Madrid),DUDOSO,Emergencia sanitaria,
429.225,MHz,429.225,NFM,FORESTALES MB,Protección civil,Madrid/Nacional,escanerfrecuencias (listado Madrid),DUDOSO,Emergencia/protección civil,
429.4,MHz,429.4,NFM,USO DESCONOCIDO,Otros/Sin identificar,Madrid/Nacional,escanerfrecuencias (listado Madrid),DUDOSO,Uso sin identificar,
430.975,MHz,430.975,NFM,USO DESCONOCIDO,Otros/Sin identificar,Madrid/Nacional,escanerfrecuencias (listado Madrid),DUDOSO,Uso sin identificar,
436.1,MHz,436.1,NFM,USO DESCONOCIDO -> BOMBEROS PARKE 8 C MB S,Protección civil,Madrid/Nacional,escanerfrecuencias (listado Madrid),DUDOSO,Emergencia/protección civil,
436.275,MHz,436.275,NFM,"BOMBEROS (1,3,6,5) C.CAMINOS, P.TOLEDO, PLZA. MAYOR (Ch.6) MB S",Protección civil,Madrid/Nacional,escanerfrecuencias (listado Madrid),DUDOSO,Emergencia/protección civil,
445.3,MHz,445.3,NFM,USO DESCONOCIDO C B S,Otros/Sin identificar,Madrid/Nacional,escanerfrecuencias (listado Madrid),DUDOSO,Uso sin identificar,
447.75,MHz,447.75,NFM,RENFE MANIOBRAS (RUIDO),Transporte,Madrid/Nacional,escanerfrecuencias (listado Madrid),DUDOSO,Transporte/infraestructura,
448.35,MHz,448.35,NFM,USO DESCONOCIDO (PUEDE SER RENFE) C MB S,Transporte,Madrid/Nacional,escanerfrecuencias (listado Madrid),DUDOSO,Uso sin identificar,
448.375,MHz,448.375,NFM,RENFE (RUIDO) MB,Transporte,Madrid/Nacional,escanerfrecuencias (listado Madrid),DUDOSO,Transporte/infraestructura,
448.425,MHz,448.425,NFM,USO DESCONOCIDO (PUEDE SER RENFE) C MB,Transporte,Madrid/Nacional,escanerfrecuencias (listado Madrid),DUDOSO,Uso sin identificar,
448.55,MHz,448.55,NFM,RENFE (RUIDO),Transporte,Madrid/Nacional,escanerfrecuencias (listado Madrid),DUDOSO,Transporte/infraestructura,
448.58,MHz,448.58,NFM,USO DESCONOCIDO,Otros/Sin identificar,Madrid/Nacional,escanerfrecuencias (listado Madrid),DUDOSO,Uso sin identificar,
448.65,MHz,448.65,NFM,RENFE (RUIDO) MB,Transporte,Madrid/Nacional,escanerfrecuencias (listado Madrid),DUDOSO,Transporte/infraestructura,
451.3,MHz,451.3,NFM,SEGURIDAD METRO (SALA 3),Transporte,Madrid/Nacional,escanerfrecuencias (listado Madrid),DUDOSO,Transporte/infraestructura,
451.35,MHz,451.35,NFM,USO DESCONOCIDO,Otros/Sin identificar,Madrid/Nacional,escanerfrecuencias (listado Madrid),DUDOSO,Uso sin identificar,
452.3875,MHz,452.3875,NFM,USO DESCONOCIDO C MB,Otros/Sin identificar,Madrid/Nacional,escanerfrecuencias (listado Madrid),DUDOSO,Uso sin identificar,
455.5,MHz,455.5,NFM,USO DESCONOCIDO,Otros/Sin identificar,Madrid/Nacional,escanerfrecuencias (listado Madrid),DUDOSO,Uso sin identificar,
457.6,MHz,457.6,NFM,RENFE (SIN PITIDO) MB,Transporte,Madrid/Nacional,escanerfrecuencias (listado Madrid),DUDOSO,Transporte/infraestructura,
457.7,MHz,457.7,NFM,RENFE (SIN PITIDO) MB,Transporte,Madrid/Nacional,escanerfrecuencias (listado Madrid),DUDOSO,Transporte/infraestructura,
457.825,MHz,457.825,NFM,RENFE MANIOBRAS (SIN PITIDO),Transporte,Madrid/Nacional,escanerfrecuencias (listado Madrid),DUDOSO,Transporte/infraestructura,
457.9,MHz,457.9,NFM,RENFE (SIN PITIDO) MB,Transporte,Madrid/Nacional,escanerfrecuencias (listado Madrid),DUDOSO,Transporte/infraestructura,
458.325,MHz,458.325,NFM,RENFE (SIN PITIDO) ACTIVO MB,Transporte,Madrid/Nacional,escanerfrecuencias (listado Madrid),DUDOSO,Transporte/infraestructura,
458.35,MHz,458.35,NFM,USO DESCONOCIDO C B S,Otros/Sin identificar,Madrid/Nacional,escanerfrecuencias (listado Madrid),DUDOSO,Uso sin identificar,
458.375,MHz,458.375,NFM,RENFE (SIN PITIDO) MB,Transporte,Madrid/Nacional,escanerfrecuencias (listado Madrid),DUDOSO,Transporte/infraestructura,
458.5,MHz,458.5,NFM,RENFE (SIN PITIDO) MB,Transporte,Madrid/Nacional,escanerfrecuencias (listado Madrid),DUDOSO,Transporte/infraestructura,
458.6,MHz,458.6,NFM,RENFE (SIN PITIDO) MB,Transporte,Madrid/Nacional,escanerfrecuencias (listado Madrid),DUDOSO,Transporte/infraestructura,
458.8,MHz,458.8,NFM,RENFE,Transporte,Madrid/Nacional,escanerfrecuencias (listado Madrid),DUDOSO,Transporte/infraestructura,
460.1,MHz,460.1,NFM,USO DESCONOCIDO,Otros/Sin identificar,Madrid/Nacional,escanerfrecuencias (listado Madrid),DUDOSO,Uso sin identificar,
460.55,MHz,460.55,NFM,USO DESCONOCIDO,Otros/Sin identificar,Madrid/Nacional,escanerfrecuencias (listado Madrid),DUDOSO,Uso sin identificar,
461.55,MHz,461.55,NFM,BOMBEROS,Protección civil,Madrid/Nacional,escanerfrecuencias (listado Madrid),DUDOSO,Emergencia/protección civil,
461.925,MHz,461.925,NFM,SEGURIDAD RENFE (ATOCHA) MB S,Transporte,Madrid/Nacional,escanerfrecuencias (listado Madrid),DUDOSO,Transporte/infraestructura,
461.95,MHz,461.95,NFM,RENFE (MANIOBRAS) B S,Transporte,Madrid/Nacional,escanerfrecuencias (listado Madrid),DUDOSO,Transporte/infraestructura,
462.425,MHz,462.425,NFM,USO DESCONOCIDO MB S,Otros/Sin identificar,Madrid/Nacional,escanerfrecuencias (listado Madrid),DUDOSO,Uso sin identificar,
462.625,MHz,462.625,NFM,CARRETERAS C MB,Transporte,Madrid/Nacional,escanerfrecuencias (listado Madrid),DUDOSO,Transporte/infraestructura,
462.825,MHz,462.825,NFM,BOMBEROS ALCORCON,Protección civil,Madrid/Nacional,escanerfrecuencias (listado Madrid),DUDOSO,Emergencia/protección civil,
463.075,MHz,463.075,NFM,BOMBEROS LEGANES MB,Protección civil,Madrid/Nacional,escanerfrecuencias (listado Madrid),DUDOSO,Emergencia/protección civil,
464.05,MHz,464.05,NFM,BOMBEROS CAM,Protección civil,Madrid/Nacional,escanerfrecuencias (listado Madrid),DUDOSO,Emergencia/protección civil,
464.1,MHz,464.1,NFM,BOMBEROS CAM,Protección civil,Madrid/Nacional,escanerfrecuencias (listado Madrid),DUDOSO,Emergencia/protección civil,
464.15,MHz,464.15,NFM,BOMBEROS CAM,Protección civil,Madrid/Nacional,escanerfrecuencias (listado Madrid),DUDOSO,Emergencia/protección civil,
468.185,MHz,468.185,NFM,USO DESCONOCIDO C B S,Otros/Sin identificar,Madrid/Nacional,escanerfrecuencias (listado Madrid),DUDOSO,Uso sin identificar,
468.875,MHz,468.875,NFM,USO DESCONOCIDO,Otros/Sin identificar,Madrid/Nacional,escanerfrecuencias (listado Madrid),DUDOSO,Uso sin identificar,
470.05,MHz,470.05,NFM,TELEFONO O SIMILAR MANTENIMIENTO DE RENFE MB,Seguridad/Defensa,Madrid/Nacional,escanerfrecuencias (listado Madrid),DUDOSO,Transporte/infraestructura,
475.975,MHz,475.975,NFM,USO DESCONOCIDO,Otros/Sin identificar,Madrid/Nacional,escanerfrecuencias (listado Madrid),DUDOSO,Uso sin identificar,
484.75,MHz,484.75,WFM,USO DESCONOCIDO,Otros/Sin identificar,Madrid/Nacional,escanerfrecuencias (listado Madrid),DUDOSO,Uso sin identificar,
484.85,MHz,484.85,NFM,USO DESCONOCIDO,Otros/Sin identificar,Madrid/Nacional,escanerfrecuencias (listado Madrid),DUDOSO,Uso sin identificar,
540.75,MHz,540.75,WFM,USO DESCONOCIDO,Otros/Sin identificar,Madrid/Nacional,escanerfrecuencias (listado Madrid),DUDOSO,Uso sin identificar,
572.75,MHz,572.75,WFM,USO DESCONOCIDO,Otros/Sin identificar,Madrid/Nacional,escanerfrecuencias (listado Madrid),DUDOSO,Uso sin identificar,
580.7,MHz,580.7,WFM,USO DESCONOCIDO,Otros/Sin identificar,Madrid/Nacional,escanerfrecuencias (listado Madrid),DUDOSO,Uso sin identificar,
588.75,MHz,588.75,WFM,USO DESCONOCIDO,Otros/Sin identificar,Madrid/Nacional,escanerfrecuencias (listado Madrid),DUDOSO,Uso sin identificar,
596.75,MHz,596.75,WFM,USO DESCONOCIDO,Otros/Sin identificar,Madrid/Nacional,escanerfrecuencias (listado Madrid),DUDOSO,Uso sin identificar,
612.9,MHz,612.9,WFM,USO DESCONOCIDO,Otros/Sin identificar,Madrid/Nacional,escanerfrecuencias (listado Madrid),DUDOSO,Uso sin identificar,
620.75,MHz,620.75,WFM,USO DESCONOCIDO,Otros/Sin identificar,Madrid/Nacional,escanerfrecuencias (listado Madrid),DUDOSO,Uso sin identificar,
636.75,MHz,636.75,WFM,USO DESCONOCIDO,Otros/Sin identificar,Madrid/Nacional,escanerfrecuencias (listado Madrid),DUDOSO,Uso sin identificar,
644.8,MHz,644.8,WFM,USO DESCONOCIDO,Otros/Sin identificar,Madrid/Nacional,escanerfrecuencias (listado Madrid),DUDOSO,Uso sin identificar,
652.85,MHz,652.85,WFM,USO DESCONOCIDO,Otros/Sin identificar,Madrid/Nacional,escanerfrecuencias (listado Madrid),DUDOSO,Uso sin identificar,
660.85,MHz,660.85,WFM,USO DESCONOCIDO,Otros/Sin identificar,Madrid/Nacional,escanerfrecuencias (listado Madrid),DUDOSO,Uso sin identificar,
663.05,MHz,663.05,WFM,USO DESCONOCIDO,Otros/Sin identificar,Madrid/Nacional,escanerfrecuencias (listado Madrid),DUDOSO,Uso sin identificar,
663.1,MHz,663.1,WFM,USO DESCONOCIDO,Otros/Sin identificar,Madrid/Nacional,escanerfrecuencias (listado Madrid),DUDOSO,Uso sin identificar,
684.75,MHz,684.75,WFM,USO DESCONOCIDO,Otros/Sin identificar,Madrid/Nacional,escanerfrecuencias (listado Madrid),DUDOSO,Uso sin identificar,
700.75,MHz,700.75,WFM,USO DESCONOCIDO,Otros/Sin identificar,Madrid/Nacional,escanerfrecuencias (listado Madrid),DUDOSO,Uso sin identificar,
723.05,MHz,723.05,WFM,USO DESCONOCIDO,Otros/Sin identificar,Madrid/Nacional,escanerfrecuencias (listado Madrid),DUDOSO,Uso sin identificar,
724.8,MHz,724.8,WFM,USO DESCONOCIDO,Otros/Sin identificar,Madrid/Nacional,escanerfrecuencias (listado Madrid),DUDOSO,Uso sin identificar,
727,MHz,727,WFM,USO DESCONOCIDO,Otros/Sin identificar,Madrid/Nacional,escanerfrecuencias (listado Madrid),DUDOSO,Uso sin identificar,
748.8,MHz,748.8,WFM,USO DESCONOCIDO,Otros/Sin identificar,Madrid/Nacional,escanerfrecuencias (listado Madrid),DUDOSO,Uso sin identificar,
788.85,MHz,788.85,WFM,USO DESCONOCIDO,Otros/Sin identificar,Madrid/Nacional,escanerfrecuencias (listado Madrid),DUDOSO,Uso sin identificar,
796.7375,MHz,796.7375,WFM,USO DESCONOCIDO,Otros/Sin identificar,Madrid/Nacional,escanerfrecuencias (listado Madrid),DUDOSO,Uso sin identificar,
820.777,MHz,820.777,WFM,USO DESCONOCIDO,Otros/Sin identificar,Madrid/Nacional,escanerfrecuencias (listado Madrid),DUDOSO,Uso sin identificar,
6.724,MHz,6.724,USB,TORREJON O EA,Aeronáutica,Madrid/Nacional,escanerfrecuencias (listado Madrid),NO,Defensa/militar,
74.075,MHz,74.075,NFM,POLICIA MILITAR,Seguridad/Defensa,Madrid/Nacional,escanerfrecuencias (listado Madrid),NO,Fuerza de seguridad,
74.15,MHz,74.15,NFM,PROSEGUR,Seguridad/Defensa,Madrid/Nacional,escanerfrecuencias (listado Madrid),NO,Seguridad privada,
75.475,MHz,75.475,NFM,GUARDIA CIVIL MB,Seguridad/Defensa,Madrid/Nacional,escanerfrecuencias (listado Madrid),NO,Fuerza de seguridad,
75.5,MHz,75.5,NFM,GUARDIA CIVIL,Seguridad/Defensa,Madrid/Nacional,escanerfrecuencias (listado Madrid),NO,Fuerza de seguridad,
75.525,MHz,75.525,NFM,GUARDIA CIVIL,Seguridad/Defensa,Madrid/Nacional,escanerfrecuencias (listado Madrid),NO,Fuerza de seguridad,
75.55,MHz,75.55,NFM,GUARDIA CIVIL,Seguridad/Defensa,Madrid/Nacional,escanerfrecuencias (listado Madrid),NO,Fuerza de seguridad,
75.575,MHz,75.575,NFM,GUARDIA CIVIL,Seguridad/Defensa,Madrid/Nacional,escanerfrecuencias (listado Madrid),NO,Fuerza de seguridad,
75.6,MHz,75.6,NFM,GUARDIA CIVIL,Seguridad/Defensa,Madrid/Nacional,escanerfrecuencias (listado Madrid),NO,Fuerza de seguridad,
75.625,MHz,75.625,NFM,GUARDIA CIVIL,Seguridad/Defensa,Madrid/Nacional,escanerfrecuencias (listado Madrid),NO,Fuerza de seguridad,
75.65,MHz,75.65,NFM,GUARDIA CIVIL,Seguridad/Defensa,Madrid/Nacional,escanerfrecuencias (listado Madrid),NO,Fuerza de seguridad,
75.675,MHz,75.675,NFM,GUARDIA CIVIL,Seguridad/Defensa,Madrid/Nacional,escanerfrecuencias (listado Madrid),NO,Fuerza de seguridad,
75.7,MHz,75.7,NFM,GUARDIA CIVIL,Seguridad/Defensa,Madrid/Nacional,escanerfrecuencias (listado Madrid),NO,Fuerza de seguridad,
75.725,MHz,75.725,NFM,GUARDIA CIVIL,Seguridad/Defensa,Madrid/Nacional,escanerfrecuencias (listado Madrid),NO,Fuerza de seguridad,
75.75,MHz,75.75,NFM,GUARDIA CIVIL,Seguridad/Defensa,Madrid/Nacional,escanerfrecuencias (listado Madrid),NO,Fuerza de seguridad,
75.775,MHz,75.775,NFM,GUARDIA CIVIL,Seguridad/Defensa,Madrid/Nacional,escanerfrecuencias (listado Madrid),NO,Fuerza de seguridad,
75.8,MHz,75.8,NFM,GUARDIA CIVIL,Seguridad/Defensa,Madrid/Nacional,escanerfrecuencias (listado Madrid),NO,Fuerza de seguridad,
75.825,MHz,75.825,NFM,GUARDIA CIVIL,Seguridad/Defensa,Madrid/Nacional,escanerfrecuencias (listado Madrid),NO,Fuerza de seguridad,
75.85,MHz,75.85,NFM,GUARDIA CIVIL,Seguridad/Defensa,Madrid/Nacional,escanerfrecuencias (listado Madrid),NO,Fuerza de seguridad,
75.875,MHz,75.875,NFM,GUARDIA CIVIL,Seguridad/Defensa,Madrid/Nacional,escanerfrecuencias (listado Madrid),NO,Fuerza de seguridad,
75.9,MHz,75.9,NFM,GUARDIA CIVIL MB,Seguridad/Defensa,Madrid/Nacional,escanerfrecuencias (listado Madrid),NO,Fuerza de seguridad,
75.925,MHz,75.925,NFM,GUARDIA CIVIL,Seguridad/Defensa,Madrid/Nacional,escanerfrecuencias (listado Madrid),NO,Fuerza de seguridad,
75.95,MHz,75.95,NFM,GUARDIA CIVIL,Seguridad/Defensa,Madrid/Nacional,escanerfrecuencias (listado Madrid),NO,Fuerza de seguridad,
75.975,MHz,75.975,NFM,GUARDIA CIVIL,Seguridad/Defensa,Madrid/Nacional,escanerfrecuencias (listado Madrid),NO,Fuerza de seguridad,
76,MHz,76,NFM,GUARDIA CIVIL MB,Seguridad/Defensa,Madrid/Nacional,escanerfrecuencias (listado Madrid),NO,Fuerza de seguridad,
76.025,MHz,76.025,NFM,GUARDIA CIVIL,Seguridad/Defensa,Madrid/Nacional,escanerfrecuencias (listado Madrid),NO,Fuerza de seguridad,
76.05,MHz,76.05,NFM,GUARDIA CIVIL MB,Seguridad/Defensa,Madrid/Nacional,escanerfrecuencias (listado Madrid),NO,Fuerza de seguridad,
76.075,MHz,76.075,NFM,GUARDIA CIVIL,Seguridad/Defensa,Madrid/Nacional,escanerfrecuencias (listado Madrid),NO,Fuerza de seguridad,
76.1,MHz,76.1,NFM,GUARDIA CIVIL,Seguridad/Defensa,Madrid/Nacional,escanerfrecuencias (listado Madrid),NO,Fuerza de seguridad,
76.125,MHz,76.125,NFM,GUARDIA CIVIL,Seguridad/Defensa,Madrid/Nacional,escanerfrecuencias (listado Madrid),NO,Fuerza de seguridad,
76.15,MHz,76.15,NFM,GUARDIA CIVIL,Seguridad/Defensa,Madrid/Nacional,escanerfrecuencias (listado Madrid),NO,Fuerza de seguridad,
76.175,MHz,76.175,NFM,GUARDIA CIVIL MB,Seguridad/Defensa,Madrid/Nacional,escanerfrecuencias (listado Madrid),NO,Fuerza de seguridad,
76.2,MHz,76.2,NFM,GUARDIA CIVIL,Seguridad/Defensa,Madrid/Nacional,escanerfrecuencias (listado Madrid),NO,Fuerza de seguridad,
76.225,MHz,76.225,NFM,GUARDIA CIVIL,Seguridad/Defensa,Madrid/Nacional,escanerfrecuencias (listado Madrid),NO,Fuerza de seguridad,
76.25,MHz,76.25,NFM,GUARDIA CIVIL,Seguridad/Defensa,Madrid/Nacional,escanerfrecuencias (listado Madrid),NO,Fuerza de seguridad,
76.275,MHz,76.275,NFM,GUARDIA CIVIL,Seguridad/Defensa,Madrid/Nacional,escanerfrecuencias (listado Madrid),NO,Fuerza de seguridad,
76.3,MHz,76.3,NFM,GUARDIA CIVIL,Seguridad/Defensa,Madrid/Nacional,escanerfrecuencias (listado Madrid),NO,Fuerza de seguridad,
76.325,MHz,76.325,NFM,GUARDIA CIVIL,Seguridad/Defensa,Madrid/Nacional,escanerfrecuencias (listado Madrid),NO,Fuerza de seguridad,
76.35,MHz,76.35,NFM,GUARDIA CIVIL,Seguridad/Defensa,Madrid/Nacional,escanerfrecuencias (listado Madrid),NO,Fuerza de seguridad,
76.375,MHz,76.375,NFM,GUARDIA CIVIL,Seguridad/Defensa,Madrid/Nacional,escanerfrecuencias (listado Madrid),NO,Fuerza de seguridad,
76.4,MHz,76.4,NFM,GUARDIA CIVIL,Seguridad/Defensa,Madrid/Nacional,escanerfrecuencias (listado Madrid),NO,Fuerza de seguridad,
76.425,MHz,76.425,NFM,GUARDIA CIVIL,Seguridad/Defensa,Madrid/Nacional,escanerfrecuencias (listado Madrid),NO,Fuerza de seguridad,
76.45,MHz,76.45,NFM,GUARDIA CIVIL,Seguridad/Defensa,Madrid/Nacional,escanerfrecuencias (listado Madrid),NO,Fuerza de seguridad,
76.475,MHz,76.475,NFM,GUARDIA CIVIL MB,Seguridad/Defensa,Madrid/Nacional,escanerfrecuencias (listado Madrid),NO,Fuerza de seguridad,
76.5,MHz,76.5,NFM,GUARDIA CIVIL,Seguridad/Defensa,Madrid/Nacional,escanerfrecuencias (listado Madrid),NO,Fuerza de seguridad,
76.525,MHz,76.525,NFM,GUARDIA CIVIL,Seguridad/Defensa,Madrid/Nacional,escanerfrecuencias (listado Madrid),NO,Fuerza de seguridad,
76.55,MHz,76.55,NFM,GUARDIA CIVIL,Seguridad/Defensa,Madrid/Nacional,escanerfrecuencias (listado Madrid),NO,Fuerza de seguridad,
76.575,MHz,76.575,NFM,GUARDIA CIVIL,Seguridad/Defensa,Madrid/Nacional,escanerfrecuencias (listado Madrid),NO,Fuerza de seguridad,
84.675,MHz,84.675,NFM,POLICIA MILITAR,Seguridad/Defensa,Madrid/Nacional,escanerfrecuencias (listado Madrid),NO,Fuerza de seguridad,
84.75,MHz,84.75,NFM,GUARDIA CIVIL,Seguridad/Defensa,Madrid/Nacional,escanerfrecuencias (listado Madrid),NO,Fuerza de seguridad,
84.775,MHz,84.775,NFM,GUARDIA CIVIL,Seguridad/Defensa,Madrid/Nacional,escanerfrecuencias (listado Madrid),NO,Fuerza de seguridad,
84.8,MHz,84.8,NFM,GUARDIA CIVIL,Seguridad/Defensa,Madrid/Nacional,escanerfrecuencias (listado Madrid),NO,Fuerza de seguridad,
84.825,MHz,84.825,NFM,GUARDIA CIVIL,Seguridad/Defensa,Madrid/Nacional,escanerfrecuencias (listado Madrid),NO,Fuerza de seguridad,
84.85,MHz,84.85,NFM,GUARDIA CIVIL,Seguridad/Defensa,Madrid/Nacional,escanerfrecuencias (listado Madrid),NO,Fuerza de seguridad,
84.875,MHz,84.875,NFM,GUARDIA CIVIL,Seguridad/Defensa,Madrid/Nacional,escanerfrecuencias (listado Madrid),NO,Fuerza de seguridad,
84.9,MHz,84.9,NFM,GUARDIA CIVIL,Seguridad/Defensa,Madrid/Nacional,escanerfrecuencias (listado Madrid),NO,Fuerza de seguridad,
84.925,MHz,84.925,NFM,GUARDIA CIVIL,Seguridad/Defensa,Madrid/Nacional,escanerfrecuencias (listado Madrid),NO,Fuerza de seguridad,
84.95,MHz,84.95,NFM,GUARDIA CIVIL,Seguridad/Defensa,Madrid/Nacional,escanerfrecuencias (listado Madrid),NO,Fuerza de seguridad,
84.975,MHz,84.975,NFM,GUARDIA CIVIL,Seguridad/Defensa,Madrid/Nacional,escanerfrecuencias (listado Madrid),NO,Fuerza de seguridad,
85,MHz,85,NFM,GUARDIA CIVIL MB,Seguridad/Defensa,Madrid/Nacional,escanerfrecuencias (listado Madrid),NO,Fuerza de seguridad,
85.025,MHz,85.025,NFM,GUARDIA CIVIL,Seguridad/Defensa,Madrid/Nacional,escanerfrecuencias (listado Madrid),NO,Fuerza de seguridad,
85.05,MHz,85.05,NFM,GUARDIA CIVIL,Seguridad/Defensa,Madrid/Nacional,escanerfrecuencias (listado Madrid),NO,Fuerza de seguridad,
85.075,MHz,85.075,NFM,GUARDIA CIVIL 93,Seguridad/Defensa,Madrid/Nacional,escanerfrecuencias (listado Madrid),NO,Fuerza de seguridad,
85.1,MHz,85.1,NFM,GUARDIA CIVIL 94,Seguridad/Defensa,Madrid/Nacional,escanerfrecuencias (listado Madrid),NO,Fuerza de seguridad,
85.125,MHz,85.125,NFM,GUARDIA CIVIL 95,Seguridad/Defensa,Madrid/Nacional,escanerfrecuencias (listado Madrid),NO,Fuerza de seguridad,
85.15,MHz,85.15,NFM,GUARDIA CIVIL 96,Seguridad/Defensa,Madrid/Nacional,escanerfrecuencias (listado Madrid),NO,Fuerza de seguridad,
85.175,MHz,85.175,NFM,GUARDIA CIVIL 97,Seguridad/Defensa,Madrid/Nacional,escanerfrecuencias (listado Madrid),NO,Fuerza de seguridad,
85.2,MHz,85.2,NFM,GUARDIA CIVIL 98,Seguridad/Defensa,Madrid/Nacional,escanerfrecuencias (listado Madrid),NO,Fuerza de seguridad,
85.225,MHz,85.225,NFM,GUARDIA CIVIL 99,Seguridad/Defensa,Madrid/Nacional,escanerfrecuencias (listado Madrid),NO,Fuerza de seguridad,
85.25,MHz,85.25,NFM,GUARDIA CIVIL,Seguridad/Defensa,Madrid/Nacional,escanerfrecuencias (listado Madrid),NO,Fuerza de seguridad,
85.275,MHz,85.275,NFM,GUARDIA CIVIL,Seguridad/Defensa,Madrid/Nacional,escanerfrecuencias (listado Madrid),NO,Fuerza de seguridad,
85.3,MHz,85.3,NFM,GUARDIA CIVIL,Seguridad/Defensa,Madrid/Nacional,escanerfrecuencias (listado Madrid),NO,Fuerza de seguridad,
85.325,MHz,85.325,NFM,GUARDIA CIVIL,Seguridad/Defensa,Madrid/Nacional,escanerfrecuencias (listado Madrid),NO,Fuerza de seguridad,
85.4,MHz,85.4,NFM,GUARDIA CIVIL,Seguridad/Defensa,Madrid/Nacional,escanerfrecuencias (listado Madrid),NO,Fuerza de seguridad,
85.425,MHz,85.425,NFM,GUARDIA CIVIL,Seguridad/Defensa,Madrid/Nacional,escanerfrecuencias (listado Madrid),NO,Fuerza de seguridad,
85.45,MHz,85.45,NFM,GUARDIA CIVIL,Seguridad/Defensa,Madrid/Nacional,escanerfrecuencias (listado Madrid),NO,Fuerza de seguridad,
85.475,MHz,85.475,NFM,GUARDIA CIVIL,Seguridad/Defensa,Madrid/Nacional,escanerfrecuencias (listado Madrid),NO,Fuerza de seguridad,
85.5,MHz,85.5,NFM,GUARDIA CIVIL (ALPHA - 30),Seguridad/Defensa,Madrid/Nacional,escanerfrecuencias (listado Madrid),NO,Fuerza de seguridad,
85.525,MHz,85.525,NFM,GUARDIA CIVIL,Seguridad/Defensa,Madrid/Nacional,escanerfrecuencias (listado Madrid),NO,Fuerza de seguridad,
85.55,MHz,85.55,NFM,GUARDIA CIVIL,Seguridad/Defensa,Madrid/Nacional,escanerfrecuencias (listado Madrid),NO,Fuerza de seguridad,
85.575,MHz,85.575,NFM,GUARDIA CIVIL,Seguridad/Defensa,Madrid/Nacional,escanerfrecuencias (listado Madrid),NO,Fuerza de seguridad,
85.6,MHz,85.6,NFM,GUARDIA CIVIL,Seguridad/Defensa,Madrid/Nacional,escanerfrecuencias (listado Madrid),NO,Fuerza de seguridad,
85.625,MHz,85.625,NFM,GUARDIA CIVIL,Seguridad/Defensa,Madrid/Nacional,escanerfrecuencias (listado Madrid),NO,Fuerza de seguridad,
85.65,MHz,85.65,NFM,GUARDIA CIVIL,Seguridad/Defensa,Madrid/Nacional,escanerfrecuencias (listado Madrid),NO,Fuerza de seguridad,
85.675,MHz,85.675,NFM,GUARDIA CIVIL,Seguridad/Defensa,Madrid/Nacional,escanerfrecuencias (listado Madrid),NO,Fuerza de seguridad,
85.7,MHz,85.7,NFM,GUARDIA CIVIL( ECO 30) CANAL 18 MB,Seguridad/Defensa,Madrid/Nacional,escanerfrecuencias (listado Madrid),NO,Fuerza de seguridad,
85.725,MHz,85.725,NFM,GUARDIA CIVIL,Seguridad/Defensa,Madrid/Nacional,escanerfrecuencias (listado Madrid),NO,Fuerza de seguridad,
85.75,MHz,85.75,NFM,GUARDIA CIVIL,Seguridad/Defensa,Madrid/Nacional,escanerfrecuencias (listado Madrid),NO,Fuerza de seguridad,
85.775,MHz,85.775,NFM,GUARDIA CIVIL,Seguridad/Defensa,Madrid/Nacional,escanerfrecuencias (listado Madrid),NO,Fuerza de seguridad,
85.8,MHz,85.8,NFM,GUARDIA CIVIL DE TRAFICO (CANAL 22) COTA (DIRECTO NORTE) MB S,Seguridad/Defensa,Madrid/Nacional,escanerfrecuencias (listado Madrid),NO,Fuerza de seguridad,
85.825,MHz,85.825,NFM,GUARDIA CIVIL,Seguridad/Defensa,Madrid/Nacional,escanerfrecuencias (listado Madrid),NO,Fuerza de seguridad,
85.85,MHz,85.85,NFM,GUARDIA CIVIL,Seguridad/Defensa,Madrid/Nacional,escanerfrecuencias (listado Madrid),NO,Fuerza de seguridad,
85.875,MHz,85.875,NFM,GUARDIA CIVIL,Seguridad/Defensa,Madrid/Nacional,escanerfrecuencias (listado Madrid),NO,Fuerza de seguridad,
85.9,MHz,85.9,NFM,GUARDIA CIVIL DE TRAFICO (CANAL 26) MB,Seguridad/Defensa,Madrid/Nacional,escanerfrecuencias (listado Madrid),NO,Fuerza de seguridad,
85.925,MHz,85.925,NFM,GUARDIA CIVIL,Seguridad/Defensa,Madrid/Nacional,escanerfrecuencias (listado Madrid),NO,Fuerza de seguridad,
85.95,MHz,85.95,NFM,GUARDIA CIVIL,Seguridad/Defensa,Madrid/Nacional,escanerfrecuencias (listado Madrid),NO,Fuerza de seguridad,
85.975,MHz,85.975,NFM,GUARDIA CIVIL MB,Seguridad/Defensa,Madrid/Nacional,escanerfrecuencias (listado Madrid),NO,Fuerza de seguridad,
86,MHz,86,NFM,GUARDIA CIVIL,Seguridad/Defensa,Madrid/Nacional,escanerfrecuencias (listado Madrid),NO,Fuerza de seguridad,
86.025,MHz,86.025,NFM,GUARDIA CIVIL,Seguridad/Defensa,Madrid/Nacional,escanerfrecuencias (listado Madrid),NO,Fuerza de seguridad,
86.05,MHz,86.05,NFM,GUARDIA CIVIL,Seguridad/Defensa,Madrid/Nacional,escanerfrecuencias (listado Madrid),NO,Fuerza de seguridad,
86.075,MHz,86.075,NFM,GUARDIA CIVIL,Seguridad/Defensa,Madrid/Nacional,escanerfrecuencias (listado Madrid),NO,Fuerza de seguridad,
86.1,MHz,86.1,NFM,GUARDIA CIVIL,Seguridad/Defensa,Madrid/Nacional,escanerfrecuencias (listado Madrid),NO,Fuerza de seguridad,
86.125,MHz,86.125,NFM,GUARDIA CIVIL (CANAL 35) MB,Seguridad/Defensa,Madrid/Nacional,escanerfrecuencias (listado Madrid),NO,Fuerza de seguridad,
86.15,MHz,86.15,NFM,GUARDIA CIVIL,Seguridad/Defensa,Madrid/Nacional,escanerfrecuencias (listado Madrid),NO,Fuerza de seguridad,
86.175,MHz,86.175,NFM,GUARDIA CIVIL,Seguridad/Defensa,Madrid/Nacional,escanerfrecuencias (listado Madrid),NO,Fuerza de seguridad,
86.2,MHz,86.2,AM,HELICOPERO GUARDIA CIVIL ( ABEJA),Seguridad/Defensa,Madrid/Nacional,escanerfrecuencias (listado Madrid),NO,Fuerza de seguridad,
86.225,MHz,86.225,NFM,GUARDIA CIVIL,Seguridad/Defensa,Madrid/Nacional,escanerfrecuencias (listado Madrid),NO,Fuerza de seguridad,
86.25,MHz,86.25,NFM,GUARDIA CIVIL,Seguridad/Defensa,Madrid/Nacional,escanerfrecuencias (listado Madrid),NO,Fuerza de seguridad,
86.275,MHz,86.275,NFM,GUARDIA CIVIL DE TRAFICO (CANAL 41) (HEL) COTA SUR MB,Seguridad/Defensa,Madrid/Nacional,escanerfrecuencias (listado Madrid),NO,Fuerza de seguridad,
86.3,MHz,86.3,NFM,GUARDIA CIVIL,Seguridad/Defensa,Madrid/Nacional,escanerfrecuencias (listado Madrid),NO,Fuerza de seguridad,
86.325,MHz,86.325,NFM,GUARDIA CIVIL,Seguridad/Defensa,Madrid/Nacional,escanerfrecuencias (listado Madrid),NO,Fuerza de seguridad,
86.35,MHz,86.35,NFM,GUARDIA CIVIL,Seguridad/Defensa,Madrid/Nacional,escanerfrecuencias (listado Madrid),NO,Fuerza de seguridad,
86.375,MHz,86.375,NFM,GUARDIA CIVIL,Seguridad/Defensa,Madrid/Nacional,escanerfrecuencias (listado Madrid),NO,Fuerza de seguridad,
86.4,MHz,86.4,NFM,GUARDIA CIVIL,Seguridad/Defensa,Madrid/Nacional,escanerfrecuencias (listado Madrid),NO,Fuerza de seguridad,
86.425,MHz,86.425,NFM,GUARDIA CIVIL,Seguridad/Defensa,Madrid/Nacional,escanerfrecuencias (listado Madrid),NO,Fuerza de seguridad,
86.45,MHz,86.45,NFM,GUARDIA CIVIL,Seguridad/Defensa,Madrid/Nacional,escanerfrecuencias (listado Madrid),NO,Fuerza de seguridad,
86.475,MHz,86.475,NFM,GUARDIA CIVIL,Seguridad/Defensa,Madrid/Nacional,escanerfrecuencias (listado Madrid),NO,Fuerza de seguridad,
86.875,MHz,86.875,NFM,GUARDIA CIVIL (COTA SUR),Seguridad/Defensa,Madrid/Nacional,escanerfrecuencias (listado Madrid),NO,Fuerza de seguridad,
118.3,MHz,118.3,AM,RODADURA TORREJON MB,Aeronáutica,Madrid/Nacional,escanerfrecuencias (listado Madrid),NO,Defensa/militar,
122.1,MHz,122.1,AM,TWR TORREJON MB S,Aeronáutica,Madrid/Nacional,escanerfrecuencias (listado Madrid),NO,Defensa/militar,
130.3,MHz,130.3,AM,MIL F-18 MB,Seguridad/Defensa,Madrid/Nacional,escanerfrecuencias (listado Madrid),NO,Defensa/militar,
141.7,MHz,141.7,AM,MIL. MADRID APP C S,Aeronáutica,Madrid/Nacional,escanerfrecuencias (listado Madrid),NO,Defensa/militar,
148.14,MHz,148.14,NFM,POLICIA LOCAL ( ARROYOMOLINOS),Seguridad/Defensa,Madrid/Nacional,escanerfrecuencias (listado Madrid),NO,Fuerza de seguridad,
150.725,MHz,150.725,NFM,POLICIA MUNICIPAL DE TORRELODONES MB,Seguridad/Defensa,Madrid/Nacional,escanerfrecuencias (listado Madrid),NO,Fuerza de seguridad,
151.125,MHz,151.125,NFM,POLICIA MUNICIPAL LAS ROZAS MB,Seguridad/Defensa,Madrid/Nacional,escanerfrecuencias (listado Madrid),NO,Fuerza de seguridad,
151.2,MHz,151.2,NFM,POLICIA MUNICIPAL TORREJON DE ARDOZ MB S,Aeronáutica,Madrid/Nacional,escanerfrecuencias (listado Madrid),NO,Fuerza de seguridad,
152.125,MHz,152.125,NFM,POLICIA MUNICIPAL LAS ROZAS MB,Seguridad/Defensa,Madrid/Nacional,escanerfrecuencias (listado Madrid),NO,Fuerza de seguridad,
152.735,MHz,152.735,NFM,POLICIA LOCAL (MOSTOLES) B S,Seguridad/Defensa,Madrid/Nacional,escanerfrecuencias (listado Madrid),NO,Fuerza de seguridad,
152.74,MHz,152.74,NFM,POLICIA LOCAL (MOSTOLES),Seguridad/Defensa,Madrid/Nacional,escanerfrecuencias (listado Madrid),NO,Fuerza de seguridad,
153.475,MHz,153.475,NFM,POLICIA LOCAL (MOSTOLES),Seguridad/Defensa,Madrid/Nacional,escanerfrecuencias (listado Madrid),NO,Fuerza de seguridad,
154.325,MHz,154.325,NFM,POLICIA LOCAL C B S,Seguridad/Defensa,Madrid/Nacional,escanerfrecuencias (listado Madrid),NO,Fuerza de seguridad,
158,MHz,158,NFM,GUARDIA CIVIL TRAFICO MB,Seguridad/Defensa,Madrid/Nacional,escanerfrecuencias (listado Madrid),NO,Fuerza de seguridad,
160.125,MHz,160.125,NFM,POLICIA LOCAL ALCOBENDAS,Seguridad/Defensa,Madrid/Nacional,escanerfrecuencias (listado Madrid),NO,Fuerza de seguridad,
160.575,MHz,160.575,NFM,POLICIA LOCAL MOSTOLES,Seguridad/Defensa,Madrid/Nacional,escanerfrecuencias (listado Madrid),NO,Fuerza de seguridad,
163.325,MHz,163.325,NFM,GUARDIA CIVIL MB,Seguridad/Defensa,Madrid/Nacional,escanerfrecuencias (listado Madrid),NO,Fuerza de seguridad,
163.7,MHz,163.7,NFM,EMERGENCIA NUCLEAR,Otros/Sin identificar,Madrid/Nacional,escanerfrecuencias (listado Madrid),NO,Infraestructura crítica,
164.5,MHz,164.5,NFM,POLICIA LOCAL ALCALA,Seguridad/Defensa,Madrid/Nacional,escanerfrecuencias (listado Madrid),NO,Fuerza de seguridad,
164.625,MHz,164.625,NFM,GUARDIA CIVIL COTA (REPETIDOR NORTE) MB S,Seguridad/Defensa,Madrid/Nacional,escanerfrecuencias (listado Madrid),NO,Fuerza de seguridad,
164.925,MHz,164.925,NFM,POLICIA MUNICIPAL LEGANES,Seguridad/Defensa,Madrid/Nacional,escanerfrecuencias (listado Madrid),NO,Fuerza de seguridad,
165.1,MHz,165.1,NFM,POLICIA MUNICIPAL POZUELO,Seguridad/Defensa,Madrid/Nacional,escanerfrecuencias (listado Madrid),NO,Fuerza de seguridad,
166.925,MHz,166.925,NFM,GUARDIA CIVIL CENTRAL,Seguridad/Defensa,Madrid/Nacional,escanerfrecuencias (listado Madrid),NO,Fuerza de seguridad,
166.95,MHz,166.95,NFM,GUARDIA CIVIL,Seguridad/Defensa,Madrid/Nacional,escanerfrecuencias (listado Madrid),NO,Fuerza de seguridad,
166.975,MHz,166.975,NFM,GUARDIA CIVIL,Seguridad/Defensa,Madrid/Nacional,escanerfrecuencias (listado Madrid),NO,Fuerza de seguridad,
167,MHz,167,NFM,GUARDIA CIVIL,Seguridad/Defensa,Madrid/Nacional,escanerfrecuencias (listado Madrid),NO,Fuerza de seguridad,
167.025,MHz,167.025,NFM,GUARDIA CIVIL,Seguridad/Defensa,Madrid/Nacional,escanerfrecuencias (listado Madrid),NO,Fuerza de seguridad,
167.05,MHz,167.05,NFM,GUARDIA CIVIL,Seguridad/Defensa,Madrid/Nacional,escanerfrecuencias (listado Madrid),NO,Fuerza de seguridad,
167.075,MHz,167.075,NFM,GUARDIA CIVIL,Seguridad/Defensa,Madrid/Nacional,escanerfrecuencias (listado Madrid),NO,Fuerza de seguridad,
167.1,MHz,167.1,NFM,GUARDIA CIVIL,Seguridad/Defensa,Madrid/Nacional,escanerfrecuencias (listado Madrid),NO,Fuerza de seguridad,
167.125,MHz,167.125,NFM,GUARDIA CIVIL,Seguridad/Defensa,Madrid/Nacional,escanerfrecuencias (listado Madrid),NO,Fuerza de seguridad,
167.15,MHz,167.15,NFM,GUARDIA CIVIL,Seguridad/Defensa,Madrid/Nacional,escanerfrecuencias (listado Madrid),NO,Fuerza de seguridad,
167.175,MHz,167.175,NFM,GUARDIA CIVIL,Seguridad/Defensa,Madrid/Nacional,escanerfrecuencias (listado Madrid),NO,Fuerza de seguridad,
167.2,MHz,167.2,NFM,GUARDIA CIVIL,Seguridad/Defensa,Madrid/Nacional,escanerfrecuencias (listado Madrid),NO,Fuerza de seguridad,
167.225,MHz,167.225,NFM,GUARDIA CIVIL,Seguridad/Defensa,Madrid/Nacional,escanerfrecuencias (listado Madrid),NO,Fuerza de seguridad,
167.25,MHz,167.25,NFM,GUARDIA CIVIL,Seguridad/Defensa,Madrid/Nacional,escanerfrecuencias (listado Madrid),NO,Fuerza de seguridad,
167.275,MHz,167.275,NFM,GUARDIA CIVIL,Seguridad/Defensa,Madrid/Nacional,escanerfrecuencias (listado Madrid),NO,Fuerza de seguridad,
167.3,MHz,167.3,NFM,GUARDIA CIVIL,Seguridad/Defensa,Madrid/Nacional,escanerfrecuencias (listado Madrid),NO,Fuerza de seguridad,
167.325,MHz,167.325,NFM,GUARDIA CIVIL,Seguridad/Defensa,Madrid/Nacional,escanerfrecuencias (listado Madrid),NO,Fuerza de seguridad,
167.35,MHz,167.35,NFM,GUARDIA CIVIL,Seguridad/Defensa,Madrid/Nacional,escanerfrecuencias (listado Madrid),NO,Fuerza de seguridad,
167.375,MHz,167.375,NFM,GUARDIA CIVIL,Seguridad/Defensa,Madrid/Nacional,escanerfrecuencias (listado Madrid),NO,Fuerza de seguridad,
167.4,MHz,167.4,NFM,GUARDIA CIVIL,Seguridad/Defensa,Madrid/Nacional,escanerfrecuencias (listado Madrid),NO,Fuerza de seguridad,
167.425,MHz,167.425,NFM,GUARDIA CIVIL,Seguridad/Defensa,Madrid/Nacional,escanerfrecuencias (listado Madrid),NO,Fuerza de seguridad,
167.45,MHz,167.45,NFM,GUARDIA CIVIL,Seguridad/Defensa,Madrid/Nacional,escanerfrecuencias (listado Madrid),NO,Fuerza de seguridad,
167.475,MHz,167.475,NFM,GUARDIA CIVIL,Seguridad/Defensa,Madrid/Nacional,escanerfrecuencias (listado Madrid),NO,Fuerza de seguridad,
167.5,MHz,167.5,NFM,GUARDIA CIVIL,Seguridad/Defensa,Madrid/Nacional,escanerfrecuencias (listado Madrid),NO,Fuerza de seguridad,
167.625,MHz,167.625,NFM,GUARDIA CIVIL,Seguridad/Defensa,Madrid/Nacional,escanerfrecuencias (listado Madrid),NO,Fuerza de seguridad,
167.65,MHz,167.65,NFM,GUARDIA CIVIL,Seguridad/Defensa,Madrid/Nacional,escanerfrecuencias (listado Madrid),NO,Fuerza de seguridad,
167.675,MHz,167.675,NFM,GUARDIA CIVIL,Seguridad/Defensa,Madrid/Nacional,escanerfrecuencias (listado Madrid),NO,Fuerza de seguridad,
167.7,MHz,167.7,NFM,GUARDIA CIVIL,Seguridad/Defensa,Madrid/Nacional,escanerfrecuencias (listado Madrid),NO,Fuerza de seguridad,
167.725,MHz,167.725,NFM,GUARDIA CIVIL,Seguridad/Defensa,Madrid/Nacional,escanerfrecuencias (listado Madrid),NO,Fuerza de seguridad,
167.75,MHz,167.75,NFM,GUARDIA CIVIL,Seguridad/Defensa,Madrid/Nacional,escanerfrecuencias (listado Madrid),NO,Fuerza de seguridad,
167.775,MHz,167.775,NFM,GUARDIA CIVIL,Seguridad/Defensa,Madrid/Nacional,escanerfrecuencias (listado Madrid),NO,Fuerza de seguridad,
167.8,MHz,167.8,NFM,GUARDIA CIVIL,Seguridad/Defensa,Madrid/Nacional,escanerfrecuencias (listado Madrid),NO,Fuerza de seguridad,
167.825,MHz,167.825,NFM,GUARDIA CIVIL,Seguridad/Defensa,Madrid/Nacional,escanerfrecuencias (listado Madrid),NO,Fuerza de seguridad,
167.85,MHz,167.85,NFM,GUARDIA CIVIL,Seguridad/Defensa,Madrid/Nacional,escanerfrecuencias (listado Madrid),NO,Fuerza de seguridad,
167.875,MHz,167.875,NFM,GUARDIA CIVIL,Seguridad/Defensa,Madrid/Nacional,escanerfrecuencias (listado Madrid),NO,Fuerza de seguridad,
167.9,MHz,167.9,NFM,GUARDIA CIVIL,Seguridad/Defensa,Madrid/Nacional,escanerfrecuencias (listado Madrid),NO,Fuerza de seguridad,
167.925,MHz,167.925,NFM,GUARDIA CIVIL,Seguridad/Defensa,Madrid/Nacional,escanerfrecuencias (listado Madrid),NO,Fuerza de seguridad,
167.95,MHz,167.95,NFM,GUARDIA CIVIL,Seguridad/Defensa,Madrid/Nacional,escanerfrecuencias (listado Madrid),NO,Fuerza de seguridad,
167.975,MHz,167.975,NFM,GUARDIA CIVIL,Seguridad/Defensa,Madrid/Nacional,escanerfrecuencias (listado Madrid),NO,Fuerza de seguridad,
168,MHz,168,NFM,GUARDIA CIVIL,Seguridad/Defensa,Madrid/Nacional,escanerfrecuencias (listado Madrid),NO,Fuerza de seguridad,
168.025,MHz,168.025,NFM,GUARDIA CIVIL,Seguridad/Defensa,Madrid/Nacional,escanerfrecuencias (listado Madrid),NO,Fuerza de seguridad,
168.05,MHz,168.05,NFM,GUARDIA CIVIL,Seguridad/Defensa,Madrid/Nacional,escanerfrecuencias (listado Madrid),NO,Fuerza de seguridad,
168.075,MHz,168.075,NFM,GUARDIA CIVIL,Seguridad/Defensa,Madrid/Nacional,escanerfrecuencias (listado Madrid),NO,Fuerza de seguridad,
168.1,MHz,168.1,NFM,GUARDIA CIVIL,Seguridad/Defensa,Madrid/Nacional,escanerfrecuencias (listado Madrid),NO,Fuerza de seguridad,
168.125,MHz,168.125,NFM,GUARDIA CIVIL MB S,Seguridad/Defensa,Madrid/Nacional,escanerfrecuencias (listado Madrid),NO,Fuerza de seguridad,
168.15,MHz,168.15,NFM,GUARDIA CIVIL,Seguridad/Defensa,Madrid/Nacional,escanerfrecuencias (listado Madrid),NO,Fuerza de seguridad,
168.175,MHz,168.175,NFM,GUARDIA CIVIL - COTA SUR MB S,Seguridad/Defensa,Madrid/Nacional,escanerfrecuencias (listado Madrid),NO,Fuerza de seguridad,
168.2,MHz,168.2,NFM,GUARDIA CIVIL,Seguridad/Defensa,Madrid/Nacional,escanerfrecuencias (listado Madrid),NO,Fuerza de seguridad,
168.225,MHz,168.225,NFM,GUARDIA CIVIL,Seguridad/Defensa,Madrid/Nacional,escanerfrecuencias (listado Madrid),NO,Fuerza de seguridad,
168.25,MHz,168.25,NFM,GUARDIA CIVIL,Seguridad/Defensa,Madrid/Nacional,escanerfrecuencias (listado Madrid),NO,Fuerza de seguridad,
168.275,MHz,168.275,NFM,GUARDIA CIVIL,Seguridad/Defensa,Madrid/Nacional,escanerfrecuencias (listado Madrid),NO,Fuerza de seguridad,
168.3,MHz,168.3,NFM,"PARECEN TAXIS, GUARDIA CIVIL (NO) C MB S",Seguridad/Defensa,Madrid/Nacional,escanerfrecuencias (listado Madrid),NO,Fuerza de seguridad,
168.32,MHz,168.32,NFM,GUARDIA CIVIL (COTA) MB S,Seguridad/Defensa,Madrid/Nacional,escanerfrecuencias (listado Madrid),NO,Fuerza de seguridad,
168.325,MHz,168.325,NFM,GUARDIA CIVIL,Seguridad/Defensa,Madrid/Nacional,escanerfrecuencias (listado Madrid),NO,Fuerza de seguridad,
168.35,MHz,168.35,NFM,GUARDIA CIVIL,Seguridad/Defensa,Madrid/Nacional,escanerfrecuencias (listado Madrid),NO,Fuerza de seguridad,
168.375,MHz,168.375,NFM,GUARDIA CIVIL,Seguridad/Defensa,Madrid/Nacional,escanerfrecuencias (listado Madrid),NO,Fuerza de seguridad,
168.4,MHz,168.4,NFM,GUARDIA CIVIL,Seguridad/Defensa,Madrid/Nacional,escanerfrecuencias (listado Madrid),NO,Fuerza de seguridad,
168.425,MHz,168.425,NFM,GUARDIA CIVIL,Seguridad/Defensa,Madrid/Nacional,escanerfrecuencias (listado Madrid),NO,Fuerza de seguridad,
168.45,MHz,168.45,NFM,GUARDIA CIVIL,Seguridad/Defensa,Madrid/Nacional,escanerfrecuencias (listado Madrid),NO,Fuerza de seguridad,
168.475,MHz,168.475,NFM,GUARDIA CIVIL,Seguridad/Defensa,Madrid/Nacional,escanerfrecuencias (listado Madrid),NO,Fuerza de seguridad,
168.5,MHz,168.5,NFM,GUARDIA CIVIL,Seguridad/Defensa,Madrid/Nacional,escanerfrecuencias (listado Madrid),NO,Fuerza de seguridad,
168.525,MHz,168.525,NFM,GUARDIA CIVIL,Seguridad/Defensa,Madrid/Nacional,escanerfrecuencias (listado Madrid),NO,Fuerza de seguridad,
168.55,MHz,168.55,NFM,GUARDIA CIVIL,Seguridad/Defensa,Madrid/Nacional,escanerfrecuencias (listado Madrid),NO,Fuerza de seguridad,
168.575,MHz,168.575,NFM,GUARDIA CIVIL,Seguridad/Defensa,Madrid/Nacional,escanerfrecuencias (listado Madrid),NO,Fuerza de seguridad,
168.6,MHz,168.6,NFM,GUARDIA CIVIL,Seguridad/Defensa,Madrid/Nacional,escanerfrecuencias (listado Madrid),NO,Fuerza de seguridad,
168.625,MHz,168.625,NFM,GUARDIA CIVIL,Seguridad/Defensa,Madrid/Nacional,escanerfrecuencias (listado Madrid),NO,Fuerza de seguridad,
168.65,MHz,168.65,NFM,GUARDIA CIVIL,Seguridad/Defensa,Madrid/Nacional,escanerfrecuencias (listado Madrid),NO,Fuerza de seguridad,
168.675,MHz,168.675,NFM,GUARDIA CIVIL,Seguridad/Defensa,Madrid/Nacional,escanerfrecuencias (listado Madrid),NO,Fuerza de seguridad,
168.7,MHz,168.7,NFM,GUARDIA CIVIL MB,Seguridad/Defensa,Madrid/Nacional,escanerfrecuencias (listado Madrid),NO,Fuerza de seguridad,
168.72,MHz,168.72,NFM,POLICIA LOCAL C MB S,Seguridad/Defensa,Madrid/Nacional,escanerfrecuencias (listado Madrid),NO,Fuerza de seguridad,
168.725,MHz,168.725,NFM,GUARDIA CIVIL B,Seguridad/Defensa,Madrid/Nacional,escanerfrecuencias (listado Madrid),NO,Fuerza de seguridad,
168.75,MHz,168.75,NFM,GUARDIA CIVIL,Seguridad/Defensa,Madrid/Nacional,escanerfrecuencias (listado Madrid),NO,Fuerza de seguridad,
168.775,MHz,168.775,NFM,GUARDIA CIVIL,Seguridad/Defensa,Madrid/Nacional,escanerfrecuencias (listado Madrid),NO,Fuerza de seguridad,
168.8,MHz,168.8,NFM,GUARDIA CIVIL,Seguridad/Defensa,Madrid/Nacional,escanerfrecuencias (listado Madrid),NO,Fuerza de seguridad,
168.825,MHz,168.825,NFM,GUARDIA CIVIL,Seguridad/Defensa,Madrid/Nacional,escanerfrecuencias (listado Madrid),NO,Fuerza de seguridad,
168.85,MHz,168.85,NFM,GUARDIA CIVIL,Seguridad/Defensa,Madrid/Nacional,escanerfrecuencias (listado Madrid),NO,Fuerza de seguridad,
168.875,MHz,168.875,NFM,GUARDIA CIVIL - REPETIDOR COTA SUR,Seguridad/Defensa,Madrid/Nacional,escanerfrecuencias (listado Madrid),NO,Fuerza de seguridad,
172.475,MHz,172.475,NFM,GUARDIA CIVIL,Seguridad/Defensa,Madrid/Nacional,escanerfrecuencias (listado Madrid),NO,Fuerza de seguridad,
172.5,MHz,172.5,NFM,GUARDIA CIVIL,Seguridad/Defensa,Madrid/Nacional,escanerfrecuencias (listado Madrid),NO,Fuerza de seguridad,
172.525,MHz,172.525,NFM,GUARDIA CIVIL,Seguridad/Defensa,Madrid/Nacional,escanerfrecuencias (listado Madrid),NO,Fuerza de seguridad,
172.55,MHz,172.55,NFM,GUARDIA CIVIL,Seguridad/Defensa,Madrid/Nacional,escanerfrecuencias (listado Madrid),NO,Fuerza de seguridad,
172.575,MHz,172.575,NFM,GUARDIA CIVIL,Seguridad/Defensa,Madrid/Nacional,escanerfrecuencias (listado Madrid),NO,Fuerza de seguridad,
172.6,MHz,172.6,NFM,GUARDIA CIVIL,Seguridad/Defensa,Madrid/Nacional,escanerfrecuencias (listado Madrid),NO,Fuerza de seguridad,
172.625,MHz,172.625,NFM,GUARDIA CIVIL,Seguridad/Defensa,Madrid/Nacional,escanerfrecuencias (listado Madrid),NO,Fuerza de seguridad,
172.65,MHz,172.65,NFM,GUARDIA CIVIL,Seguridad/Defensa,Madrid/Nacional,escanerfrecuencias (listado Madrid),NO,Fuerza de seguridad,
172.675,MHz,172.675,NFM,GUARDIA CIVIL,Seguridad/Defensa,Madrid/Nacional,escanerfrecuencias (listado Madrid),NO,Fuerza de seguridad,
172.7,MHz,172.7,NFM,GUARDIA CIVIL,Seguridad/Defensa,Madrid/Nacional,escanerfrecuencias (listado Madrid),NO,Fuerza de seguridad,
172.725,MHz,172.725,NFM,GUARDIA CIVIL C MB,Seguridad/Defensa,Madrid/Nacional,escanerfrecuencias (listado Madrid),NO,Fuerza de seguridad,
172.75,MHz,172.75,NFM,GUARDIA CIVIL C MB,Seguridad/Defensa,Madrid/Nacional,escanerfrecuencias (listado Madrid),NO,Fuerza de seguridad,
172.775,MHz,172.775,NFM,GUARDIA CIVIL C MB,Seguridad/Defensa,Madrid/Nacional,escanerfrecuencias (listado Madrid),NO,Fuerza de seguridad,
172.825,MHz,172.825,NFM,GUARDIA CIVIL C MB,Seguridad/Defensa,Madrid/Nacional,escanerfrecuencias (listado Madrid),NO,Fuerza de seguridad,
172.85,MHz,172.85,NFM,GUARDIA CIVIL,Seguridad/Defensa,Madrid/Nacional,escanerfrecuencias (listado Madrid),NO,Fuerza de seguridad,
172.875,MHz,172.875,NFM,POLICIA MUNICIPAL MOSTOLES,Seguridad/Defensa,Madrid/Nacional,escanerfrecuencias (listado Madrid),NO,Fuerza de seguridad,
172.925,MHz,172.925,NFM,GUARDIA CIVIL C B,Seguridad/Defensa,Madrid/Nacional,escanerfrecuencias (listado Madrid),NO,Fuerza de seguridad,
172.95,MHz,172.95,NFM,GUARDIA CIVIL o MOPU C MB S,Seguridad/Defensa,Madrid/Nacional,escanerfrecuencias (listado Madrid),NO,Fuerza de seguridad,
172.975,MHz,172.975,NFM,GUARDIA CIVIL,Seguridad/Defensa,Madrid/Nacional,escanerfrecuencias (listado Madrid),NO,Fuerza de seguridad,
173,MHz,173,NFM,GUARDIA CIVIL,Seguridad/Defensa,Madrid/Nacional,escanerfrecuencias (listado Madrid),NO,Fuerza de seguridad,
173.025,MHz,173.025,NFM,GUARDIA CIVIL,Seguridad/Defensa,Madrid/Nacional,escanerfrecuencias (listado Madrid),NO,Fuerza de seguridad,
173.05,MHz,173.05,NFM,GUARDIA CIVIL,Seguridad/Defensa,Madrid/Nacional,escanerfrecuencias (listado Madrid),NO,Fuerza de seguridad,
173.075,MHz,173.075,NFM,GUARDIA CIVIL,Seguridad/Defensa,Madrid/Nacional,escanerfrecuencias (listado Madrid),NO,Fuerza de seguridad,
173.1,MHz,173.1,NFM,GUARDIA CIVIL,Seguridad/Defensa,Madrid/Nacional,escanerfrecuencias (listado Madrid),NO,Fuerza de seguridad,
173.125,MHz,173.125,NFM,GUARDIA CIVIL,Seguridad/Defensa,Madrid/Nacional,escanerfrecuencias (listado Madrid),NO,Fuerza de seguridad,
173.15,MHz,173.15,NFM,GUARDIA CIVIL,Seguridad/Defensa,Madrid/Nacional,escanerfrecuencias (listado Madrid),NO,Fuerza de seguridad,
173.175,MHz,173.175,NFM,GUARDIA CIVIL,Seguridad/Defensa,Madrid/Nacional,escanerfrecuencias (listado Madrid),NO,Fuerza de seguridad,
173.2,MHz,173.2,NFM,GUARDIA CIVIL,Seguridad/Defensa,Madrid/Nacional,escanerfrecuencias (listado Madrid),NO,Fuerza de seguridad,
173.225,MHz,173.225,NFM,GUARDIA CIVIL,Seguridad/Defensa,Madrid/Nacional,escanerfrecuencias (listado Madrid),NO,Fuerza de seguridad,
173.25,MHz,173.25,NFM,GUARDIA CIVIL C B,Seguridad/Defensa,Madrid/Nacional,escanerfrecuencias (listado Madrid),NO,Fuerza de seguridad,
173.275,MHz,173.275,NFM,GUARDIA CIVIL C B,Seguridad/Defensa,Madrid/Nacional,escanerfrecuencias (listado Madrid),NO,Fuerza de seguridad,
173.3,MHz,173.3,NFM,GUARDIA CIVIL,Seguridad/Defensa,Madrid/Nacional,escanerfrecuencias (listado Madrid),NO,Fuerza de seguridad,
173.325,MHz,173.325,NFM,GUARDIA CIVIL,Seguridad/Defensa,Madrid/Nacional,escanerfrecuencias (listado Madrid),NO,Fuerza de seguridad,
173.35,MHz,173.35,NFM,GUARDIA CIVIL,Seguridad/Defensa,Madrid/Nacional,escanerfrecuencias (listado Madrid),NO,Fuerza de seguridad,
173.375,MHz,173.375,NFM,GUARDIA CIVIL C B,Seguridad/Defensa,Madrid/Nacional,escanerfrecuencias (listado Madrid),NO,Fuerza de seguridad,
173.4,MHz,173.4,NFM,GUARDIA CIVIL,Seguridad/Defensa,Madrid/Nacional,escanerfrecuencias (listado Madrid),NO,Fuerza de seguridad,
173.425,MHz,173.425,NFM,GUARDIA CIVIL,Seguridad/Defensa,Madrid/Nacional,escanerfrecuencias (listado Madrid),NO,Fuerza de seguridad,
173.45,MHz,173.45,NFM,GUARDIA CIVIL,Seguridad/Defensa,Madrid/Nacional,escanerfrecuencias (listado Madrid),NO,Fuerza de seguridad,
173.475,MHz,173.475,NFM,GUARDIA CIVIL,Seguridad/Defensa,Madrid/Nacional,escanerfrecuencias (listado Madrid),NO,Fuerza de seguridad,
173.5,MHz,173.5,NFM,GUARDIA CIVIL,Seguridad/Defensa,Madrid/Nacional,escanerfrecuencias (listado Madrid),NO,Fuerza de seguridad,
173.525,MHz,173.525,NFM,GUARDIA CIVIL,Seguridad/Defensa,Madrid/Nacional,escanerfrecuencias (listado Madrid),NO,Fuerza de seguridad,
230.195,MHz,230.195,NFM,POLICIA LOCAL O TAXI C MB,Seguridad/Defensa,Madrid/Nacional,escanerfrecuencias (listado Madrid),NO,Fuerza de seguridad,
242,MHz,242,AM,MIL ACC MADRID MB,Aeronáutica,Madrid/Nacional,escanerfrecuencias (listado Madrid),NO,Defensa/militar,
242.05,MHz,242.05,AM,MIL TORREJON Director (MADRID APP) MB,Aeronáutica,Madrid/Nacional,escanerfrecuencias (listado Madrid),NO,Defensa/militar,
243.0 MHz,—,243,—,"Frecuencia de emergencia militar, posibles transmisiones de voz en emergencias.",Defensa,Nacional,Listado frecuencias radio España,NO,Militar,
336.4,MHz,336.4,AM,MIL APP MB,Aeronáutica,Madrid/Nacional,escanerfrecuencias (listado Madrid),NO,Defensa/militar,
357.4,MHz,357.4,AM,MIL ACC MADRID MB,Aeronáutica,Madrid/Nacional,escanerfrecuencias (listado Madrid),NO,Defensa/militar,
364.2,MHz,364.2,AM,MIL. PEGASO CH.15 (SEVILLA) MB S,Seguridad/Defensa,Madrid/Nacional,escanerfrecuencias (listado Madrid),NO,Defensa/militar,
373.45,MHz,373.45,NFM,POLICIA LOCAL,Seguridad/Defensa,Madrid/Nacional,escanerfrecuencias (listado Madrid),NO,Fuerza de seguridad,
375,MHz,375,AM,MIL RODADURA TORREJON MB,Aeronáutica,Madrid/Nacional,escanerfrecuencias (listado Madrid),NO,Defensa/militar,
379.55,MHz,379.55,AM,MIL ACC MADRID MB,Aeronáutica,Madrid/Nacional,escanerfrecuencias (listado Madrid),NO,Defensa/militar,
380-430 MHz,—,380,—,"Frecuencia del TETRA, que es un sistema de comunicaciones encriptadas. Es utilizado por policía, ambulancias, bomberos,…",Seguridad/Defensa,Nacional,Listado frecuencias radio España,NO,Red cifrada de seguridad (TETRA),
413.4,MHz,413.4,NFM,POLICIA MUNICIPAL MAJADAHONDA MB,Seguridad/Defensa,Madrid/Nacional,escanerfrecuencias (listado Madrid),NO,Fuerza de seguridad,
413.9,MHz,413.9,NFM,SEG PRIVADA C MB,Seguridad/Defensa,Madrid/Nacional,escanerfrecuencias (listado Madrid),NO,Seguridad privada,
423.9125,MHz,423.9125,NFM,POLICIA DE MAJADAHONDA MB S,Seguridad/Defensa,Madrid/Nacional,escanerfrecuencias (listado Madrid),NO,Fuerza de seguridad,
425.89,MHz,425.89,NFM,SELUR MB S,Seguridad/Defensa,Madrid/Nacional,escanerfrecuencias (listado Madrid),NO,Seguridad privada,
443.625,MHz,443.625,NFM,GRUAS O POLICIA LOCAL,Seguridad/Defensa,Madrid/Nacional,escanerfrecuencias (listado Madrid),NO,Fuerza de seguridad,
451.075,MHz,451.075,NFM,ANTIGUA GUARDIA CIVIL,Seguridad/Defensa,Madrid/Nacional,escanerfrecuencias (listado Madrid),NO,Fuerza de seguridad,
451.325,MHz,451.325,NFM,POLI NA,Otros/Sin identificar,Madrid/Nacional,escanerfrecuencias (listado Madrid),NO,Fuerza de seguridad,
458.225,MHz,458.225,NFM,POLICIA LOCAL (ALCORCON),Seguridad/Defensa,Madrid/Nacional,escanerfrecuencias (listado Madrid),NO,Fuerza de seguridad,
462.35,MHz,462.35,NFM,POLICIA LOCAL PARLA,Seguridad/Defensa,Madrid/Nacional,escanerfrecuencias (listado Madrid),NO,Fuerza de seguridad,
462.5,MHz,462.5,NFM,POLICIA LOCAL (GETAFE) MB S,Seguridad/Defensa,Madrid/Nacional,escanerfrecuencias (listado Madrid),NO,Fuerza de seguridad,
463.0875,MHz,463.0875,NFM,POLICIA LOCAL MB,Seguridad/Defensa,Madrid/Nacional,escanerfrecuencias (listado Madrid),NO,Fuerza de seguridad,
463.15,MHz,463.15,NFM,POLICIA LOCAL,Seguridad/Defensa,Madrid/Nacional,escanerfrecuencias (listado Madrid),NO,Fuerza de seguridad,
463.3,MHz,463.3,NFM,POLICIA LOCAL FUENLABRADA MB S,Seguridad/Defensa,Madrid/Nacional,escanerfrecuencias (listado Madrid),NO,Fuerza de seguridad,
463.55,MHz,463.55,NFM,POLICIA LOCAL LEGANES MB S,Seguridad/Defensa,Madrid/Nacional,escanerfrecuencias (listado Madrid),NO,Fuerza de seguridad,
464.3,MHz,464.3,NFM,POLICIA LOCAL (GETAFE),Seguridad/Defensa,Madrid/Nacional,escanerfrecuencias (listado Madrid),NO,Fuerza de seguridad,
468.125,MHz,468.125,NFM,POLICIA LOCAL (ALCORCON) MB,Seguridad/Defensa,Madrid/Nacional,escanerfrecuencias (listado Madrid),NO,Fuerza de seguridad,
468.285,MHz,468.285,NFM,POLICIA LOCAL (ALCORCON) B,Seguridad/Defensa,Madrid/Nacional,escanerfrecuencias (listado Madrid),NO,Fuerza de seguridad,
468.8,MHz,468.8,NFM,POLICIA LOCAL (ALCORCON) B,Seguridad/Defensa,Madrid/Nacional,escanerfrecuencias (listado Madrid),NO,Fuerza de seguridad,
474.95,MHz,474.95,NFM,POLICIA LOCAL,Seguridad/Defensa,Madrid/Nacional,escanerfrecuencias (listado Madrid),NO,Fuerza de seguridad,
484.95,MHz,484.95,NFM,POLICIA LOCAL (LEGANES) B,Seguridad/Defensa,Madrid/Nacional,escanerfrecuencias (listado Madrid),NO,Fuerza de seguridad,
29.68,MHz,29.68,FM,ED1YBQ Repetidor 28 MHz — Sierra de Bejar - La Covatilla Grupo Radiopaquete Salamanca,Radioaficionados,Nacional,URE (listado nacional oficial),SI,Repetidor/baliza de aficionado (público),-100 kHz · RH7 · IN70DI
51.81,MHz,51.81,FM,ED7YAM Repetidor 50 MHz — URE Córdoba,Radioaficionados,Nacional,URE (listado nacional oficial),SI,Repetidor/baliza de aficionado (público),-600 kHz · CTCSS 77.0 · RF81 · IM77OX
51.9,MHz,51.9,FM,ED3YAI Repetidor 50 MHz — AMIRED,Radioaficionados,Nacional,URE (listado nacional oficial),SI,Repetidor/baliza de aficionado (público),-600 kHz · CTCSS 88.5 · RF90 · JN02WH
51.95,MHz,51.95,FM,"ED4YAW Repetidor 50 MHz — Subtono: 88,5 Hz - URE Sierra de Guadarrama",Radioaficionados,Nacional,URE (listado nacional oficial),SI,Repetidor/baliza de aficionado (público),-600 kHz · CTCSS 88.5 · RF95 · IN70WR
144.8,MHz,144.8,FM,ED4YAG Repetidor 144 MHz — URE Central,Radioaficionados,Nacional,URE (listado nacional oficial),SI,Repetidor/baliza de aficionado (público),IN80DJ
144.8,MHz,144.8,FM,ED7YAU Repetidor 144 MHz — 30 W - Antena omnidireccional - URE San Fernando,Radioaficionados,Nacional,URE (listado nacional oficial),SI,Repetidor/baliza de aficionado (público),IM76AT
145.5875,MHz,145.5875,DMR,ED3ZAN Repetidor 144 MHz — Sección URE Alt Empordá,Radioaficionados,Nacional,URE (listado nacional oficial),SI,Repetidor/baliza de aficionado (público),-600 kHz · JN12LG
145.6,MHz,145.6,FM,ED1YAO Repetidor 144 MHz — R.C. Costa Lugo,Radioaficionados,Nacional,URE (listado nacional oficial),SI,Repetidor/baliza de aficionado (público),-600 kHz · RV48 - R0 · IN63GO
145.6,MHz,145.6,FM,ED1YBM Repetidor 144 MHz — URE Soria,Radioaficionados,Nacional,URE (listado nacional oficial),SI,Repetidor/baliza de aficionado (público),-600 kHz · RV48 - R0 · IN81UW
145.6,MHz,145.6,FM,"ED1YBX Repetidor 144 MHz — Subtono 88,5 Hz URE Rías Baixas",Radioaficionados,Nacional,URE (listado nacional oficial),SI,Repetidor/baliza de aficionado (público),-600 kHz · CTCSS 88.5 · RV48 - R0 · IN52UP
145.6,MHz,145.6,FM,ED2YAC Repetidor 144 MHz — URE Vizcaya,Radioaficionados,Nacional,URE (listado nacional oficial),SI,Repetidor/baliza de aficionado (público),-600 kHz · RV48 - R0 · IN83RF
145.6,MHz,145.6,FM,ED2YAL Repetidor 144 MHz — URE Teruel,Radioaficionados,Nacional,URE (listado nacional oficial),SI,Repetidor/baliza de aficionado (público),-600 kHz · RV48 - R0 · IN90LC
145.6,MHz,145.6,FM,ED2YAM Repetidor 144 MHz — URE Valle del Cinca,Radioaficionados,Nacional,URE (listado nacional oficial),SI,Repetidor/baliza de aficionado (público),-600 kHz · CTCSS 88.5 · RV48 - R0 · JN01EM
145.6,MHz,145.6,FM,ED3YAJ Repetidor 144 MHz — URE Catalunya,Radioaficionados,Nacional,URE (listado nacional oficial),SI,Repetidor/baliza de aficionado (público),-600 kHz · RV48 - R0 · JN11ES
145.6,MHz,145.6,FM,ED4YAD Repetidor 144 MHz — URE Alcorcón,Radioaficionados,Nacional,URE (listado nacional oficial),SI,Repetidor/baliza de aficionado (público),-600 kHz · CTCSS 82.5 · RV48 - R0 · IN80CI
145.6,MHz,145.6,FM,ED5YAK Repetidor 144 MHz — URE Murcia,Radioaficionados,Nacional,URE (listado nacional oficial),SI,Repetidor/baliza de aficionado (público),-600 kHz · CTCSS 77.0 · RV48 - R0 · IM97FU
145.6,MHz,145.6,FM,ED6YAD Repetidor 144 MHz — URE Menorca,Radioaficionados,Nacional,URE (listado nacional oficial),SI,Repetidor/baliza de aficionado (público),-600 kHz · RV48 - R0 · JM29BX
145.6,MHz,145.6,FM,ED8YAA Repetidor 144 MHz — URE Arrecife,Radioaficionados,Nacional,URE (listado nacional oficial),SI,Repetidor/baliza de aficionado (público),-600 kHz · RV48 - R0 · IL39FC
145.6125,MHz,145.6125,FM,ED1YBN Repetidor 144 MHz — Sección URE Torrelavega,Radioaficionados,Nacional,URE (listado nacional oficial),SI,Repetidor/baliza de aficionado (público),-600 kHz · RV49 · IN73WG
145.6125,MHz,145.6125,FM,ED1YBO Repetidor 144 MHz — URE El Bierzo,Radioaficionados,Nacional,URE (listado nacional oficial),SI,Repetidor/baliza de aficionado (público),-600 kHz · RV49 · IN62RJ
145.625,MHz,145.625,FM,ED1YAD Repetidor 144 MHz — URE Coruña,Radioaficionados,Nacional,URE (listado nacional oficial),SI,Repetidor/baliza de aficionado (público),-600 kHz · RV50 - R1 · IN63CO
145.625,MHz,145.625,FM,ED1YBT Repetidor 144 MHz — URE Burgos,Radioaficionados,Nacional,URE (listado nacional oficial),SI,Repetidor/baliza de aficionado (público),-600 kHz · CTCSS 77.0 · RV50 - R1 · IN82JG
145.625,MHz,145.625,FM,ED2YAF Repetidor 144 MHz — URE San Sebastián,Radioaficionados,Nacional,URE (listado nacional oficial),SI,Repetidor/baliza de aficionado (público),-600 kHz · RV50 - R1 · IN83XF
145.625,MHz,145.625,FM,ED2YAI Repetidor 144 MHz — URE Zaragoza,Radioaficionados,Nacional,URE (listado nacional oficial),SI,Repetidor/baliza de aficionado (público),-600 kHz · RV50 - R1 · IN91GJ
145.625,MHz,145.625,FM,ED3YBA Repetidor 144 MHz — URE Garrotxa,Radioaficionados,Nacional,URE (listado nacional oficial),SI,Repetidor/baliza de aficionado (público),-600 kHz · RV50 - R1 · JN12ED
145.625,MHz,145.625,FM,ED4YAS Repetidor 144 MHz — URE Badajoz,Radioaficionados,Nacional,URE (listado nacional oficial),SI,Repetidor/baliza de aficionado (público),-600 kHz · CTCSS 88.5 · RV50 - R1 · IM68PL
145.625,MHz,145.625,FM,ED4YAV Repetidor 144 MHz — URE Talavera de la Reina,Radioaficionados,Nacional,URE (listado nacional oficial),SI,Repetidor/baliza de aficionado (público),-600 kHz · CTCSS 67.0 · RV50 - R1 · IN70PD
145.625,MHz,145.625,FM,ED4YAZ Repetidor 144 MHz — URE Cuenca,Radioaficionados,Nacional,URE (listado nacional oficial),SI,Repetidor/baliza de aficionado (público),-600 kHz · RV50 - R1 · IM98NS
145.625,MHz,145.625,FM,ED5YAB Repetidor 144 MHz — URE Cartagena,Radioaficionados,Nacional,URE (listado nacional oficial),SI,Repetidor/baliza de aficionado (público),-600 kHz · RV50 - R1 · IM97MO
145.625,MHz,145.625,FM,ED5YAP Repetidor 144 MHz — URE Valencia,Radioaficionados,Nacional,URE (listado nacional oficial),SI,Repetidor/baliza de aficionado (público),-600 kHz · CTCSS 88.5 · RV50 - R1 · IM99TQ
145.625,MHz,145.625,FM,ED5YAT Repetidor 144 MHz — RC Águilas,Radioaficionados,Nacional,URE (listado nacional oficial),SI,Repetidor/baliza de aficionado (público),-600 kHz · CTCSS 127.3 · RV50 - R1 · IM97FJ
145.625,MHz,145.625,D-Star,ED6ZAC Repetidor 144 MHz — Digigrup,Radioaficionados,Nacional,URE (listado nacional oficial),SI,Repetidor/baliza de aficionado (público),-600 kHz · RV50-R1 · JM19IR
145.625,MHz,145.625,FM,ED7YAN Repetidor 144 MHz — URE Granada,Radioaficionados,Nacional,URE (listado nacional oficial),SI,Repetidor/baliza de aficionado (público),-600 kHz · CTCSS 88.5 · RV50 - R1 · IM87HB
145.625,MHz,145.625,FM,ED8YAE Repetidor 144 MHz — URE Las Palmas,Radioaficionados,Nacional,URE (listado nacional oficial),SI,Repetidor/baliza de aficionado (público),-600 kHz · RV50 - R1 · IL27FW
145.6375,MHz,145.6375,D-Star,ED1ZBG_C Repetidor 144 MHz — URE Ourense,Radioaficionados,Nacional,URE (listado nacional oficial),SI,Repetidor/baliza de aficionado (público),-600 kHz · RV51 · IN62EI
145.65,MHz,145.65,FM,ED1YAG Repetidor 144 MHz — R.C. SAR Santiago,Radioaficionados,Nacional,URE (listado nacional oficial),SI,Repetidor/baliza de aficionado (público),-600 kHz · RV52 - R2 · IN52QQ
145.65,MHz,145.65,FM,ED1YAL Repetidor 144 MHz — URE Zamora,Radioaficionados,Nacional,URE (listado nacional oficial),SI,Repetidor/baliza de aficionado (público),-600 kHz · CTCSS 67.0 · RV52 - R2 · IN71CM
145.65,MHz,145.65,FM,ED1YAS Repetidor 144 MHz — Radio Club Radioaficionados Montañeses,Radioaficionados,Nacional,URE (listado nacional oficial),SI,Repetidor/baliza de aficionado (público),-600 kHz · CTCSS 123 · RV52 - R2 · IN83GK
145.65,MHz,145.65,FM,ED1YBB Repetidor 144 MHz — URE Oviedo,Radioaficionados,Nacional,URE (listado nacional oficial),SI,Repetidor/baliza de aficionado (público),-600 kHz · RV52 - R2 · IN73BJ
145.65,MHz,145.65,FM,ED2YAJ Repetidor 144 MHz — URE Zaragoza,Radioaficionados,Nacional,URE (listado nacional oficial),SI,Repetidor/baliza de aficionado (público),-600 kHz · RV52 - R2 · IN91NP
145.65,MHz,145.65,FM,ED2YAP Repetidor 144 MHz — RC Foronda,Radioaficionados,Nacional,URE (listado nacional oficial),SI,Repetidor/baliza de aficionado (público),-600 kHz · RV52 - R2 · IN82QU
145.65,MHz,145.65,D-Star,ED3YAK Repetidor 144 MHz — URE Barcelona,Radioaficionados,Nacional,URE (listado nacional oficial),SI,Repetidor/baliza de aficionado (público),-600 kHz · RV52 - R2 · JN11BJ
145.65,MHz,145.65,FM,ED3YAY Repetidor 144 MHz — Radio Club Lleida,Radioaficionados,Nacional,URE (listado nacional oficial),SI,Repetidor/baliza de aficionado (público),-600 kHz · RV52 - R2 · JN01HO
145.65,MHz,145.65,FM,ED4YAC Repetidor 144 MHz — Sección URE Madrid / Colaboradores Radio Club EIT EA4RCT,Radioaficionados,Nacional,URE (listado nacional oficial),SI,Repetidor/baliza de aficionado (público),-600 kHz · RV52 - R2 · IN80DK
145.65,MHz,145.65,FM,ED5YAG Repetidor 144 MHz — URE Alicante,Radioaficionados,Nacional,URE (listado nacional oficial),SI,Repetidor/baliza de aficionado (público),-600 kHz · CTCSS 88.5 · RV52 - R2 · IM98SI
145.65,MHz,145.65,FM,ED5YAN Repetidor 144 MHz — Radio Club Gandía,Radioaficionados,Nacional,URE (listado nacional oficial),SI,Repetidor/baliza de aficionado (público),-600 kHz · RV52 - R2 · IM98VW
145.65,MHz,145.65,FM,ED6YAC Repetidor 144 MHz — URE Llevant,Radioaficionados,Nacional,URE (listado nacional oficial),SI,Repetidor/baliza de aficionado (público),-600 kHz · CTCSS 88.5 · RV52 - R2 · JM19ON
145.65,MHz,145.65,FM,ED7YAJ Repetidor 144 MHz — URE Almería,Radioaficionados,Nacional,URE (listado nacional oficial),SI,Repetidor/baliza de aficionado (público),-600 kHz · RV52 - R2 · IM86SU
145.65,MHz,145.65,FM,ED7YAP Repetidor 144 MHz — R.C. Sevilla,Radioaficionados,Nacional,URE (listado nacional oficial),SI,Repetidor/baliza de aficionado (público),-600 kHz · RV52 - R2 · IM77AJ
145.65,MHz,145.65,FM,ED7YAT Repetidor 144 MHz — URE Jaén,Radioaficionados,Nacional,URE (listado nacional oficial),SI,Repetidor/baliza de aficionado (público),-600 kHz · RV52 - R2 · IM87CP
145.65,MHz,145.65,FM,ED8YAH Repetidor 144 MHz — URE S.C. La Palma,Radioaficionados,Nacional,URE (listado nacional oficial),SI,Repetidor/baliza de aficionado (público),-600 kHz · RV52 - R2 · IL18CP
145.675,MHz,145.675,FM,ED1YAM Repetidor 144 MHz — URE Cantabria,Radioaficionados,Nacional,URE (listado nacional oficial),SI,Repetidor/baliza de aficionado (público),-600 kHz · CTCSS 67.0 · RV54 - R3 · IN83CK
145.675,MHz,145.675,FM,ED1YAW Repetidor 144 MHz — Club Bergantiños de Radio,Radioaficionados,Nacional,URE (listado nacional oficial),SI,Repetidor/baliza de aficionado (público),-600 kHz · RV54 - R3 · IN53PG
145.675,MHz,145.675,FM-N,ED1YAZ Repetidor 144 MHz — URE León,Radioaficionados,Nacional,URE (listado nacional oficial),SI,Repetidor/baliza de aficionado (público),-600 kHz · CTCSS 88.5 · RV54 - R3 · IN72EU
145.675,MHz,145.675,FM,ED1YBG Repetidor 144 MHz — URE Baixo Miño,Radioaficionados,Nacional,URE (listado nacional oficial),SI,Repetidor/baliza de aficionado (público),-600 kHz · CTCSS 88.5 · RV54 - R3 · IN52PC
145.675,MHz,145.675,FM,ED2YAR Repetidor 144 MHz — URE Navarra,Radioaficionados,Nacional,URE (listado nacional oficial),SI,Repetidor/baliza de aficionado (público),-600 kHz · CTCSS 77.0 · RV54 - R3 · IN93FQ
145.675,MHz,145.675,FM,ED3YAH Repetidor 144 MHz — AMIRED,Radioaficionados,Nacional,URE (listado nacional oficial),SI,Repetidor/baliza de aficionado (público),-600 kHz · CTCSS 88.5 · RV54 - R3 · JN00ET
145.675,MHz,145.675,FM,ED3YAU Repetidor 144 MHz — URE Valle de Arán,Radioaficionados,Nacional,URE (listado nacional oficial),SI,Repetidor/baliza de aficionado (público),-600 kHz · CTCSS 77.0 · RV54 - R3 · JN02IP
145.675,MHz,145.675,FM,ED3YAZ Repetidor 144 MHz — URE Gironés,Radioaficionados,Nacional,URE (listado nacional oficial),SI,Repetidor/baliza de aficionado (público),-600 kHz · RV54 - R3 · JN12GA
145.675,MHz,145.675,FM,ED4YAE Repetidor 144 MHz — URE Sierra Guadarrama,Radioaficionados,Nacional,URE (listado nacional oficial),SI,Repetidor/baliza de aficionado (público),-600 kHz · CTCSS 97.4 · RV54 - R3 · IN70WR
145.675,MHz,145.675,FM,ED4YAO Repetidor 144 MHz — URE Plasencia,Radioaficionados,Nacional,URE (listado nacional oficial),SI,Repetidor/baliza de aficionado (público),-600 kHz · CTCSS 67.0 · RV54 - R3 · IN60XA
145.675,MHz,145.675,FM,ED5YAW Repetidor 144 MHz — URE Albacete,Radioaficionados,Nacional,URE (listado nacional oficial),SI,Repetidor/baliza de aficionado (público),-600 kHz · CTCSS 123.0 · RV54-R3 · IM88XR
145.675,MHz,145.675,FM,"ED6YAE Repetidor 144 MHz — Subtono 173,8 Hz URE Ibiza",Radioaficionados,Nacional,URE (listado nacional oficial),SI,Repetidor/baliza de aficionado (público),-600 kHz · CTCSS 173.8 · RV54 - R3 · JM08PV
145.675,MHz,145.675,FM,ED7YAC Repetidor 144 MHz — URE Córdoba,Radioaficionados,Nacional,URE (listado nacional oficial),SI,Repetidor/baliza de aficionado (público),-600 kHz · CTCSS 77.0 · RV54 - R3 · IM77OX
145.675,MHz,145.675,FM,ED7YAH Repetidor 144 MHz — URE Cuanca del Almanzora,Radioaficionados,Nacional,URE (listado nacional oficial),SI,Repetidor/baliza de aficionado (público),-600 kHz · RV54 - R3 · IM87SF
145.675,MHz,145.675,FM,ED7YAK Repetidor 144 MHz — URE Huelva,Radioaficionados,Nacional,URE (listado nacional oficial),SI,Repetidor/baliza de aficionado (público),-600 kHz · RV54 - R3 · IM67OV
145.675,MHz,145.675,FM,ED8YAF Repetidor 144 MHz — URE Fuerteventura,Radioaficionados,Nacional,URE (listado nacional oficial),SI,Repetidor/baliza de aficionado (público),-600 kHz · RV54 - R3 · IL38BM
145.6875,MHz,145.6875,FM,ED2YAS Repetidor 144 MHz — Radioaficionados del Bidasoa,Radioaficionados,Nacional,URE (listado nacional oficial),SI,Repetidor/baliza de aficionado (público),-600 kHz · RV55 · IN83CH
145.6875,MHz,145.6875,D-Star,ED5ZAC Repetidor 144 MHz — RC Denia,Radioaficionados,Nacional,URE (listado nacional oficial),SI,Repetidor/baliza de aficionado (público),-600 kHz · RV55 · JM08BU
145.7,MHz,145.7,FM,ED1YAF Repetidor 144 MHz — Club Radioaficionados Abulenses,Radioaficionados,Nacional,URE (listado nacional oficial),SI,Repetidor/baliza de aficionado (público),-600 kHz · CTCSS 71.9 · RV56 - R4 · IN70OM
145.7,MHz,145.7,FM,ED1YAI Repetidor 144 MHz — R.C. Lugo,Radioaficionados,Nacional,URE (listado nacional oficial),SI,Repetidor/baliza de aficionado (público),-600 kHz · RV56 - R4 · IN62JR
145.7,MHz,145.7,FM,ED1YAQ Repetidor 144 MHz — Radio Club Radioaficionados Montañeses,Radioaficionados,Nacional,URE (listado nacional oficial),SI,Repetidor/baliza de aficionado (público),-600 kHz · RV56 - R4 · IN73TA
145.7,MHz,145.7,FM,ED2YAA Repetidor 144 MHz — Radio Club Unzueta,Radioaficionados,Nacional,URE (listado nacional oficial),SI,Repetidor/baliza de aficionado (público),-600 kHz · RV56 - R4 · IN83ND
145.7,MHz,145.7,FM,ED2YAH Repetidor 144 MHz — URE Zaragoza,Radioaficionados,Nacional,URE (listado nacional oficial),SI,Repetidor/baliza de aficionado (público),-600 kHz · RV56 - R4 · IN91SR
145.7,MHz,145.7,FM,ED3YAB Repetidor 144 MHz — AMIRED,Radioaficionados,Nacional,URE (listado nacional oficial),SI,Repetidor/baliza de aficionado (público),-600 kHz · CTCSS 88.5 · RV56 - R4 · JN01VO
145.7,MHz,145.7,FM,ED3YAP Repetidor 144 MHz — URE Alt Empordá,Radioaficionados,Nacional,URE (listado nacional oficial),SI,Repetidor/baliza de aficionado (público),-600 kHz · RV56 - R4 · JN12LG
145.7,MHz,145.7,FM,ED4YAT Repetidor 144 MHz — Subtono 88.5 URE Mérida,Radioaficionados,Nacional,URE (listado nacional oficial),SI,Repetidor/baliza de aficionado (público),-600 kHz · CTCSS 88.5 · RV56 - R4 · IM68SU
145.7,MHz,145.7,FM,ED5YAA Repetidor 144 MHz — URAB,Radioaficionados,Nacional,URE (listado nacional oficial),SI,Repetidor/baliza de aficionado (público),-600 kHz · RV56 - R4 · IM88TP
145.7,MHz,145.7,FM,ED5YAF Repetidor 144 MHz — URE Elda,Radioaficionados,Nacional,URE (listado nacional oficial),SI,Repetidor/baliza de aficionado (público),-600 kHz · CTCSS 77.0 · RV56 - R4 · IM98OL
145.7,MHz,145.7,FM,ED5YAH Repetidor 144 MHz — URE Castellón,Radioaficionados,Nacional,URE (listado nacional oficial),SI,Repetidor/baliza de aficionado (público),-600 kHz · RV56 - R4 · JN00AC
145.7,MHz,145.7,FM,ED6YAA Repetidor 144 MHz — Unión Radioaficionados Islas Baleares,Radioaficionados,Nacional,URE (listado nacional oficial),SI,Repetidor/baliza de aficionado (público),-600 kHz · RV56 - R4 · JM19HO
145.7,MHz,145.7,FM,ED7YAD Repetidor 144 MHz — URE Málaga,Radioaficionados,Nacional,URE (listado nacional oficial),SI,Repetidor/baliza de aficionado (público),-600 kHz · CTCSS 82.5 · RV56 - R4 · IM76QO
145.7,MHz,145.7,FM,ED7YAQ Repetidor 144 MHz — Subtono 77.0 Hz R.C. Sevilla,Radioaficionados,Nacional,URE (listado nacional oficial),SI,Repetidor/baliza de aficionado (público),-600 kHz · CTCSS 77.0 · RV56 - R4 · IM77EU
145.7,MHz,145.7,FM,ED7YAS Repetidor 144 MHz — URE Baza,Radioaficionados,Nacional,URE (listado nacional oficial),SI,Repetidor/baliza de aficionado (público),-600 kHz · RV56 - R4 · IM87ON
145.7,MHz,145.7,FM,ED8YAC Repetidor 144 MHz — URE Aridane,Radioaficionados,Nacional,URE (listado nacional oficial),SI,Repetidor/baliza de aficionado (público),-600 kHz · RV56 - R4 · IL07XR
145.7125,MHz,145.7125,C4FM,ED1ZBG Repetidor 144 MHz — URE Ourense,Radioaficionados,Nacional,URE (listado nacional oficial),SI,Repetidor/baliza de aficionado (público),-600 kHz · RV46 · IN62EI
145.7125,MHz,145.7125,FM,ED6YAF Repetidor 144 MHz — URE Palma,Radioaficionados,Nacional,URE (listado nacional oficial),SI,Repetidor/baliza de aficionado (público),-600 kHz · RV57 · JM19JR
145.725,MHz,145.725,FM,ED1YAB Repetidor 144 MHz — Radio Club Rioja,Radioaficionados,Nacional,URE (listado nacional oficial),SI,Repetidor/baliza de aficionado (público),-600 kHz · CTCSS 77.0 · RV58 - R5 · IN82PO
145.725,MHz,145.725,FM,ED1YAH Repetidor 144 MHz — URE Terracha,Radioaficionados,Nacional,URE (listado nacional oficial),SI,Repetidor/baliza de aficionado (público),-600 kHz · RV58 - R5 · IN63FK
145.725,MHz,145.725,FM,ED1YBH Repetidor 144 MHz — Cuitu Negru (1850 m.) - URE Asturias,Radioaficionados,Nacional,URE (listado nacional oficial),SI,Repetidor/baliza de aficionado (público),-600 kHz · RV58 - R5 · IN72CX · 1850 m
145.725,MHz,145.725,FM,ED1YBU Repetidor 144 MHz — URE Valladolid,Radioaficionados,Nacional,URE (listado nacional oficial),SI,Repetidor/baliza de aficionado (público),-600 kHz · CTCSS 67.0 · RV58 - R5 · IN71QO
145.725,MHz,145.725,FM,ED1YBW Repetidor 144 MHz — URE Vigo,Radioaficionados,Nacional,URE (listado nacional oficial),SI,Repetidor/baliza de aficionado (público),-600 kHz · RV58 - R5 · IN52PH
145.725,MHz,145.725,FM,ED2YAD Repetidor 144 MHz — URE Vizcaya,Radioaficionados,Nacional,URE (listado nacional oficial),SI,Repetidor/baliza de aficionado (público),-600 kHz · RV58 - R5 · IN83JE
145.725,MHz,145.725,FM,ED2YAG Repetidor 144 MHz — URE San Sebastián,Radioaficionados,Nacional,URE (listado nacional oficial),SI,Repetidor/baliza de aficionado (público),-600 kHz · RV58 - R5 · IN93BH
145.725,MHz,145.725,FM,ED2YAK Repetidor 144 MHz — URE Huesca,Radioaficionados,Nacional,URE (listado nacional oficial),SI,Repetidor/baliza de aficionado (público),-600 kHz · RV58 - R5 · IN92RI
145.725,MHz,145.725,FM,ED3YAL Repetidor 144 MHz — URE Bages,Radioaficionados,Nacional,URE (listado nacional oficial),SI,Repetidor/baliza de aficionado (público),-600 kHz · RV58 - R5 · JN01WU
145.725,MHz,145.725,FM,ED4YAI Repetidor 144 MHz — URE Ciudad Real,Radioaficionados,Nacional,URE (listado nacional oficial),SI,Repetidor/baliza de aficionado (público),-600 kHz · CTCSS 85.4 · RV58 - R5 · IN79VA
145.725,MHz,145.725,FM,ED4YAL Repetidor 144 MHz — URE Cifuentes,Radioaficionados,Nacional,URE (listado nacional oficial),SI,Repetidor/baliza de aficionado (público),-600 kHz · RV58 - R5 · IN80QT · Fuera de servicio
145.725,MHz,145.725,FM,ED4YAP Repetidor 144 MHz — URE Cáceres,Radioaficionados,Nacional,URE (listado nacional oficial),SI,Repetidor/baliza de aficionado (público),-600 kHz · RV58 - R5 · IM69TL
145.725,MHz,145.725,FM,ED4YAY Repetidor 144 MHz — URE Toledo,Radioaficionados,Nacional,URE (listado nacional oficial),SI,Repetidor/baliza de aficionado (público),-600 kHz · RV58 - R5 · IM79XV
145.725,MHz,145.725,FM,ED5YAI Repetidor 144 MHz — URE Alcoy,Radioaficionados,Nacional,URE (listado nacional oficial),SI,Repetidor/baliza de aficionado (público),-600 kHz · CTCSS 77.0 · RV58 - R5 · IM98RP
145.725,MHz,145.725,FM,ED7YAG Repetidor 144 MHz — Subtono 100 Hz - Asociación Radioaficionados Poniente Almería,Radioaficionados,Nacional,URE (listado nacional oficial),SI,Repetidor/baliza de aficionado (público),-600 kHz · RV58 - R5 · IM86OV
145.725,MHz,145.725,FM,ED7YAO Repetidor 144 MHz — R.C. Romeo Alfa Charlie,Radioaficionados,Nacional,URE (listado nacional oficial),SI,Repetidor/baliza de aficionado (público),-600 kHz · CTCSS 82.5 · RV58 - R5 · IM76RW
145.725,MHz,145.725,FM,ED8YAI Repetidor 144 MHz — URE La Gomera,Radioaficionados,Nacional,URE (listado nacional oficial),SI,Repetidor/baliza de aficionado (público),-600 kHz · RV58 - R5 · IL18JC
145.7375,MHz,145.7375,D-Star,ED3YAQ Repetidor 144 MHz — Unión Radioaficionados Osona (URO),Radioaficionados,Nacional,URE (listado nacional oficial),SI,Repetidor/baliza de aficionado (público),-600 kHz · RV59 · JN01CT
145.75,MHz,145.75,FM,ED1YAC Repetidor 144 MHz — Radio Club Rioja,Radioaficionados,Nacional,URE (listado nacional oficial),SI,Repetidor/baliza de aficionado (público),-600 kHz · CTCSS 77.0 · RV60 - R6 · IN92AD
145.75,MHz,145.75,FM,ED1YBI Repetidor 144 MHz — (Pico Pienzu 1.161 m.) - URE Asturias,Radioaficionados,Nacional,URE (listado nacional oficial),SI,Repetidor/baliza de aficionado (público),-600 kHz · RV60 - R6 · IN73JK · 1161 m
145.75,MHz,145.75,FM,ED1YBJ Repetidor 144 MHz — URE Segovia,Radioaficionados,Nacional,URE (listado nacional oficial),SI,Repetidor/baliza de aficionado (público),-600 kHz · RV60 - R6 · IN70WW
145.75,MHz,145.75,FM,ED1YBY Repetidor 144 MHz — URE Ourense,Radioaficionados,Nacional,URE (listado nacional oficial),SI,Repetidor/baliza de aficionado (público),-600 kHz · RV60 - R6 · IN62IG
145.75,MHz,145.75,FM,ED1YCB Repetidor 144 MHz — Asociación Palentina de Radioaficionados,Radioaficionados,Nacional,URE (listado nacional oficial),SI,Repetidor/baliza de aficionado (público),-600 kHz · CTCSS 74.4 · RV60 - R6 · IN72ST
145.75,MHz,145.75,FM,ED2YAN Repetidor 144 MHz — As. Euskobite Elkarte,Radioaficionados,Nacional,URE (listado nacional oficial),SI,Repetidor/baliza de aficionado (público),-600 kHz · RV60 - R6 · IN83PI
145.75,MHz,145.75,FM,ED3YAG Repetidor 144 MHz — Asoc. Radioaf. Solsonés,Radioaficionados,Nacional,URE (listado nacional oficial),SI,Repetidor/baliza de aficionado (público),-600 kHz · CTCSS 123.0 · RV60 - R6 · JN01SU
145.75,MHz,145.75,FM,ED3YBB Repetidor 144 MHz — URE Baix Empordà,Radioaficionados,Nacional,URE (listado nacional oficial),SI,Repetidor/baliza de aficionado (público),-600 kHz · RV60 - R6 · JN11MT
145.75,MHz,145.75,FM,ED4YAM Repetidor 144 MHz — R.C. Puertollano,Radioaficionados,Nacional,URE (listado nacional oficial),SI,Repetidor/baliza de aficionado (público),-600 kHz · RV60 - R6 · IM78WO
145.75,MHz,145.75,FM,ED4YBA Repetidor 144 MHz — URE Cuenca,Radioaficionados,Nacional,URE (listado nacional oficial),SI,Repetidor/baliza de aficionado (público),-600 kHz · CTCSS 67.0 · RV60 - R6 · IN80WC
145.75,MHz,145.75,FM,"ED5YAC Repetidor 144 MHz — Subtono 118,8 Hz - Radio Club Montgó Denia",Radioaficionados,Nacional,URE (listado nacional oficial),SI,Repetidor/baliza de aficionado (público),-600 kHz · CTCSS 118.8 · RV60 - R6 · JM08BU
145.75,MHz,145.75,FM,ED5YAO Repetidor 144 MHz — URE Játiva,Radioaficionados,Nacional,URE (listado nacional oficial),SI,Repetidor/baliza de aficionado (público),-600 kHz · RV60 - R6 · IM98RX
145.75,MHz,145.75,FM,ED5YAR Repetidor 144 MHz — RC Carthago,Radioaficionados,Nacional,URE (listado nacional oficial),SI,Repetidor/baliza de aficionado (público),-600 kHz · RV60 - R6 · IM97NO
145.75,MHz,145.75,FM,ED6YAB Repetidor 144 MHz — URE Palma,Radioaficionados,Nacional,URE (listado nacional oficial),SI,Repetidor/baliza de aficionado (público),-600 kHz · RV60 - R6 · JM19KM
145.75,MHz,145.75,FM,ED7YAF Repetidor 144 MHz — Subtono 82.5 Hz URE Estepona,Radioaficionados,Nacional,URE (listado nacional oficial),SI,Repetidor/baliza de aficionado (público),-600 kHz · CTCSS 82.5 · RV60 - R6 · IM76JL
145.75,MHz,145.75,FM,ED8YAG Repetidor 144 MHz — URE S.C. Tenerife - La Laguna,Radioaficionados,Nacional,URE (listado nacional oficial),SI,Repetidor/baliza de aficionado (público),-600 kHz · RV60 - R6 · IL18UM
145.775,MHz,145.775,FM,ED1YAE Repetidor 144 MHz — Radio Club Fene EA1RKF,Radioaficionados,Nacional,URE (listado nacional oficial),SI,Repetidor/baliza de aficionado (público),-600 kHz · CTCSS 88.5 · RV62 - R7 · IN53UK
145.775,MHz,145.775,FM,ED1YAN Repetidor 144 MHz — Asociación Palentina de Radioaficionados,Radioaficionados,Nacional,URE (listado nacional oficial),SI,Repetidor/baliza de aficionado (público),-600 kHz · CTCSS 88.5 · RV62 - R7 · IN71QX
145.775,MHz,145.775,FM,ED1YBC Repetidor 144 MHz — (PEÑAS MIRO TAURO 1.049 m.) - URE Asturias,Radioaficionados,Nacional,URE (listado nacional oficial),SI,Repetidor/baliza de aficionado (público),-600 kHz · RV62 - R7 · IN63TI · 1049 m
145.775,MHz,145.775,FM,ED1YBK Repetidor 144 MHz — URE Ourense,Radioaficionados,Nacional,URE (listado nacional oficial),SI,Repetidor/baliza de aficionado (público),-600 kHz · CTCSS 77.0 · RV62 - R7 · IN62CI
145.775,MHz,145.775,FM,ED1YBZ Repetidor 144 MHz — URE Salamanca,Radioaficionados,Nacional,URE (listado nacional oficial),SI,Repetidor/baliza de aficionado (público),-600 kHz · CTCSS 77.0 · RV62 - R7 · IN60VM
145.775,MHz,145.775,FM,ED2YAQ Repetidor 144 MHz — RC Foronda,Radioaficionados,Nacional,URE (listado nacional oficial),SI,Repetidor/baliza de aficionado (público),-600 kHz · RV62 - R7 · IN82RX
145.775,MHz,145.775,D-Star,ED2ZAB Repetidor 144 MHz — Radioaficionados del Bidasoa,Radioaficionados,Nacional,URE (listado nacional oficial),SI,Repetidor/baliza de aficionado (público),-600 kHz · RV62 - R7 · IN83CH
145.775,MHz,145.775,FM,ED3YAF Repetidor 144 MHz — R.C. Ripollés,Radioaficionados,Nacional,URE (listado nacional oficial),SI,Repetidor/baliza de aficionado (público),-600 kHz · CTCSS 77.0 · RV62 - R7 · JN12BE
145.775,MHz,145.775,FM,ED3YAW Repetidor 144 MHz — Radio Club Lleida,Radioaficionados,Nacional,URE (listado nacional oficial),SI,Repetidor/baliza de aficionado (público),-600 kHz · RV62 - R7 · JN02JA
145.775,MHz,145.775,FM,ED4YAH Repetidor 144 MHz — URE Ciudad Real,Radioaficionados,Nacional,URE (listado nacional oficial),SI,Repetidor/baliza de aficionado (público),-600 kHz · RV62 - R7 · IM88JO
145.775,MHz,145.775,FM,ED4YAR Repetidor 144 MHz — RC Francisco de Orellana,Radioaficionados,Nacional,URE (listado nacional oficial),SI,Repetidor/baliza de aficionado (público),-600 kHz · CTCSS 88.5 · RV62 - R7 · IM79GA
145.775,MHz,145.775,FM,ED5YAQ Repetidor 144 MHz — URE Oeste de Valencia,Radioaficionados,Nacional,URE (listado nacional oficial),SI,Repetidor/baliza de aficionado (público),-600 kHz · RV62 - R7 · IM99NJ
145.775,MHz,145.775,FM,ED6YAG Repetidor 144 MHz — URE Llevant,Radioaficionados,Nacional,URE (listado nacional oficial),SI,Repetidor/baliza de aficionado (público),-600 kHz · CTCSS 88.5 · RV62 - R7 · JM19ON
145.775,MHz,145.775,FM,ED7YAA Repetidor 144 MHz — Andalucia Unida por la Radio (AUR),Radioaficionados,Nacional,URE (listado nacional oficial),SI,Repetidor/baliza de aficionado (público),-600 kHz · CTCSS 82.5 · RV62 - R7 · IM76DT
145.775,MHz,145.775,FM,ED8YAD Repetidor 144 MHz — URE Las Palmas,Radioaficionados,Nacional,URE (listado nacional oficial),SI,Repetidor/baliza de aficionado (público),-600 kHz · RV62 - R7 · IL28HD
145.775,MHz,145.775,FM,ED9YAA Repetidor 144 MHz — URE Melilla,Radioaficionados,Nacional,URE (listado nacional oficial),SI,Repetidor/baliza de aficionado (público),-600 kHz · RV62 - R7 · IM85MH
1298.1,MHz,1298.1,FM,ED5YAJ Repetidor 1200 MHz — URE Valencia,Radioaficionados,Nacional,URE (listado nacional oficial),SI,Repetidor/baliza de aficionado (público),-28 MHz · RS4 · IM99TQ
1298.5,MHz,1298.5,FM,ED4YAE Repetidor 1200 MHz — 4 W potencia - URE Sierra de Guadarrama,Radioaficionados,Nacional,URE (listado nacional oficial),SI,Repetidor/baliza de aficionado (público),-28 MHz · RS20 · IN70WR
1298.5,MHz,1298.5,D-Star,ED5ZAC Repetidor 1200 MHz — RC Denia,Radioaficionados,Nacional,URE (listado nacional oficial),SI,Repetidor/baliza de aficionado (público),-28 MHz · RS20 · JM08BU
2330,MHz,2330,ATV FM,"ED3YBG Repetidor ATV — (Montaña del Tibidabo,",Radioaficionados,Nacional,URE (listado nacional oficial),SI,Repetidor/baliza de aficionado (público),JN11BK
28.226,MHz,28.226,CW,ED1YCA Baliza 28 MHz — URE CT Asturias 10W - Antena: 5/8 Omni (3dBd),Radioaficionados,Nacional,URE (listado nacional oficial),SI,Repetidor/baliza de aficionado (público),IN73AL
28.251,MHz,28.251,CW,ED4YAK Baliza 28 MHz — Radio Club Henares,Radioaficionados,Nacional,URE (listado nacional oficial),SI,Repetidor/baliza de aficionado (público),IN80FK
28.263,MHz,28.263,CW,ED4YBA Baliza 28 MHz — URE Cuenca 5W + vertical,Radioaficionados,Nacional,URE (listado nacional oficial),SI,Repetidor/baliza de aficionado (público),IN80WC
50.042,MHz,50.042,CW,ED6YAI Baliza 50 MHz — URE Manacor 5W + omni horizontal,Radioaficionados,Nacional,URE (listado nacional oficial),SI,Repetidor/baliza de aficionado (público),JM19NL
50.061,MHz,50.061,CW,ED4YBA Baliza 50 MHz — URE Cuenca 5W + vertical,Radioaficionados,Nacional,URE (listado nacional oficial),SI,Repetidor/baliza de aficionado (público),IN80WC
50.0745,MHz,50.0745,CW,ED7YAD Baliza 50 MHz — URE Málaga 15W + omni horizontal,Radioaficionados,Nacional,URE (listado nacional oficial),SI,Repetidor/baliza de aficionado (público),IM76QO
50.409,MHz,50.409,CW,ED1YBR Baliza 50 MHz — URE Vigo,Radioaficionados,Nacional,URE (listado nacional oficial),SI,Repetidor/baliza de aficionado (público),IN52PF
50.415,MHz,50.415,CW,ED8YAK Baliza 50 MHz — URE La Palma,Radioaficionados,Nacional,URE (listado nacional oficial),SI,Repetidor/baliza de aficionado (público),IL18SJ
50.445,MHz,50.445,CW,ED1YCA Baliza 50 MHz — Antena: HO-Loop URE Asturias,Radioaficionados,Nacional,URE (listado nacional oficial),SI,Repetidor/baliza de aficionado (público),IN73AL
144.404,MHz,144.404,CW,ED1ZAG Baliza 144 MHz — URE Coruña - 25W + omni,Radioaficionados,Nacional,URE (listado nacional oficial),SI,Repetidor/baliza de aficionado (público),IN53RE
144.415,MHz,144.415,CW,ED7YAD Baliza 144 MHz — URE Málaga - 15W + 2xloop horizontal,Radioaficionados,Nacional,URE (listado nacional oficial),SI,Repetidor/baliza de aficionado (público),IM76QO
144.426,MHz,144.426,CW,EA6VHF Baliza 144 MHz — URE Ibiza - 10W + omni,Radioaficionados,Nacional,URE (listado nacional oficial),SI,Repetidor/baliza de aficionado (público),JM09TA
144.445,MHz,144.445,CW,ED1YCA Baliza 144 MHz — URE Asturias,Radioaficionados,Nacional,URE (listado nacional oficial),SI,Repetidor/baliza de aficionado (público),IN73AL
144.4845,MHz,144.4845,CW,ED8YAQ Baliza 144 MHz — URVAG - 10W + omni - Altitud 625 m.,Radioaficionados,Nacional,URE (listado nacional oficial),SI,Repetidor/baliza de aficionado (público),IL18UL · 625 m
432.405,MHz,432.405,CW,ED3YBF Baliza 432 MHz — Unio de Radioaficionats de Catalunya,Radioaficionados,Nacional,URE (listado nacional oficial),SI,Repetidor/baliza de aficionado (público),JN11CL
432.415,MHz,432.415,CW,ED8YAJ Baliza 432 MHz — URE La Palma,Radioaficionados,Nacional,URE (listado nacional oficial),SI,Repetidor/baliza de aficionado (público),IL18UM
432.4255,MHz,432.4255,CW,ED6YAE Baliza 432 MHz — URE Ibiza,Radioaficionados,Nacional,URE (listado nacional oficial),SI,Repetidor/baliza de aficionado (público),JM08PV
1296.814,MHz,1296.814,CW,ED8YAJ Baliza 1200 MHz — URE La Palma,Radioaficionados,Nacional,URE (listado nacional oficial),SI,Repetidor/baliza de aficionado (público),IL18UM
1296.936,MHz,1296.936,CW,ED3YAR Baliza 1200 MHz — URE Bages,Radioaficionados,Nacional,URE (listado nacional oficial),SI,Repetidor/baliza de aficionado (público),JN01WU
438.725,MHz,438.725,FM,ED1YAK Repetidor 432 MHz — URE El Ferrol,Radioaficionados,Nacional,URE (listado nacional oficial),SI,Repetidor de aficionado (público),-7.6 MHz · IN53VL
438.775,MHz,438.775,FM,ED1YAN Repetidor 432 MHz — Asociación Palentina de Radioaficionados,Radioaficionados,Nacional,URE (listado nacional oficial),SI,Repetidor de aficionado (público),-7.6 MHz · CTCSS 88.5 · IN71QX
438.775,MHz,438.775,FM,ED1YAP Repetidor 432 MHz — R.C. Lugo,Radioaficionados,Nacional,URE (listado nacional oficial),SI,Repetidor de aficionado (público),-7.6 MHz · IN62BO
438.65,MHz,438.65,FM,ED1YAT Repetidor 432 MHz — R.C. Radioaficionados Montañeses,Radioaficionados,Nacional,URE (listado nacional oficial),SI,Repetidor de aficionado (público),-7.6 MHz · IN83AJ
438.85,MHz,438.85,FM,ED1YAU Repetidor 432 MHz — R.C. Radioaficionados Montañeses,Radioaficionados,Nacional,URE (listado nacional oficial),SI,Repetidor de aficionado (público),-7.6 MHz · IN73TA
438.7,MHz,438.7,FM,ED1YAV Repetidor 432 MHz — Grupo Radiopaquete Salamanca,Radioaficionados,Nacional,URE (listado nacional oficial),SI,Repetidor de aficionado (público),-7.6 MHz · IN70EX
438.9,MHz,438.9,FM,ED1YAX Repetidor 432 MHz — RC Fene,Radioaficionados,Nacional,URE (listado nacional oficial),SI,Repetidor de aficionado (público),-7.6 MHz · CTCSS 77.0 · IN63AK
438.8,MHz,438.8,FM,ED1YAY Repetidor 432 MHz — URE A Coruña,Radioaficionados,Nacional,URE (listado nacional oficial),SI,Repetidor de aficionado (público),-7.6 MHz · IN53XH
439.225,MHz,439.225,FM-N,ED1YAZ Repetidor 432 MHz — URE León,Radioaficionados,Nacional,URE (listado nacional oficial),SI,Repetidor de aficionado (público),-7.6 MHz · CTCSS 88.5 · IN72EU · FM-N
438.85,MHz,438.85,FM,ED1YBA Repetidor 432 MHz — Club de Radioaficionados Abulenses,Radioaficionados,Nacional,URE (listado nacional oficial),SI,Repetidor de aficionado (público),-7.6 MHz · CTCSS 71.9 · IN70PP
438.975,MHz,438.975,FM,ED1YBD Repetidor 432 MHz — (Alto Acebo 1.174 m.) - URE Narcea,Radioaficionados,Nacional,URE (listado nacional oficial),SI,Repetidor de aficionado (público),-7.6 MHz · CTCSS 100.0 · IN63SD · 1174 m
439.125,MHz,439.125,FM,ED1YBE Repetidor 432 MHz — URE Asturias,Radioaficionados,Nacional,URE (listado nacional oficial),SI,Repetidor de aficionado (público),-7.6 MHz · CTCSS 88.5 · IN63QL
439.075,MHz,439.075,FM,ED1YBF Repetidor 432 MHz — URE Asturias,Radioaficionados,Nacional,URE (listado nacional oficial),SI,Repetidor de aficionado (público),-7.6 MHz · IN73EK
438.75,MHz,438.75,FM,ED1YBL-R Repetidor 432 MHz — URE Ourense,Radioaficionados,Nacional,URE (listado nacional oficial),SI,Repetidor de aficionado (público),-7.6 MHz · CTCSS 77.0 · IN62EI
439.3,MHz,439.3,FM,ED1YBM Repetidor 432 MHz — URE Soria,Radioaficionados,Nacional,URE (listado nacional oficial),SI,Repetidor de aficionado (público),-7.6 MHz · CTCSS 71.9 · IN81UW
439.175,MHz,439.175,FM,ED1YBO Repetidor 432 MHz — URE El Bierzo,Radioaficionados,Nacional,URE (listado nacional oficial),SI,Repetidor de aficionado (público),-7.6 MHz · IN62RJ
439,MHz,439,FM,ED1YBP Repetidor 432 MHz — RC Fene,Radioaficionados,Nacional,URE (listado nacional oficial),SI,Repetidor de aficionado (público),-7.6 MHz · CTCSS 77.0 · IN52PO
438.875,MHz,438.875,FM,ED1YBS Repetidor 432 MHz — URE Rías Baixas,Radioaficionados,Nacional,URE (listado nacional oficial),SI,Repetidor de aficionado (público),-7.6 MHz · CTCSS 88.5 · IN52QJ
439.05,MHz,439.05,FM,ED1YBV Repetidor 432 MHz — URE Valladolid,Radioaficionados,Nacional,URE (listado nacional oficial),SI,Repetidor de aficionado (público),-7.6 MHz · IN71PP
439.4,MHz,439.4,FM,ED1YCD Repetidor 432 MHz — URE Miranda de Ebro,Radioaficionados,Nacional,URE (listado nacional oficial),SI,Repetidor de aficionado (público),-7.6 MHz · IN82MQ
439.025,MHz,439.025,FM,ED1YCF Repetidor 432 MHz — CT URE Asturias,Radioaficionados,Nacional,URE (listado nacional oficial),SI,Repetidor de aficionado (público),-7.6 MHz · IN73OJ
438.3,MHz,438.3,D-Star,ED1ZAB Repetidor 432 MHz — URE Salamanca,Radioaficionados,Nacional,URE (listado nacional oficial),SI,Repetidor de aficionado (público),-7.6 MHz · IN70DW · D-Star
438.325,MHz,438.325,D-Star,ED1ZAJ Repetidor 432 MHz — Comunicaciones Digitales de Galicia,Radioaficionados,Nacional,URE (listado nacional oficial),SI,Repetidor de aficionado (público),-7.6 MHz · IN61GV · D-Star
438.65,MHz,438.65,FM,ED1ZAK Repetidor 432 MHz — Burgos HAM Radio,Radioaficionados,Nacional,URE (listado nacional oficial),SI,Repetidor de aficionado (público),-7.6 MHz · CTCSS 131.8 · IN82EH
438.325,MHz,438.325,D-Star,ED1ZAT Repetidor 432 MHz — Radio Club Estrada - EA1RKE,Radioaficionados,Nacional,URE (listado nacional oficial),SI,Repetidor de aficionado (público),-7.6 MHz · IN52TQ · D-Star
438.625,MHz,438.625,C4FM,ED1ZAV Repetidor 432 MHz — CTCA URE Asturias,Radioaficionados,Nacional,URE (listado nacional oficial),SI,Repetidor de aficionado (público),-7.6 MHz · IN73CH · C4FM
438.4,MHz,438.4,DMR,ED1ZAW Repetidor 432 MHz — URE León,Radioaficionados,Nacional,URE (listado nacional oficial),SI,Repetidor de aficionado (público),-7.6 MHz · IN72JU · DMR
438.525,MHz,438.525,DMR,ED1ZAX Repetidor 432 MHz — Radio Club Fene (EA1RKF),Radioaficionados,Nacional,URE (listado nacional oficial),SI,Repetidor de aficionado (público),-7.6 MHz · IN52PO · DMR
438.55,MHz,438.55,DMR,ED1ZBG Repetidor 432 MHz — URE Ourense,Radioaficionados,Nacional,URE (listado nacional oficial),SI,Repetidor de aficionado (público),-7.6 MHz · IN62EI · DMR
438.575,MHz,438.575,DMR,ED1ZBH Repetidor 432 MHz — URE Ourense,Radioaficionados,Nacional,URE (listado nacional oficial),SI,Repetidor de aficionado (público),-7.6 MHz · IN62IG · DMR
438.5,MHz,438.5,DMR,ED1ZBI Repetidor 432 MHz — URE Ourense,Radioaficionados,Nacional,URE (listado nacional oficial),SI,Repetidor de aficionado (público),-7.6 MHz · IN62CI · DMR
438.25,MHz,438.25,D-Star,ED1ZBI_B Repetidor 432 MHz — URE Ourense,Radioaficionados,Nacional,URE (listado nacional oficial),SI,Repetidor de aficionado (público),-7.6 MHz · IN62CI · D-Star
438.225,MHz,438.225,DMR,ED1ZBJ Repetidor 432 MHz — URE León,Radioaficionados,Nacional,URE (listado nacional oficial),SI,Repetidor de aficionado (público),-7.6 MHz · IN72FN · DMR
438.7,MHz,438.7,FM,ED2YAB Repetidor 432 MHz — R.C. Unzueta de Laudio,Radioaficionados,Nacional,URE (listado nacional oficial),SI,Repetidor de aficionado (público),-7.6 MHz · IN83ND
439,MHz,439,FM,ED2YAE Repetidor 432 MHz — URE Vizcaya,Radioaficionados,Nacional,URE (listado nacional oficial),SI,Repetidor de aficionado (público),-7.6 MHz · CTCSS 77.0 · IN83RF
438.925,MHz,438.925,FM,ED2YAG Repetidor 432 MHz — URE San Sebastián,Radioaficionados,Nacional,URE (listado nacional oficial),SI,Repetidor de aficionado (público),-7.6 MHz · IN93BH
438.7,MHz,438.7,FM,ED2YAH Repetidor 432 MHz — URE Zaragoza,Radioaficionados,Nacional,URE (listado nacional oficial),SI,Repetidor de aficionado (público),-7.6 MHz · IN91SR
438.65,MHz,438.65,FM,ED2YAJ Repetidor 432 MHz — URE Zaragoza,Radioaficionados,Nacional,URE (listado nacional oficial),SI,Repetidor de aficionado (público),-7.6 MHz · IN91NP
439.325,MHz,439.325,FM,"ED2YAL Repetidor 432 MHz — Subtono 71,9 Hz URE Teruel",Radioaficionados,Nacional,URE (listado nacional oficial),SI,Repetidor de aficionado (público),-7.6 MHz · CTCSS 71.9 · IN90LC
438.2,MHz,438.2,D-Star,ED2YAN Repetidor 432 MHz — As. Euskobite Elkarte,Radioaficionados,Nacional,URE (listado nacional oficial),SI,Repetidor de aficionado (público),-7.6 MHz · IN83PI · D-Star
438.95,MHz,438.95,FM,ED2YAO Repetidor 432 MHz — As. Euskobyte Elkarte,Radioaficionados,Nacional,URE (listado nacional oficial),SI,Repetidor de aficionado (público),-7.6 MHz · IN83MF
438.675,MHz,438.675,D-Star,ED2YAP Repetidor 432 MHz — RC Foronda,Radioaficionados,Nacional,URE (listado nacional oficial),SI,Repetidor de aficionado (público),-7.6 MHz · IN82QU · D-Star
439,MHz,439,FM,ED2YAX Repetidor 432 MHz — RadioClub Fragatí,Radioaficionados,Nacional,URE (listado nacional oficial),SI,Repetidor de aficionado (público),-7.6 MHz · CTCSS 123.0 · JN01EM
438.35,MHz,438.35,D-Star,ED2ZAA Repetidor 432 MHz — URE Zaragoza,Radioaficionados,Nacional,URE (listado nacional oficial),SI,Repetidor de aficionado (público),-7.6 MHz · IN91NP · D-Star
439.425,MHz,439.425,FM,ED3YAB Repetidor 432 MHz — AMIRED,Radioaficionados,Nacional,URE (listado nacional oficial),SI,Repetidor de aficionado (público),-7.6 MHz · CTCSS 88.5 · JN01VO
438.8,MHz,438.8,FM,ED3YAC Repetidor 432 MHz — R.C. Castellar,Radioaficionados,Nacional,URE (listado nacional oficial),SI,Repetidor de aficionado (público),-7.6 MHz · CTCSS 110.9 · JN11AQ
438.975,MHz,438.975,FM,ED3YAD Repetidor 432 MHz — Radio Club Sabadell,Radioaficionados,Nacional,URE (listado nacional oficial),SI,Repetidor de aficionado (público),-7.6 MHz · JN11BN
438.675,MHz,438.675,FM,ED3YAE Repetidor 432 MHz — Asociación de Radioaficionados Solsonés,Radioaficionados,Nacional,URE (listado nacional oficial),SI,Repetidor de aficionado (público),-7.6 MHz · JN01SU
439.275,MHz,439.275,FM,ED3YAH Repetidor 432 MHz — AMIRED,Radioaficionados,Nacional,URE (listado nacional oficial),SI,Repetidor de aficionado (público),-7.6 MHz · CTCSS 88.5 · JN00ET
439.375,MHz,439.375,FM,ED3YAI Repetidor 432 MHz — AMIRED,Radioaficionados,Nacional,URE (listado nacional oficial),SI,Repetidor de aficionado (público),-7.6 MHz · CTCSS 88.5 · JN02WH
438.775,MHz,438.775,FM,ED3YAM Repetidor 432 MHz — URE Osona,Radioaficionados,Nacional,URE (listado nacional oficial),SI,Repetidor de aficionado (público),-7.6 MHz · CTCSS 88.5 · JN11EW
439.125,MHz,439.125,FM,ED3YAN Repetidor 432 MHz — URE Barcelona,Radioaficionados,Nacional,URE (listado nacional oficial),SI,Repetidor de aficionado (público),-7.6 MHz · CTCSS 114.8 · JN11BJ
438.875,MHz,438.875,FM,ED3YAO Repetidor 432 MHz — R.C. Quijotes Internacionales,Radioaficionados,Nacional,URE (listado nacional oficial),SI,Repetidor de aficionado (público),-7.6 MHz · CTCSS 123.0 · JN11BI
438.9,MHz,438.9,FM,ED3YAP Repetidor 432 MHz — Sección URE Alt Empordá,Radioaficionados,Nacional,URE (listado nacional oficial),SI,Repetidor de aficionado (público),-7.6 MHz · CTCSS 107.2 · JN12LG
438.95,MHz,438.95,FM,ED3YAS Repetidor 432 MHz — URE La Selva,Radioaficionados,Nacional,URE (listado nacional oficial),SI,Repetidor de aficionado (público),-7.6 MHz · JN11JP
438.925,MHz,438.925,FM,ED3YAT Repetidor 432 MHz — URE Badalona,Radioaficionados,Nacional,URE (listado nacional oficial),SI,Repetidor de aficionado (público),-7.6 MHz · CTCSS 79.7 · JN11CK
438.75,MHz,438.75,FM,ED3YAV Repetidor 432 MHz — R.C. Lleida,Radioaficionados,Nacional,URE (listado nacional oficial),SI,Repetidor de aficionado (público),-7.6 MHz · JN02JA
438.7,MHz,438.7,FM,ED3YBC Repetidor 432 MHz — URE Baix Empordá,Radioaficionados,Nacional,URE (listado nacional oficial),SI,Repetidor de aficionado (público),-7.6 MHz · JN11MU
438.725,MHz,438.725,FM,ED3YBH Repetidor 432 MHz — Associació de Radioaficionats Club La Baells,Radioaficionados,Nacional,URE (listado nacional oficial),SI,Repetidor de aficionado (público),-7.6 MHz · CTCSS 77.0 · JN02VC
438.7,MHz,438.7,FM,ED4YAA Repetidor 432 MHz — Subtono 77.0 Hz URE Ciudad Real,Radioaficionados,Nacional,URE (listado nacional oficial),SI,Repetidor de aficionado (público),-7.6 MHz · CTCSS 77.0 · IM89EF
438.65,MHz,438.65,FM,ED4YAB Repetidor 432 MHz — URE Leganés,Radioaficionados,Nacional,URE (listado nacional oficial),SI,Repetidor de aficionado (público),-7.6 MHz · IN80CH
439.025,MHz,439.025,FM,ED4YAF Repetidor 432 MHz — URE Cuenca,Radioaficionados,Nacional,URE (listado nacional oficial),SI,Repetidor de aficionado (público),-7.6 MHz · IN90CE
439.3,MHz,439.3,FM,ED4YAI Repetidor 432 MHz — URE Ciudad Real,Radioaficionados,Nacional,URE (listado nacional oficial),SI,Repetidor de aficionado (público),-7.6 MHz · IN79VA
439,MHz,439,FM,ED4YAJ Repetidor 432 MHz — Sección URE Jarama,Radioaficionados,Nacional,URE (listado nacional oficial),SI,Repetidor de aficionado (público),-7.6 MHz · CTCSS 67.0 · IN80HK
439.2,MHz,439.2,FM,ED4YAK Repetidor 432 MHz — Radio Club Henares,Radioaficionados,Nacional,URE (listado nacional oficial),SI,Repetidor de aficionado (público),-7.6 MHz · CTCSS 82.5 · IN80FK
438.95,MHz,438.95,FM,ED4YAN Repetidor 432 MHz — URE Sección Local de Madrid,Radioaficionados,Nacional,URE (listado nacional oficial),SI,Repetidor de aficionado (público),-7.6 MHz · IN80AS
439.2,MHz,439.2,FM,ED4YAQ Repetidor 432 MHz — RC Francisco de Orellana,Radioaficionados,Nacional,URE (listado nacional oficial),SI,Repetidor de aficionado (público),-7.6 MHz · CTCSS 88.5 · IM69WF
439.3,MHz,439.3,FM,ED4YAR Repetidor 432 MHz — RC Francisco de Orellana,Radioaficionados,Nacional,URE (listado nacional oficial),SI,Repetidor de aficionado (público),-7.6 MHz · CTCSS 88.5 · IM79GA
439.425,MHz,439.425,FM,ED4YAU Repetidor 432 MHz — URE Cuenca,Radioaficionados,Nacional,URE (listado nacional oficial),SI,Repetidor de aficionado (público),-7.6 MHz · IN80WC
438.75,MHz,438.75,FM,ED4YAV Repetidor 432 MHz — URE Talavera de la Reina,Radioaficionados,Nacional,URE (listado nacional oficial),SI,Repetidor de aficionado (público),-7.6 MHz · CTCSS 67.0 · IN70PD
438.9,MHz,438.9,FM,ED4YAW Repetidor 432 MHz — URE Sierra de Guadarrama,Radioaficionados,Nacional,URE (listado nacional oficial),SI,Repetidor de aficionado (público),-7.6 MHz · IN70WR
438.725,MHz,438.725,FM,ED4YAY Repetidor 432 MHz — URE Toledo,Radioaficionados,Nacional,URE (listado nacional oficial),SI,Repetidor de aficionado (público),-7.6 MHz · IM79XU
438.475,MHz,438.475,DMR,ED4ZAA Repetidor 432 MHz — URE Alcorcón,Radioaficionados,Nacional,URE (listado nacional oficial),SI,Repetidor de aficionado (público),-7.6 MHz · IN80EV · DMR
438.325,MHz,438.325,DMR,ED4ZAB Repetidor 432 MHz — URE Alcorcón,Radioaficionados,Nacional,URE (listado nacional oficial),SI,Repetidor de aficionado (público),-7.6 MHz · IM79DR · DMR
438.375,MHz,438.375,D-Star,ED4ZAD Repetidor 432 MHz — URE Cuenca,Radioaficionados,Nacional,URE (listado nacional oficial),SI,Repetidor de aficionado (público),-7.6 MHz · IN80WC · D-Star
438.3,MHz,438.3,DMR,ED4ZAG Repetidor 432 MHz — URE Alcorcón,Radioaficionados,Nacional,URE (listado nacional oficial),SI,Repetidor de aficionado (público),-7.6 MHz · IN80DH · DMR
438.35,MHz,438.35,D-Star,ED4ZAH Repetidor 432 MHz — URE Sierra de Guadarrama,Radioaficionados,Nacional,URE (listado nacional oficial),SI,Repetidor de aficionado (público),-7.6 MHz · IN70WR · D-Star
438.325,MHz,438.325,DMR,ED4ZAH Repetidor 432 MHz — URE Sierra de Guadarrama,Radioaficionados,Nacional,URE (listado nacional oficial),SI,Repetidor de aficionado (público),-7.6 MHz · IN70WR · DMR
438.375,MHz,438.375,C4FM,ED4ZAH Repetidor 432 MHz — URE Sierra de Guadarrama,Radioaficionados,Nacional,URE (listado nacional oficial),SI,Repetidor de aficionado (público),-7.6 MHz · IN70WR · C4FM
438.475,MHz,438.475,DMR,ED4ZAL Repetidor 432 MHz — URE Mérida,Radioaficionados,Nacional,URE (listado nacional oficial),SI,Repetidor de aficionado (público),-7.6 MHz · IM68SU · DMR
439.1,MHz,439.1,FM,ED5YAA Repetidor 432 MHz — Unión de Radioaficionados de Albacete,Radioaficionados,Nacional,URE (listado nacional oficial),SI,Repetidor de aficionado (público),-7.6 MHz · IM88TP
438.8,MHz,438.8,FM,ED5YAD Repetidor 432 MHz — R.C. Montgó,Radioaficionados,Nacional,URE (listado nacional oficial),SI,Repetidor de aficionado (público),-7.6 MHz · JM08BU
438.725,MHz,438.725,FM,ED5YAE Repetidor 432 MHz — URE Marina Baixa,Radioaficionados,Nacional,URE (listado nacional oficial),SI,Repetidor de aficionado (público),-7.6 MHz · CTCSS 79.7 · IM98WR
439,MHz,439,FM,ED5YAF Repetidor 432 MHz — URE Elda,Radioaficionados,Nacional,URE (listado nacional oficial),SI,Repetidor de aficionado (público),-7.6 MHz · CTCSS 77.0 · R720 - R84 · IM98OL
439.4,MHz,439.4,FM,ED5YAG Repetidor 432 MHz — URE Alicante,Radioaficionados,Nacional,URE (listado nacional oficial),SI,Repetidor de aficionado (público),-7.6 MHz · CTCSS 114.8 · IM98SI
439.425,MHz,439.425,FM,ED5YAJ Repetidor 432 MHz — URE Valencia,Radioaficionados,Nacional,URE (listado nacional oficial),SI,Repetidor de aficionado (público),-7.6 MHz · CTCSS 88.5 · IM99TQ
438.65,MHz,438.65,FM,ED5YAL Repetidor 432 MHz — URE Murcia,Radioaficionados,Nacional,URE (listado nacional oficial),SI,Repetidor de aficionado (público),-7.6 MHz · CTCSS 77.0 · IM97FU
439.05,MHz,439.05,FM,ED5YAM Repetidor 432 MHz — RC Montgó,Radioaficionados,Nacional,URE (listado nacional oficial),SI,Repetidor de aficionado (público),-7.6 MHz · IM98WR
438.825,MHz,438.825,FM,ED5YAS Repetidor 432 MHz — URE Maestrazgo,Radioaficionados,Nacional,URE (listado nacional oficial),SI,Repetidor de aficionado (público),-7.6 MHz · CTCSS 71.9 · JN00BO
438.7,MHz,438.7,FM,ED5YAU Repetidor 432 MHz — URE Benidorm-Marina Baixa,Radioaficionados,Nacional,URE (listado nacional oficial),SI,Repetidor de aficionado (público),-7.6 MHz · IN98WM
439.075,MHz,439.075,FM,ED5YAV Repetidor 432 MHz — RC Montgó,Radioaficionados,Nacional,URE (listado nacional oficial),SI,Repetidor de aficionado (público),-7.6 MHz · JM08BT
438.775,MHz,438.775,FM,ED5YAY Repetidor 432 MHz — URE Oeste de Valencia,Radioaficionados,Nacional,URE (listado nacional oficial),SI,Repetidor de aficionado (público),-7.6 MHz · CTCSS 77.0 · IM99NJ
439.15,MHz,439.15,FM,ED5YBA Repetidor 432 MHz — Radioclub El Campello - EA5RCK,Radioaficionados,Nacional,URE (listado nacional oficial),SI,Repetidor de aficionado (público),-7.6 MHz · IM98TK
438.875,MHz,438.875,FM,ED5YBC Repetidor 432 MHz — URE San Vicente del Raspeig,Radioaficionados,Nacional,URE (listado nacional oficial),SI,Repetidor de aficionado (público),-7.6 MHz · CTCSS 77.0 · IM98RJ
438.2,MHz,438.2,D-Star,ED5ZAB Repetidor 432 MHz — URE Valencia,Radioaficionados,Nacional,URE (listado nacional oficial),SI,Repetidor de aficionado (público),-7.6 MHz · IM99TQ · D-Star
438.35,MHz,438.35,C4FM,ED5ZAB Repetidor 432 MHz — URE Valencia,Radioaficionados,Nacional,URE (listado nacional oficial),SI,Repetidor de aficionado (público),-7.6 MHz · IM99TQ · C4FM
438.425,MHz,438.425,DMR,ED5ZAB Repetidor 432 MHz — URE Valencia,Radioaficionados,Nacional,URE (listado nacional oficial),SI,Repetidor de aficionado (público),-7.6 MHz · IM99TQ · DMR
438.3,MHz,438.3,D-Star,ED5ZAC Repetidor 432 MHz — RC Denia,Radioaficionados,Nacional,URE (listado nacional oficial),SI,Repetidor de aficionado (público),-7.6 MHz · JM08BU · D-Star
439.2,MHz,439.2,FM,ED6YAH Repetidor 432 MHz — URE Pla de Mallorca,Radioaficionados,Nacional,URE (listado nacional oficial),SI,Repetidor de aficionado (público),-7.6 MHz · JM19LM
438.25,MHz,438.25,D-Star,ED6ZAA Repetidor 432 MHz — URE Pla de Mallorca,Radioaficionados,Nacional,URE (listado nacional oficial),SI,Repetidor de aficionado (público),-7.6 MHz · JM19OK · D-Star
438.45,MHz,438.45,D-Star,ED6ZAB Repetidor 432 MHz — URE Pla de Mallorca,Radioaficionados,Nacional,URE (listado nacional oficial),SI,Repetidor de aficionado (público),-7.6 MHz · JM19KM · D-Star
439.425,MHz,439.425,FM,ED7YAB Repetidor 432 MHz — URE Córdoba,Radioaficionados,Nacional,URE (listado nacional oficial),SI,Repetidor de aficionado (público),-7.6 MHz · CTCSS 77.0 · IM77OX
438.65,MHz,438.65,FM,ED7YAE Repetidor 432 MHz — URE Málaga,Radioaficionados,Nacional,URE (listado nacional oficial),SI,Repetidor de aficionado (público),-7.6 MHz · CTCSS 82.5 · IM76QO
438.65,MHz,438.65,FM,ED7YAL Repetidor 432 MHz — URE Jaen,Radioaficionados,Nacional,URE (listado nacional oficial),SI,Repetidor de aficionado (público),-7.6 MHz · CTCSS 71.9 · IM87FR
438.925,MHz,438.925,FM,ED7YAM Repetidor 432 MHz — URE Córdoba,Radioaficionados,Nacional,URE (listado nacional oficial),SI,Repetidor de aficionado (público),-7.6 MHz · IM77OX
438.9,MHz,438.9,FM,ED7YAN Repetidor 432 MHz — URE Granada,Radioaficionados,Nacional,URE (listado nacional oficial),SI,Repetidor de aficionado (público),-7.6 MHz · CTCSS 88.5 · IM87HB
439.4,MHz,439.4,FM,ED7YAR Repetidor 432 MHz — Radio Club Sevilla,Radioaficionados,Nacional,URE (listado nacional oficial),SI,Repetidor de aficionado (público),-7.6 MHz · IM77EU
439.35,MHz,439.35,FM,ED7YAU Repetidor 432 MHz — URE San Fernando,Radioaficionados,Nacional,URE (listado nacional oficial),SI,Repetidor de aficionado (público),-7.6 MHz · IM76AT
438.95,MHz,438.95,FM,ED7YAV Repetidor 432 MHz — URE San Fernando,Radioaficionados,Nacional,URE (listado nacional oficial),SI,Repetidor de aficionado (público),-7.6 MHz · CTCSS 77.0 · IM66VM
438.85,MHz,438.85,FM,ED7YAW Repetidor 432 MHz — Asociación Radioaficionados Poniente Almería,Radioaficionados,Nacional,URE (listado nacional oficial),SI,Repetidor de aficionado (público),-7.6 MHz · IM86OV
439.025,MHz,439.025,FM,ED7YBC Repetidor 432 MHz — URE Sevilla,Radioaficionados,Nacional,URE (listado nacional oficial),SI,Repetidor de aficionado (público),-7.6 MHz · CTCSS 88.5 · IM78CB
438.525,MHz,438.525,D-Star,ED7ZAD Repetidor 432 MHz — URE Córdoba,Radioaficionados,Nacional,URE (listado nacional oficial),SI,Repetidor de aficionado (público),-7.6 MHz · IM77OW · D-Star
438.3,MHz,438.3,D-Star,ED7ZAE Repetidor 432 MHz — URE Granada,Radioaficionados,Nacional,URE (listado nacional oficial),SI,Repetidor de aficionado (público),-7.6 MHz · IM87ED · D-Star
438.3,MHz,438.3,DMR,ED7ZAF Repetidor 432 MHz — Asociación Radioaficionados Poniente Almería,Radioaficionados,Nacional,URE (listado nacional oficial),SI,Repetidor de aficionado (público),-7.6 MHz · IM86OS · DMR
438.425,MHz,438.425,DMR,ED7ZAH Repetidor 432 MHz — URE Almería,Radioaficionados,Nacional,URE (listado nacional oficial),SI,Repetidor de aficionado (público),-7.6 MHz · IM86SU · DMR
439,MHz,439,FM,ED7ZAI Repetidor 432 MHz — URE Sevilla,Radioaficionados,Nacional,URE (listado nacional oficial),SI,Repetidor de aficionado (público),-7.6 MHz · CTCSS 88.5 · IM77AJ
438.3,MHz,438.3,D-Star,ED7ZAJ Repetidor 432 MHz — URE San Fernando,Radioaficionados,Nacional,URE (listado nacional oficial),SI,Repetidor de aficionado (público),-7.6 MHz · IM76AT · D-Star
438.425,MHz,438.425,DMR,ED7ZAL Repetidor 432 MHz — URE Sevilla,Radioaficionados,Nacional,URE (listado nacional oficial),SI,Repetidor de aficionado (público),-7.6 MHz · IM67XI · DMR
438.5,MHz,438.5,C4FM,ED7ZAM Repetidor 432 MHz — URE San Fernando,Radioaficionados,Nacional,URE (listado nacional oficial),SI,Repetidor de aficionado (público),-7.6 MHz · IM66WM · C4FM
439,MHz,439,FM,ED8YAB Repetidor 432 MHz — Unión Radioaficionados Aridane,Radioaficionados,Nacional,URE (listado nacional oficial),SI,Repetidor de aficionado (público),-7.6 MHz · CTCSS 79.7 · IL18CP
438.8,MHz,438.8,FM,ED8YAM Repetidor 432 MHz — URE Las Palmas,Radioaficionados,Nacional,URE (listado nacional oficial),SI,Repetidor de aficionado (público),-7.6 MHz · CTCSS 79.7 · IL28ED
439.15,MHz,439.15,FM,ED8YAN Repetidor 432 MHz — URE Valle de la Orotava,Radioaficionados,Nacional,URE (listado nacional oficial),SI,Repetidor de aficionado (público),-7.6 MHz · CTCSS 79.7 · IL18SI
439.3,MHz,439.3,FM,ED8YAO Repetidor 432 MHz — URE Valle de la Orotava,Radioaficionados,Nacional,URE (listado nacional oficial),SI,Repetidor de aficionado (público),-7.6 MHz · CTCSS 79.7 · IL18QJ
438.4625,MHz,438.4625,D-Star,ED8ZAB Repetidor 432 MHz — RC Tuhoco de Velhoco,Radioaficionados,Nacional,URE (listado nacional oficial),SI,Repetidor de aficionado (público),-7.6 MHz · IL27FX · D-Star
438.675,MHz,438.675,FM,ED9YAB Repetidor 432 MHz — URE Sección Ceuta,Radioaficionados,Nacional,URE (listado nacional oficial),SI,Repetidor de aficionado (público),-7.6 MHz · CTCSS 82.5 · IM75IV
